OverallQual,YearBuilt,YearRemodAdd,ExterQual,BsmtQual,TotalBsmtSF,1stFlrSF,GrLivArea,FullBath,KitchenQual,TotRmsAbvGrd,FireplaceQu,GarageFinish,GarageCars,GarageArea,SalePrice
5,1961,1961,3.0,3.0,882.0,896,896,1,3.0,5,0.0,1.0,1.0,730.0,0.0
6,1958,1958,3.0,3.0,1329.0,1329,1329,1,4.0,6,0.0,1.0,1.0,312.0,0.0
5,1997,1998,3.0,4.0,928.0,928,1629,2,3.0,6,3.0,3.0,2.0,482.0,0.0
6,1998,1998,3.0,3.0,926.0,926,1604,2,4.0,7,4.0,3.0,2.0,470.0,0.0
8,1992,1992,4.0,4.0,1280.0,1280,1280,2,4.0,5,0.0,2.0,2.0,506.0,0.0
6,1993,1994,3.0,4.0,763.0,763,1655,2,3.0,7,3.0,3.0,2.0,440.0,0.0
6,1992,2007,3.0,4.0,1168.0,1187,1187,2,3.0,6,0.0,3.0,2.0,420.0,0.0
6,1998,1998,3.0,4.0,789.0,789,1465,2,3.0,7,4.0,3.0,2.0,393.0,0.0
7,1990,1990,3.0,4.0,1300.0,1341,1341,1,4.0,5,1.0,1.0,2.0,506.0,0.0
4,1970,1970,3.0,3.0,882.0,882,882,1,3.0,4,0.0,3.0,2.0,525.0,0.0
7,1999,1999,4.0,4.0,1405.0,1337,1337,2,4.0,5,2.0,3.0,2.0,511.0,0.0
6,1971,1971,3.0,3.0,483.0,483,987,1,3.0,5,0.0,1.0,1.0,264.0,0.0
5,1971,1971,3.0,3.0,525.0,525,1092,1,3.0,6,0.0,1.0,1.0,320.0,0.0
6,1975,1975,3.0,3.0,855.0,855,1456,2,4.0,6,3.0,1.0,2.0,440.0,0.0
7,1975,1975,3.0,4.0,836.0,836,836,1,3.0,4,0.0,1.0,1.0,308.0,0.0
9,2009,2010,5.0,5.0,1590.0,1627,2334,2,5.0,10,4.0,3.0,3.0,751.0,0.0
8,2009,2010,4.0,4.0,1544.0,1544,1544,2,4.0,7,0.0,2.0,3.0,868.0,0.0
9,2005,2005,4.0,5.0,1698.0,1698,1698,2,5.0,7,4.0,3.0,3.0,730.0,0.0
8,2005,2006,4.0,5.0,1822.0,1822,1822,2,5.0,8,4.0,2.0,3.0,678.0,0.0
9,2003,2004,5.0,5.0,2846.0,2696,2696,2,5.0,10,4.0,3.0,3.0,958.0,0.0
8,2002,2002,4.0,4.0,1671.0,1687,2250,2,4.0,7,5.0,3.0,3.0,756.0,0.0
8,2006,2006,4.0,4.0,1370.0,1370,1370,2,4.0,6,4.0,2.0,2.0,484.0,0.0
6,2005,2005,4.0,4.0,1324.0,1324,1324,2,4.0,6,0.0,3.0,2.0,430.0,0.0
7,2006,2006,4.0,4.0,1145.0,1145,1145,2,4.0,6,0.0,3.0,2.0,437.0,0.0
7,2004,2004,4.0,4.0,384.0,744,1374,2,4.0,7,4.0,3.0,2.0,400.0,0.0
7,2004,2004,4.0,4.0,847.0,847,1733,2,4.0,7,4.0,3.0,2.0,433.0,0.0
8,1998,1998,4.0,5.0,1629.0,1645,2475,2,4.0,7,3.0,3.0,3.0,962.0,0.0
8,2005,2006,4.0,4.0,1595.0,1595,1595,2,4.0,6,4.0,2.0,3.0,880.0,0.0
7,2009,2010,4.0,4.0,1218.0,1218,1218,2,4.0,4,0.0,2.0,2.0,676.0,0.0
6,2005,2005,4.0,5.0,1468.0,1468,1468,2,4.0,6,4.0,3.0,2.0,528.0,0.0
7,2004,2004,4.0,4.0,831.0,831,1659,2,4.0,8,0.0,2.0,2.0,484.0,0.0
5,1920,1950,3.0,3.0,816.0,1012,1012,1,3.0,5,0.0,1.0,1.0,429.0,0.0
6,1974,2002,3.0,3.0,1208.0,1494,1494,2,3.0,7,2.0,3.0,2.0,461.0,0.0
8,1993,1993,4.0,4.0,1231.0,1251,2349,2,4.0,9,3.0,2.0,3.0,762.0,0.0
8,1992,1993,4.0,4.0,1390.0,1402,2225,2,4.0,7,3.0,2.0,3.0,713.0,0.0
7,2004,2005,4.0,5.0,1488.0,1488,1488,2,4.0,6,4.0,3.0,2.0,506.0,0.0
7,2004,2004,4.0,4.0,840.0,840,1680,2,4.0,3,0.0,2.0,2.0,588.0,0.0
7,2004,2004,4.0,4.0,600.0,600,1200,2,4.0,4,0.0,2.0,2.0,480.0,0.0
7,2004,2005,4.0,4.0,600.0,600,1200,2,4.0,4,0.0,2.0,2.0,480.0,0.0
6,2005,2005,4.0,4.0,600.0,600,1236,2,4.0,4,0.0,2.0,2.0,480.0,0.0
6,2000,2000,4.0,4.0,756.0,756,1512,2,4.0,5,0.0,1.0,2.0,440.0,0.0
7,2003,2003,4.0,4.0,530.0,530,1080,2,4.0,4,0.0,2.0,2.0,496.0,0.0
8,2010,2010,4.0,5.0,1642.0,1418,1418,1,4.0,6,4.0,2.0,3.0,852.0,0.0
8,2000,2000,4.0,4.0,975.0,975,1848,2,4.0,7,3.0,2.0,2.0,592.0,0.0
7,2002,2002,4.0,4.0,1492.0,1492,1492,2,4.0,6,4.0,2.0,2.0,596.0,0.0
6,1967,1967,3.0,3.0,1829.0,1829,1829,2,3.0,8,0.0,2.0,2.0,535.0,0.0
6,1993,1993,3.0,4.0,1280.0,1280,2495,2,4.0,9,3.0,1.0,2.0,660.0,0.0
6,1978,1978,3.0,4.0,1224.0,1287,1891,3,3.0,7,3.0,2.0,2.0,678.0,0.0
6,1971,1971,3.0,3.0,715.0,930,1645,1,3.0,7,0.0,2.0,2.0,441.0,0.0
5,1966,1966,3.0,3.0,1232.0,1232,1232,1,3.0,6,0.0,2.0,2.0,490.0,0.0
5,1966,1966,3.0,4.0,1209.0,1209,1209,1,3.0,6,0.0,2.0,2.0,504.0,0.0
5,1967,1967,3.0,3.0,1510.0,1510,1510,2,4.0,6,0.0,2.0,2.0,517.0,0.0
6,1964,1964,3.0,3.0,533.0,1131,1775,2,3.0,8,0.0,1.0,2.0,480.0,0.0
5,1962,2001,3.0,3.0,1728.0,1728,1728,2,3.0,10,0.0,0.0,0.0,0.0,0.0
5,1952,2002,4.0,3.0,1140.0,1929,2461,2,3.0,7,4.0,1.0,2.0,400.0,0.0
6,1949,1950,3.0,3.0,782.0,1019,1556,2,3.0,6,4.0,1.0,2.0,470.0,0.0
6,1966,2008,3.0,3.0,1080.0,1128,1128,1,4.0,5,4.0,1.0,1.0,315.0,0.0
5,1958,1958,3.0,3.0,1604.0,1604,1604,2,3.0,8,0.0,1.0,2.0,576.0,0.0
7,2003,2009,4.0,4.0,1480.0,1480,1480,2,4.0,7,0.0,2.0,2.0,620.0,0.0
5,1959,1959,3.0,3.0,1143.0,1143,1143,1,3.0,6,0.0,2.0,1.0,308.0,0.0
5,1959,1959,3.0,3.0,1206.0,1206,1206,1,3.0,6,0.0,2.0,1.0,312.0,0.0
6,1959,1959,3.0,3.0,1244.0,1580,1580,1,3.0,6,4.0,1.0,2.0,440.0,0.0
4,1956,1956,3.0,3.0,832.0,832,1337,1,3.0,5,0.0,1.0,1.0,263.0,0.0
5,1952,1952,3.0,3.0,864.0,1064,1064,1,2.0,4,0.0,1.0,1.0,318.0,0.0
5,1955,1955,3.0,3.0,972.0,972,972,1,3.0,5,0.0,1.0,1.0,305.0,0.0
5,1958,1958,3.0,3.0,988.0,988,988,1,3.0,5,0.0,1.0,1.0,264.0,0.0
4,1920,1994,3.0,3.0,576.0,985,985,1,3.0,4,0.0,1.0,2.0,676.0,0.0
6,1948,2004,3.0,3.0,816.0,816,1224,1,3.0,5,0.0,1.0,1.0,280.0,0.0
5,1960,1960,3.0,3.0,1175.0,1175,1175,1,3.0,6,0.0,2.0,2.0,484.0,0.0
6,1963,1984,3.0,3.0,1395.0,1395,1395,1,3.0,7,3.0,2.0,2.0,440.0,0.0
4,1900,1954,3.0,3.0,709.0,1157,1844,1,3.0,9,4.0,1.0,1.0,240.0,0.0
5,1920,1950,3.0,3.0,936.0,936,936,1,3.0,5,4.0,0.0,0.0,0.0,0.0
5,1957,1957,3.0,3.0,1347.0,1347,1347,1,4.0,6,0.0,1.0,2.0,551.0,0.0
6,1938,2000,3.0,4.0,827.0,827,1251,1,2.0,6,0.0,1.0,1.0,240.0,0.0
5,1948,2009,3.0,3.0,1027.0,1027,1633,1,4.0,7,4.0,1.0,1.0,240.0,0.0
5,1920,1962,3.0,3.0,1008.0,1060,1245,1,3.0,6,0.0,1.0,1.0,315.0,0.0
2,1923,1970,3.0,2.0,678.0,832,832,1,3.0,5,4.0,1.0,2.0,780.0,0.0
8,1900,2003,4.0,3.0,930.0,930,1566,2,4.0,7,0.0,1.0,1.0,288.0,0.0
8,1890,2002,4.0,2.0,346.0,1157,2268,3,4.0,7,0.0,1.0,2.0,624.0,0.0
5,1910,1950,3.0,3.0,840.0,1128,2256,2,2.0,12,0.0,0.0,0.0,0.0,0.0
6,1922,1994,3.0,2.0,738.0,868,1470,1,3.0,6,0.0,1.0,2.0,624.0,0.0
5,1950,1997,3.0,3.0,988.0,1030,1612,1,3.0,7,0.0,1.0,1.0,363.0,0.0
7,1922,2005,3.0,4.0,1108.0,1160,2068,1,4.0,8,4.0,1.0,1.0,315.0,0.0
4,1925,1950,3.0,3.0,765.0,765,765,1,4.0,4,0.0,1.0,1.0,200.0,0.0
6,1939,1950,3.0,3.0,608.0,608,1132,1,3.0,5,0.0,1.0,1.0,240.0,0.0
6,1940,1950,3.0,3.0,572.0,848,1196,1,3.0,6,4.0,1.0,2.0,576.0,0.0
5,1942,1950,3.0,3.0,835.0,955,1453,1,4.0,7,2.0,1.0,1.0,240.0,0.0
6,1948,1950,3.0,3.0,780.0,780,1416,1,3.0,6,0.0,1.0,1.0,312.0,0.0
5,1936,1980,3.0,3.0,528.0,548,1040,1,3.0,5,0.0,3.0,2.0,624.0,0.0
5,1930,1950,3.0,3.0,928.0,928,1536,2,3.0,7,4.0,1.0,2.0,480.0,0.0
6,1923,1950,3.0,2.0,1124.0,1068,1068,1,3.0,5,4.0,1.0,1.0,288.0,0.0
4,1915,1950,3.0,3.0,888.0,888,1962,1,3.0,9,3.0,1.0,2.0,572.0,0.0
6,1912,2009,4.0,3.0,780.0,780,1560,1,4.0,7,0.0,0.0,0.0,0.0,0.0
6,1920,1993,3.0,3.0,662.0,662,1324,1,3.0,6,0.0,1.0,1.0,180.0,0.0
5,1959,1959,3.0,4.0,1422.0,1675,1675,2,3.0,8,4.0,1.0,1.0,365.0,0.0
5,1917,1950,3.0,4.0,689.0,725,1224,1,3.0,6,0.0,1.0,1.0,180.0,0.0
5,1915,1950,2.0,3.0,1212.0,1212,1392,1,3.0,6,0.0,0.0,0.0,0.0,0.0
6,1940,1950,3.0,2.0,600.0,600,919,1,3.0,5,0.0,1.0,1.0,231.0,0.0
4,1907,1950,3.0,3.0,707.0,942,1884,1,3.0,7,0.0,0.0,0.0,0.0,0.0
5,1910,1950,3.0,3.0,856.0,936,1680,2,3.0,7,4.0,1.0,2.0,450.0,0.0
4,1967,1967,2.0,3.0,1832.0,1832,1832,2,3.0,8,0.0,0.0,0.0,0.0,0.0
5,1966,2008,3.0,3.0,864.0,892,892,1,4.0,5,0.0,1.0,1.0,416.0,0.0
5,1968,1968,3.0,3.0,864.0,864,864,1,3.0,4,0.0,1.0,1.0,280.0,0.0
5,1978,1978,3.0,4.0,1319.0,1373,1373,1,3.0,5,3.0,3.0,2.0,591.0,0.0
5,1968,1968,3.0,3.0,720.0,720,1440,1,3.0,7,3.0,1.0,2.0,480.0,0.0
7,1977,2001,4.0,4.0,1420.0,1483,1483,1,3.0,4,3.0,2.0,2.0,690.0,0.0
4,1927,1950,3.0,2.0,660.0,756,756,1,3.0,4,0.0,1.0,2.0,440.0,0.0
6,1978,1992,3.0,4.0,1117.0,1117,1981,2,4.0,8,3.0,3.0,2.0,522.0,0.0
3,1938,1990,3.0,3.0,972.0,1052,1610,2,2.0,8,4.0,2.0,1.0,480.0,0.0
6,1950,1987,3.0,3.0,663.0,1074,1074,1,4.0,6,3.0,1.0,1.0,467.0,0.0
4,1947,1979,3.0,3.0,756.0,1169,1531,1,3.0,8,3.0,1.0,1.0,209.0,0.0
5,1954,1998,3.0,3.0,1172.0,1172,1172,1,3.0,5,0.0,3.0,1.0,366.0,0.0
7,2009,2010,4.0,4.0,1508.0,1508,1508,1,4.0,5,3.0,2.0,2.0,572.0,0.0
5,1964,1964,3.0,3.0,1250.0,1298,1298,2,3.0,5,0.0,1.0,2.0,504.0,0.0
7,1987,1987,4.0,4.0,1433.0,1433,1433,1,4.0,4,3.0,2.0,2.0,528.0,0.0
6,1993,1993,4.0,4.0,946.0,964,1802,2,4.0,8,4.0,2.0,4.0,1017.0,0.0
7,2010,2010,4.0,4.0,1222.0,1222,1222,2,4.0,6,0.0,2.0,2.0,615.0,0.0
6,1900,1993,3.0,2.0,676.0,831,1445,2,3.0,6,0.0,1.0,2.0,484.0,0.0
5,1996,1996,3.0,4.0,870.0,965,965,1,3.0,4,0.0,1.0,2.0,580.0,0.0
7,1997,1998,3.0,4.0,878.0,892,1692,2,3.0,8,3.0,2.0,2.0,513.0,0.0
5,1977,2004,4.0,4.0,1026.0,1026,1026,1,3.0,5,0.0,1.0,1.0,308.0,0.0
5,1972,1972,3.0,3.0,876.0,876,876,1,3.0,5,0.0,1.0,2.0,484.0,0.0
8,2003,2003,4.0,4.0,1978.0,1978,1978,2,4.0,8,4.0,2.0,3.0,850.0,0.0
7,1997,1997,4.0,4.0,1040.0,1044,2098,2,4.0,9,3.0,3.0,2.0,621.0,0.0
6,2003,2003,4.0,4.0,848.0,848,848,1,4.0,4,0.0,3.0,2.0,420.0,0.0
3,1945,2007,3.0,0.0,0.0,640,640,1,3.0,5,0.0,1.0,1.0,240.0,0.0
5,1954,1954,3.0,2.0,381.0,992,992,1,3.0,6,0.0,1.0,1.0,319.0,0.0
5,1968,1968,3.0,4.0,1196.0,1196,1196,1,3.0,6,0.0,2.0,1.0,336.0,0.0
4,1948,1950,3.0,3.0,744.0,792,1120,1,2.0,5,0.0,1.0,2.0,480.0,0.0
6,1975,1975,3.0,3.0,1008.0,1096,1096,1,3.0,5,2.0,1.0,1.0,352.0,0.0
4,1958,1958,3.0,3.0,960.0,960,960,1,3.0,5,0.0,0.0,0.0,0.0,0.0
5,1924,1999,3.0,3.0,1107.0,1296,1296,2,2.0,5,4.0,1.0,1.0,260.0,0.0
6,1939,1950,3.0,3.0,856.0,856,856,1,3.0,4,4.0,1.0,2.0,399.0,0.0
4,1967,1967,3.0,0.0,0.0,862,2650,3,3.0,10,0.0,0.0,0.0,0.0,0.0
5,1931,1950,3.0,3.0,894.0,894,1666,1,3.0,7,4.0,0.0,0.0,0.0,0.0
7,1941,1985,4.0,4.0,1528.0,1225,2133,1,3.0,8,3.0,1.0,1.0,312.0,0.0
5,1950,1991,3.0,3.0,1032.0,1102,2177,2,3.0,11,0.0,1.0,2.0,484.0,0.0
7,1994,2007,3.0,4.0,423.0,896,1652,2,4.0,6,0.0,2.0,2.0,473.0,0.0
8,1989,1989,4.0,4.0,982.0,1034,1034,1,4.0,4,3.0,3.0,2.0,598.0,0.0
8,1989,1989,4.0,4.0,1191.0,1191,1191,2,4.0,5,3.0,1.0,2.0,531.0,0.0
2,1941,1950,3.0,3.0,480.0,540,540,1,3.0,4,0.0,1.0,1.0,200.0,0.0
6,1921,1975,3.0,3.0,629.0,727,1107,1,3.0,5,0.0,1.0,1.0,625.0,0.0
4,1896,1950,2.0,3.0,756.0,952,952,1,3.0,5,0.0,2.0,1.0,330.0,0.0
8,2004,2005,4.0,5.0,1594.0,1646,1646,2,4.0,5,4.0,3.0,2.0,525.0,0.0
8,1998,1999,4.0,4.0,1049.0,1036,1916,2,4.0,8,3.0,1.0,3.0,741.0,0.0
6,1977,1977,3.0,3.0,1243.0,1285,1285,2,4.0,6,2.0,1.0,2.0,473.0,0.0
6,1976,1976,3.0,3.0,1958.0,2048,2048,3,3.0,9,0.0,1.0,2.0,776.0,0.0
7,2008,2008,4.0,4.0,1336.0,1346,1346,2,4.0,6,3.0,3.0,3.0,660.0,0.0
7,2009,2010,4.0,4.0,1214.0,1214,1214,2,4.0,6,0.0,2.0,2.0,520.0,0.0
5,2006,2007,3.0,4.0,384.0,744,1444,2,3.0,7,0.0,3.0,2.0,400.0,0.0
5,1965,1977,3.0,3.0,1068.0,1264,1264,1,3.0,7,3.0,1.0,2.0,528.0,0.0
5,2004,2005,3.0,5.0,1430.0,1430,1430,2,4.0,7,0.0,2.0,2.0,624.0,0.0
5,1999,1999,3.0,4.0,1344.0,1344,1344,2,3.0,7,4.0,1.0,2.0,686.0,0.0
5,1973,1973,3.0,4.0,945.0,945,945,1,3.0,5,1.0,2.0,1.0,253.0,0.0
4,1970,1970,3.0,3.0,546.0,546,1092,1,3.0,5,0.0,0.0,0.0,0.0,0.0
4,1970,1970,3.0,3.0,546.0,546,1092,1,3.0,5,0.0,0.0,0.0,0.0,0.0
4,1972,1972,3.0,3.0,546.0,546,1092,1,3.0,5,0.0,1.0,1.0,286.0,0.0
5,1971,2004,3.0,3.0,864.0,874,874,1,3.0,5,0.0,1.0,1.0,352.0,0.0
5,1984,1984,3.0,4.0,833.0,833,833,1,4.0,5,0.0,1.0,2.0,495.0,0.0
5,1985,1986,3.0,3.0,1216.0,1216,2432,4,3.0,10,0.0,1.0,2.0,616.0,0.0
5,1991,1991,3.0,4.0,624.0,624,1274,1,3.0,6,0.0,1.0,2.0,576.0,0.0
5,1969,1969,3.0,3.0,864.0,864,1479,2,3.0,8,0.0,3.0,1.0,275.0,0.0
8,1994,1995,4.0,4.0,1679.0,1803,1803,2,4.0,6,3.0,1.0,2.0,482.0,0.0
6,1993,1994,4.0,4.0,1152.0,1152,1797,2,4.0,7,2.0,3.0,2.0,616.0,0.0
6,1956,1956,3.0,2.0,882.0,882,882,1,3.0,5,0.0,1.0,1.0,502.0,0.0
6,1974,1974,3.0,3.0,1434.0,1434,1434,2,3.0,7,4.0,2.0,2.0,528.0,0.0
6,1997,1997,3.0,4.0,945.0,945,1608,2,3.0,7,3.0,3.0,2.0,470.0,0.0
8,2003,2003,4.0,4.0,1008.0,1008,2283,2,4.0,9,4.0,3.0,3.0,632.0,0.0
7,1996,1997,3.0,4.0,384.0,958,1628,2,3.0,7,3.0,3.0,2.0,390.0,0.0
8,2004,2005,4.0,5.0,2208.0,2522,2522,2,4.0,8,4.0,3.0,2.0,564.0,0.0
8,1998,1998,3.0,4.0,1418.0,1478,1478,2,3.0,5,0.0,3.0,2.0,495.0,0.0
8,1995,1996,4.0,4.0,1587.0,1734,1734,2,4.0,6,0.0,2.0,2.0,528.0,0.0
7,1998,1998,4.0,4.0,384.0,751,1382,2,3.0,7,3.0,3.0,2.0,396.0,0.0
6,1998,1999,4.0,4.0,952.0,952,1636,2,3.0,7,3.0,3.0,2.0,440.0,0.0
6,1994,1995,3.0,4.0,707.0,707,1516,2,4.0,7,3.0,3.0,2.0,409.0,0.0
6,1993,1993,3.0,4.0,1181.0,1190,1190,2,4.0,6,3.0,1.0,2.0,430.0,0.0
5,1977,1977,3.0,4.0,1122.0,946,1934,2,3.0,6,3.0,1.0,2.0,567.0,0.0
7,1978,1978,3.0,4.0,832.0,1154,2050,2,4.0,8,3.0,2.0,2.0,529.0,0.0
6,1978,1986,3.0,3.0,1427.0,1671,1671,2,3.0,7,3.0,2.0,2.0,484.0,0.0
7,1980,1991,3.0,4.0,1043.0,1539,2673,2,4.0,9,3.0,2.0,2.0,441.0,0.0
6,1978,1998,3.0,3.0,1140.0,1707,1707,2,3.0,7,3.0,3.0,2.0,479.0,0.0
7,2003,2003,4.0,4.0,926.0,1016,1884,2,5.0,7,5.0,2.0,2.0,581.0,0.0
8,2000,2001,4.0,4.0,1058.0,1058,1874,2,4.0,7,3.0,3.0,2.0,588.0,0.0
8,2002,2002,4.0,4.0,972.0,972,1811,2,4.0,7,4.0,2.0,2.0,565.0,0.0
5,1975,1975,3.0,4.0,1621.0,1621,1621,2,3.0,7,2.0,2.0,2.0,478.0,0.0
6,1974,1974,3.0,3.0,1116.0,1116,1116,2,3.0,6,3.0,2.0,2.0,528.0,0.0
7,1975,1975,3.0,3.0,1176.0,1193,1193,2,3.0,5,3.0,1.0,2.0,506.0,0.0
5,1970,1970,3.0,3.0,1180.0,1180,1180,1,3.0,6,0.0,2.0,2.0,477.0,0.0
5,1971,1971,3.0,4.0,1043.0,1050,1050,1,3.0,6,0.0,1.0,1.0,336.0,0.0
4,1970,1970,3.0,3.0,864.0,864,864,1,3.0,5,0.0,1.0,2.0,576.0,0.0
4,1971,2006,3.0,3.0,864.0,864,864,1,3.0,5,0.0,1.0,2.0,576.0,0.0
6,1973,1973,3.0,3.0,483.0,483,987,1,3.0,5,0.0,1.0,1.0,264.0,0.0
6,1972,1972,3.0,3.0,483.0,483,987,1,3.0,5,0.0,1.0,1.0,288.0,0.0
6,1976,1976,3.0,4.0,804.0,804,1548,2,3.0,7,3.0,2.0,2.0,440.0,0.0
7,1975,1975,3.0,4.0,1057.0,1055,1055,2,3.0,4,2.0,2.0,2.0,440.0,0.0
6,1977,1977,3.0,4.0,855.0,855,1456,2,3.0,6,3.0,1.0,2.0,440.0,0.0
6,1978,1978,3.0,4.0,804.0,804,1548,2,3.0,7,3.0,1.0,2.0,440.0,0.0
6,1978,1978,4.0,4.0,855.0,855,1456,2,3.0,6,3.0,3.0,2.0,440.0,0.0
7,1976,1976,3.0,3.0,836.0,836,836,1,3.0,5,0.0,1.0,1.0,345.0,0.0
5,1966,2004,4.0,3.0,864.0,1120,1120,1,3.0,5,3.0,2.0,2.0,656.0,0.0
9,2007,2007,5.0,5.0,1776.0,1794,2772,3,5.0,10,4.0,3.0,3.0,754.0,0.0
9,2009,2009,4.0,5.0,1365.0,1365,2690,2,5.0,8,4.0,2.0,3.0,864.0,0.0
9,2008,2008,5.0,5.0,2020.0,2020,2020,2,5.0,7,4.0,2.0,3.0,896.0,0.0
10,2007,2007,5.0,5.0,2630.0,2674,2674,2,5.0,8,4.0,3.0,3.0,762.0,0.0
9,2008,2008,5.0,5.0,1736.0,1736,1736,2,5.0,7,4.0,2.0,3.0,834.0,0.0
8,2004,2005,4.0,5.0,1782.0,1782,1782,2,4.0,7,4.0,3.0,3.0,932.0,0.0
8,2007,2007,4.0,5.0,1508.0,1508,2520,2,5.0,10,4.0,3.0,3.0,640.0,0.0
9,2008,2008,5.0,5.0,1739.0,1743,1743,2,5.0,8,4.0,2.0,3.0,927.0,0.0
9,2006,2006,4.0,5.0,1504.0,1531,1531,2,5.0,6,4.0,3.0,3.0,700.0,0.0
9,2008,2008,5.0,5.0,1774.0,1808,1808,2,5.0,7,4.0,3.0,3.0,850.0,0.0
7,2003,2004,4.0,4.0,1760.0,1760,1760,2,4.0,8,4.0,3.0,2.0,583.0,0.0
9,2003,2003,4.0,5.0,2452.0,2452,2452,2,5.0,10,4.0,3.0,3.0,886.0,0.0
8,2003,2004,4.0,4.0,1082.0,1105,2400,3,4.0,10,4.0,3.0,3.0,730.0,0.0
8,2006,2006,4.0,4.0,1598.0,1606,1606,2,4.0,6,4.0,2.0,3.0,871.0,0.0
6,2005,2005,4.0,4.0,1358.0,1358,1358,2,4.0,6,4.0,2.0,2.0,484.0,0.0
6,2005,2005,4.0,4.0,1306.0,1306,1306,2,4.0,5,4.0,2.0,2.0,624.0,0.0
7,2007,2008,4.0,4.0,1350.0,1358,1358,2,4.0,6,4.0,2.0,2.0,484.0,0.0
10,2004,2005,5.0,5.0,2492.0,2492,2492,2,5.0,8,5.0,3.0,3.0,949.0,0.0
8,2003,2004,4.0,5.0,2200.0,2200,2200,2,5.0,8,4.0,3.0,3.0,685.0,0.0
9,2008,2009,5.0,5.0,1884.0,1884,1884,2,5.0,6,4.0,3.0,2.0,649.0,0.0
9,2008,2008,5.0,5.0,1451.0,1456,1456,2,5.0,6,4.0,2.0,2.0,539.0,0.0
8,2002,2003,4.0,5.0,1712.0,1712,1712,2,4.0,8,4.0,2.0,3.0,701.0,0.0
7,2003,2003,4.0,4.0,1405.0,1405,1405,2,4.0,6,3.0,2.0,2.0,478.0,0.0
7,2005,2005,4.0,4.0,728.0,728,1456,2,4.0,8,4.0,3.0,2.0,390.0,0.0
6,2005,2006,4.0,4.0,745.0,745,1490,2,4.0,7,4.0,3.0,2.0,392.0,0.0
7,2005,2006,4.0,4.0,1220.0,1220,1220,2,4.0,5,4.0,3.0,2.0,397.0,0.0
7,2004,2005,4.0,4.0,384.0,744,1374,2,4.0,6,4.0,3.0,2.0,400.0,0.0
7,2004,2005,4.0,4.0,868.0,868,1630,2,4.0,7,4.0,3.0,2.0,436.0,0.0
7,2004,2004,4.0,4.0,846.0,846,1594,2,4.0,7,4.0,3.0,2.0,434.0,0.0
7,2003,2003,4.0,4.0,782.0,806,1489,2,4.0,8,4.0,3.0,2.0,400.0,0.0
7,2003,2003,4.0,4.0,698.0,698,1342,2,4.0,7,3.0,3.0,2.0,393.0,0.0
8,2002,2002,4.0,5.0,870.0,878,2004,2,4.0,8,4.0,3.0,3.0,644.0,0.0
7,2004,2004,4.0,4.0,384.0,744,1374,2,4.0,7,0.0,3.0,2.0,400.0,0.0
6,2000,2000,3.0,4.0,794.0,819,1514,2,3.0,7,3.0,3.0,2.0,394.0,0.0
7,1999,2000,3.0,4.0,384.0,774,1430,2,3.0,7,3.0,2.0,2.0,400.0,0.0
7,1999,1999,4.0,4.0,1177.0,1223,2312,2,4.0,8,3.0,3.0,3.0,658.0,0.0
7,1999,1999,3.0,3.0,384.0,774,1430,2,3.0,7,3.0,3.0,2.0,410.0,0.0
8,2000,2000,4.0,4.0,1455.0,1466,2687,2,4.0,10,3.0,2.0,3.0,810.0,0.0
8,1994,1995,4.0,4.0,2024.0,2063,2063,2,4.0,7,4.0,3.0,3.0,815.0,0.0
7,1995,1996,4.0,4.0,1070.0,1094,2061,2,4.0,7,3.0,3.0,2.0,647.0,0.0
8,1993,1994,4.0,4.0,1173.0,1215,2232,2,4.0,8,3.0,2.0,2.0,623.0,0.0
8,2008,2008,4.0,4.0,1696.0,1696,1696,2,4.0,7,0.0,2.0,3.0,972.0,0.0
8,2008,2008,4.0,4.0,1614.0,1658,1658,2,4.0,7,4.0,3.0,3.0,726.0,0.0
8,2007,2007,4.0,4.0,1702.0,1702,1702,2,4.0,7,4.0,2.0,3.0,844.0,0.0
8,2006,2006,4.0,5.0,1422.0,1432,1432,2,4.0,7,4.0,3.0,2.0,492.0,0.0
9,2005,2006,5.0,5.0,2458.0,2490,2490,2,5.0,9,4.0,3.0,3.0,795.0,0.0
7,2008,2009,4.0,5.0,1436.0,1436,1436,2,4.0,6,0.0,3.0,2.0,529.0,0.0
7,2008,2008,4.0,4.0,1402.0,1402,1402,2,4.0,7,0.0,2.0,2.0,625.0,0.0
9,2007,2008,4.0,4.0,1530.0,1530,1530,2,4.0,7,4.0,2.0,3.0,984.0,0.0
8,2006,2007,4.0,4.0,1372.0,1448,1448,2,4.0,6,4.0,2.0,2.0,692.0,0.0
8,2006,2006,4.0,5.0,900.0,909,1795,2,4.0,8,4.0,3.0,3.0,782.0,0.0
8,2008,2009,4.0,4.0,1836.0,1836,1836,2,4.0,8,4.0,3.0,2.0,517.0,0.0
7,2006,2007,4.0,4.0,1652.0,1662,1662,2,5.0,8,4.0,2.0,3.0,711.0,0.0
7,2003,2004,4.0,4.0,1553.0,1553,1553,2,4.0,6,0.0,2.0,2.0,588.0,0.0
7,2003,2003,4.0,4.0,812.0,812,1653,2,4.0,6,0.0,2.0,2.0,628.0,0.0
7,2007,2007,4.0,4.0,1218.0,1218,1218,1,4.0,6,0.0,2.0,2.0,576.0,0.0
7,2006,2006,4.0,4.0,1141.0,1141,1141,1,4.0,6,0.0,2.0,2.0,484.0,0.0
6,2004,2004,3.0,4.0,1158.0,1158,1158,1,4.0,5,0.0,0.0,0.0,0.0,0.0
7,2004,2004,4.0,4.0,835.0,871,1812,2,4.0,8,0.0,2.0,2.0,478.0,0.0
8,2004,2004,4.0,4.0,1512.0,1512,1512,2,4.0,6,0.0,2.0,3.0,845.0,0.0
7,2004,2005,4.0,4.0,1114.0,1114,1114,1,4.0,6,0.0,1.0,2.0,576.0,0.0
5,2004,2004,3.0,4.0,1114.0,1114,1114,1,4.0,6,0.0,0.0,0.0,0.0,0.0
5,2003,2004,3.0,4.0,1114.0,1114,1114,2,4.0,6,0.0,1.0,2.0,576.0,0.0
7,2008,2009,4.0,4.0,1450.0,1450,1450,2,4.0,6,0.0,2.0,3.0,788.0,0.0
7,1996,1997,4.0,4.0,913.0,913,2122,2,4.0,8,3.0,2.0,2.0,559.0,0.0
6,1992,1992,4.0,4.0,816.0,833,1730,2,4.0,6,0.0,2.0,2.0,528.0,0.0
6,1990,1991,4.0,4.0,1332.0,1332,1332,2,4.0,5,0.0,2.0,2.0,542.0,0.0
7,1994,1994,4.0,4.0,754.0,754,1540,2,4.0,6,0.0,2.0,2.0,495.0,0.0
6,1986,1986,3.0,4.0,676.0,698,1400,2,3.0,6,0.0,2.0,2.0,465.0,0.0
6,1981,1981,3.0,0.0,0.0,964,1882,2,3.0,8,3.0,1.0,2.0,612.0,0.0
5,1962,1962,3.0,3.0,980.0,980,980,1,3.0,5,0.0,1.0,2.0,400.0,0.0
5,1961,1961,3.0,3.0,864.0,864,864,1,3.0,5,0.0,1.0,2.0,732.0,0.0
5,1961,1961,3.0,3.0,864.0,864,864,1,3.0,5,0.0,1.0,1.0,440.0,0.0
5,1965,1965,3.0,3.0,1024.0,1020,1020,2,3.0,5,0.0,1.0,1.0,288.0,0.0
5,1963,1995,4.0,3.0,912.0,912,912,1,4.0,6,0.0,2.0,1.0,300.0,0.0
5,1962,1962,3.0,3.0,912.0,912,912,1,3.0,6,0.0,1.0,1.0,252.0,0.0
8,1980,1980,4.0,4.0,2014.0,2014,2014,2,4.0,6,4.0,2.0,3.0,864.0,0.0
7,1991,2008,4.0,4.0,975.0,975,1755,2,4.0,7,3.0,1.0,2.0,524.0,0.0
7,2004,2005,4.0,4.0,1376.0,1376,3005,2,4.0,9,3.0,3.0,3.0,704.0,0.0
6,2008,2008,4.0,4.0,1726.0,1726,1726,2,4.0,6,4.0,3.0,2.0,561.0,0.0
6,2008,2008,4.0,4.0,1145.0,1256,1256,1,4.0,5,4.0,3.0,2.0,641.0,0.0
6,2000,2000,4.0,4.0,756.0,756,1512,2,4.0,4,0.0,1.0,2.0,440.0,0.0
7,1999,1999,4.0,4.0,691.0,713,1452,2,4.0,6,0.0,1.0,2.0,506.0,0.0
8,1977,2008,5.0,4.0,1694.0,1694,1694,2,5.0,5,4.0,3.0,2.0,642.0,0.0
7,1981,1981,4.0,4.0,1740.0,1740,1740,1,4.0,7,0.0,2.0,2.0,540.0,0.0
8,1976,1976,4.0,3.0,392.0,1487,2499,2,3.0,5,4.0,1.0,2.0,527.0,0.0
7,1974,1974,3.0,3.0,752.0,1285,2067,2,4.0,7,3.0,2.0,2.0,784.0,0.0
6,1967,1997,3.0,3.0,932.0,1271,2640,2,4.0,8,3.0,2.0,2.0,515.0,0.0
5,1969,1969,3.0,4.0,1288.0,1336,1336,2,3.0,6,2.0,2.0,2.0,502.0,0.0
6,1969,1969,3.0,3.0,1216.0,1216,1216,1,3.0,5,0.0,1.0,1.0,336.0,0.0
7,1977,1992,3.0,4.0,908.0,1316,2288,1,4.0,8,3.0,2.0,2.0,520.0,0.0
5,1967,1967,3.0,3.0,864.0,864,864,1,3.0,5,0.0,3.0,1.0,312.0,0.0
5,1967,1967,3.0,3.0,1568.0,1568,1568,1,3.0,7,0.0,1.0,2.0,440.0,0.0
7,1974,1974,3.0,3.0,1165.0,1165,2061,2,3.0,8,3.0,2.0,2.0,498.0,0.0
6,1971,1971,3.0,4.0,1232.0,1320,1320,2,3.0,5,4.0,2.0,2.0,495.0,0.0
4,1960,1960,3.0,3.0,894.0,894,894,1,3.0,5,1.0,1.0,2.0,396.0,0.0
5,1959,1959,3.0,3.0,864.0,864,864,1,3.0,5,0.0,1.0,1.0,308.0,0.0
4,1957,1957,3.0,3.0,1040.0,1362,1362,1,3.0,6,4.0,2.0,3.0,768.0,0.0
5,1956,1956,3.0,3.0,1048.0,1728,1728,2,3.0,7,4.0,1.0,2.0,576.0,0.0
5,1961,1995,3.0,3.0,1313.0,1313,1313,1,4.0,6,3.0,2.0,2.0,610.0,0.0
5,1964,1964,3.0,3.0,1292.0,1292,1292,1,3.0,6,4.0,1.0,2.0,520.0,0.0
5,1965,1965,3.0,3.0,744.0,825,2140,2,3.0,7,3.0,3.0,2.0,549.0,0.0
6,1961,1961,3.0,3.0,1208.0,1576,1576,1,4.0,7,1.0,3.0,2.0,368.0,0.0
5,1955,1955,3.0,3.0,960.0,960,960,1,3.0,5,0.0,2.0,1.0,330.0,0.0
6,1967,1967,4.0,3.0,1680.0,1691,1691,1,3.0,5,0.0,1.0,2.0,550.0,0.0
6,1961,1961,3.0,3.0,1453.0,1453,1453,2,3.0,6,3.0,2.0,2.0,530.0,0.0
6,1966,2008,3.0,3.0,1562.0,1567,1567,2,4.0,5,4.0,1.0,2.0,542.0,0.0
5,1956,1956,4.0,3.0,1169.0,1144,1144,1,3.0,6,0.0,2.0,1.0,286.0,0.0
7,1960,1960,3.0,3.0,1329.0,1329,1329,1,3.0,5,4.0,1.0,2.0,441.0,0.0
6,1959,1998,4.0,3.0,988.0,988,988,2,4.0,6,0.0,1.0,1.0,297.0,0.0
5,1956,1956,3.0,3.0,1202.0,1202,1202,1,3.0,6,0.0,2.0,1.0,304.0,0.0
5,1955,1955,3.0,3.0,1382.0,1382,1382,1,4.0,6,0.0,1.0,1.0,350.0,0.0
4,1956,1956,3.0,3.0,1200.0,1200,1200,1,3.0,6,4.0,1.0,1.0,294.0,0.0
5,1958,1958,3.0,3.0,1866.0,1866,1866,2,3.0,8,0.0,1.0,2.0,495.0,0.0
6,1954,1954,3.0,3.0,1062.0,1062,1062,1,3.0,6,0.0,1.0,1.0,297.0,0.0
5,1951,1951,3.0,3.0,631.0,1112,1112,1,3.0,5,0.0,1.0,2.0,480.0,0.0
5,1945,1950,3.0,3.0,793.0,793,793,1,2.0,4,0.0,1.0,1.0,240.0,0.0
5,1952,2005,4.0,3.0,1031.0,1031,1031,1,4.0,5,0.0,1.0,1.0,230.0,0.0
5,1953,1953,3.0,0.0,0.0,1210,1210,1,3.0,7,0.0,3.0,1.0,616.0,0.0
7,1948,1999,3.0,3.0,699.0,801,1527,1,3.0,6,4.0,1.0,2.0,410.0,0.0
5,1950,1950,3.0,3.0,1200.0,1200,1200,1,3.0,6,0.0,3.0,1.0,246.0,0.0
3,1958,1958,3.0,3.0,792.0,792,792,1,3.0,4,0.0,1.0,1.0,366.0,0.0
5,1939,2006,3.0,3.0,676.0,676,1352,2,4.0,7,0.0,1.0,2.0,720.0,0.0
4,1900,2003,4.0,2.0,405.0,717,1039,1,3.0,6,0.0,1.0,1.0,281.0,0.0
5,1925,1950,3.0,3.0,1054.0,1078,1078,1,5.0,6,0.0,1.0,1.0,264.0,0.0
4,1915,1950,3.0,3.0,1313.0,1313,2377,2,4.0,8,3.0,1.0,2.0,528.0,0.0
7,1910,2008,4.0,3.0,560.0,930,1690,2,4.0,5,0.0,1.0,2.0,624.0,0.0
2,1940,1950,2.0,2.0,416.0,599,599,1,4.0,4,0.0,0.0,0.0,0.0,0.0
5,1920,1950,3.0,3.0,720.0,846,846,1,4.0,4,0.0,3.0,2.0,576.0,0.0
3,1890,1998,3.0,3.0,630.0,725,725,1,3.0,4,0.0,1.0,1.0,320.0,0.0
6,1969,1969,3.0,3.0,1248.0,1248,2544,2,3.0,12,0.0,2.0,3.0,907.0,0.0
6,1963,1963,3.0,3.0,1380.0,1380,1380,1,3.0,6,0.0,1.0,1.0,364.0,0.0
6,1967,1967,2.0,3.0,1040.0,1040,1040,1,3.0,6,1.0,2.0,2.0,480.0,0.0
6,1958,2007,4.0,3.0,951.0,951,951,1,4.0,6,0.0,1.0,2.0,480.0,0.0
6,1957,1957,3.0,3.0,1105.0,1105,1105,1,3.0,5,0.0,1.0,1.0,308.0,0.0
6,1958,1958,3.0,4.0,160.0,1142,1142,1,3.0,5,4.0,2.0,1.0,384.0,0.0
6,1950,1950,3.0,3.0,795.0,765,1133,1,3.0,5,0.0,1.0,2.0,900.0,0.0
5,1958,1958,3.0,3.0,1041.0,1041,1041,1,3.0,6,0.0,2.0,1.0,294.0,0.0
5,1952,1952,3.0,3.0,732.0,732,732,1,3.0,4,0.0,1.0,1.0,240.0,0.0
5,1959,1959,3.0,4.0,528.0,1183,1183,1,3.0,6,0.0,2.0,1.0,288.0,0.0
4,1949,1996,3.0,3.0,832.0,832,1461,2,3.0,6,0.0,1.0,1.0,384.0,0.0
6,1948,1994,3.0,3.0,864.0,1064,1495,1,3.0,6,0.0,1.0,2.0,576.0,0.0
6,1964,1964,3.0,3.0,780.0,993,1806,1,3.0,8,0.0,1.0,2.0,483.0,0.0
5,1978,1978,3.0,4.0,941.0,941,941,1,4.0,4,0.0,1.0,2.0,564.0,0.0
6,1963,1963,3.0,3.0,1045.0,1045,1045,1,3.0,6,2.0,2.0,1.0,264.0,0.0
6,1935,1998,3.0,3.0,901.0,861,1378,1,4.0,6,0.0,1.0,1.0,162.0,0.0
6,1910,1950,3.0,3.0,972.0,972,1944,2,3.0,12,0.0,1.0,2.0,324.0,0.0
5,1910,2003,3.0,3.0,240.0,810,1306,1,4.0,6,0.0,1.0,2.0,472.0,0.0
5,1910,2002,4.0,3.0,504.0,764,1464,2,3.0,7,0.0,0.0,0.0,0.0,0.0
5,1939,1950,3.0,3.0,690.0,868,1558,1,3.0,7,4.0,1.0,2.0,400.0,0.0
4,1920,1950,2.0,2.0,600.0,1101,1701,2,2.0,8,0.0,0.0,0.0,0.0,0.0
5,1910,1950,3.0,2.0,801.0,801,1447,1,3.0,6,0.0,0.0,0.0,0.0,0.0
5,1950,1970,3.0,3.0,768.0,768,1328,1,3.0,6,0.0,1.0,1.0,308.0,0.0
4,1920,1950,3.0,2.0,861.0,861,861,1,3.0,5,0.0,1.0,2.0,288.0,0.0
2,1940,1950,3.0,0.0,0.0,612,612,1,3.0,4,0.0,1.0,1.0,308.0,0.0
5,1923,1950,4.0,2.0,624.0,792,792,1,3.0,5,0.0,1.0,1.0,287.0,0.0
4,1910,1950,4.0,2.0,677.0,833,1510,2,4.0,7,0.0,1.0,2.0,720.0,0.0
6,1900,1950,3.0,2.0,917.0,1090,2007,2,5.0,8,0.0,1.0,1.0,357.0,0.0
6,1917,2007,3.0,3.0,624.0,664,1288,1,5.0,5,4.0,1.0,1.0,280.0,0.0
4,1910,1950,3.0,3.0,624.0,816,816,1,3.0,5,4.0,0.0,0.0,0.0,0.0
6,1920,1950,2.0,3.0,972.0,1044,1480,1,3.0,6,0.0,1.0,1.0,207.0,0.0
6,1910,2002,3.0,3.0,741.0,780,1521,1,4.0,8,0.0,1.0,3.0,640.0,0.0
3,1900,1950,3.0,2.0,245.0,797,797,1,3.0,5,0.0,0.0,0.0,0.0,0.0
6,1923,1950,3.0,3.0,1022.0,1432,1432,1,4.0,6,4.0,1.0,1.0,216.0,0.0
5,1930,1982,3.0,3.0,297.0,1001,1654,2,3.0,7,4.0,1.0,1.0,336.0,0.0
5,1924,1950,3.0,3.0,468.0,822,1142,1,3.0,6,0.0,3.0,1.0,320.0,0.0
5,1925,1999,3.0,3.0,960.0,995,995,1,3.0,5,0.0,1.0,1.0,264.0,0.0
5,1938,1950,3.0,3.0,952.0,994,1582,2,3.0,6,4.0,1.0,1.0,250.0,0.0
5,1925,1950,3.0,3.0,1072.0,1072,1072,1,3.0,5,0.0,1.0,5.0,1184.0,0.0
6,1915,1950,3.0,3.0,1048.0,1048,1768,2,3.0,8,0.0,1.0,2.0,576.0,0.0
7,1915,1994,3.0,3.0,672.0,1272,1944,2,3.0,8,0.0,1.0,1.0,216.0,0.0
5,1922,1950,3.0,3.0,1040.0,1088,2128,2,3.0,11,0.0,0.0,0.0,0.0,0.0
6,1927,1950,3.0,3.0,720.0,1146,1930,2,3.0,8,0.0,1.0,1.0,316.0,0.0
6,1915,2002,3.0,3.0,483.0,741,1427,1,4.0,7,0.0,1.0,1.0,379.0,0.0
7,1902,2000,3.0,3.0,1020.0,978,1864,2,3.0,9,0.0,0.0,0.0,0.0,0.0
6,1927,1950,3.0,3.0,1204.0,1204,1666,1,3.0,4,0.0,1.0,1.0,384.0,0.0
4,1923,1950,3.0,4.0,858.0,892,892,1,4.0,5,0.0,0.0,0.0,0.0,0.0
6,1915,1965,3.0,3.0,698.0,754,1403,1,3.0,7,0.0,1.0,1.0,308.0,0.0
4,1946,2001,3.0,2.0,560.0,704,704,1,2.0,4,0.0,1.0,1.0,220.0,0.0
5,1987,1988,3.0,4.0,1200.0,1200,1200,3,3.0,5,0.0,0.0,0.0,0.0,0.0
5,1978,1978,3.0,4.0,1152.0,1152,1152,2,3.0,6,0.0,1.0,1.0,252.0,0.0
5,1934,1950,3.0,3.0,585.0,687,1112,2,3.0,6,0.0,1.0,1.0,226.0,0.0
5,1967,1967,3.0,3.0,1052.0,1052,1052,1,3.0,6,1.0,3.0,1.0,668.0,0.0
6,1978,1978,3.0,4.0,456.0,1034,1034,1,3.0,5,2.0,3.0,2.0,504.0,0.0
5,1961,1961,3.0,3.0,552.0,904,1774,2,3.0,8,3.0,1.0,1.0,384.0,0.0
6,1960,1960,3.0,3.0,1138.0,1138,1138,1,3.0,6,3.0,2.0,2.0,480.0,0.0
5,1956,1956,3.0,3.0,825.0,2071,2071,1,3.0,9,3.0,1.0,1.0,336.0,0.0
2,1947,1950,3.0,0.0,0.0,660,660,1,2.0,5,0.0,0.0,0.0,0.0,0.0
4,1954,1954,3.0,0.0,0.0,1383,1383,1,3.0,6,0.0,1.0,2.0,498.0,0.0
5,1956,1956,3.0,3.0,1073.0,1073,1073,1,3.0,5,0.0,1.0,1.0,340.0,0.0
6,1946,1950,3.0,3.0,747.0,892,1639,1,4.0,6,4.0,1.0,1.0,240.0,0.0
5,1954,1954,3.0,4.0,1089.0,1089,1089,1,3.0,5,4.0,2.0,1.0,252.0,0.0
5,1984,1984,4.0,4.0,1049.0,1049,1049,2,4.0,5,0.0,3.0,1.0,266.0,0.0
7,1990,1991,4.0,4.0,1054.0,1061,1061,1,4.0,4,0.0,1.0,2.0,462.0,0.0
6,1983,1983,4.0,4.0,520.0,1338,1338,1,4.0,5,1.0,1.0,2.0,576.0,0.0
7,1993,1994,4.0,4.0,1079.0,1079,1879,2,4.0,8,3.0,2.0,2.0,473.0,0.0
5,1880,2007,4.0,0.0,0.0,1288,2016,1,3.0,7,3.0,1.0,2.0,576.0,0.0
5,1979,1979,3.0,0.0,0.0,1114,2228,2,3.0,8,0.0,1.0,2.0,720.0,0.0
5,1979,1979,3.0,0.0,0.0,1535,1535,2,3.0,8,0.0,1.0,2.0,400.0,0.0
5,1979,1979,3.0,4.0,1094.0,1229,1229,0,4.0,6,3.0,1.0,2.0,672.0,0.0
5,1979,1979,3.0,0.0,0.0,1513,1513,2,3.0,8,0.0,1.0,2.0,400.0,0.0
7,2000,2000,3.0,5.0,1168.0,1168,2787,4,3.0,8,3.0,3.0,4.0,820.0,0.0
7,2000,2000,3.0,5.0,1168.0,1168,2787,4,3.0,8,3.0,3.0,4.0,820.0,0.0
7,2000,2000,3.0,5.0,1168.0,1168,2787,4,3.0,8,3.0,3.0,4.0,820.0,0.0
9,2009,2009,5.0,5.0,1555.0,1680,1680,1,5.0,8,4.0,3.0,3.0,1138.0,0.0
9,2008,2008,5.0,5.0,1720.0,1720,1720,2,5.0,8,4.0,2.0,3.0,846.0,0.0
8,2008,2008,4.0,4.0,1468.0,1468,1468,2,4.0,6,4.0,2.0,3.0,904.0,0.0
8,2007,2008,4.0,5.0,1838.0,1838,1838,2,4.0,7,4.0,2.0,2.0,524.0,0.0
7,2007,2007,4.0,4.0,1282.0,1290,1290,2,4.0,6,4.0,2.0,2.0,662.0,0.0
8,2008,2008,4.0,4.0,1254.0,1254,1254,2,4.0,5,0.0,2.0,3.0,810.0,0.0
8,2005,2006,4.0,5.0,1498.0,1498,1498,2,4.0,7,4.0,3.0,3.0,844.0,0.0
6,2005,2006,4.0,4.0,704.0,704,1422,2,4.0,7,4.0,3.0,2.0,440.0,0.0
7,1992,1993,4.0,4.0,1449.0,944,1759,2,4.0,7,3.0,1.0,2.0,525.0,0.0
5,1994,1994,3.0,3.0,990.0,990,990,1,3.0,5,0.0,2.0,1.0,440.0,0.0
7,1998,1998,3.0,4.0,1463.0,1463,1463,2,3.0,5,0.0,3.0,2.0,539.0,0.0
6,1998,1998,3.0,4.0,928.0,928,1772,2,3.0,7,3.0,2.0,2.0,492.0,0.0
7,2002,2001,4.0,4.0,1431.0,1444,1444,2,4.0,6,0.0,2.0,2.0,577.0,0.0
7,2001,2001,4.0,4.0,1492.0,1492,1492,2,4.0,6,3.0,2.0,2.0,608.0,0.0
5,1978,1978,3.0,4.0,907.0,907,907,1,3.0,5,0.0,1.0,1.0,343.0,0.0
5,1979,1979,3.0,3.0,914.0,914,914,1,3.0,5,0.0,1.0,2.0,444.0,0.0
7,2002,2002,4.0,4.0,1569.0,1611,1611,2,4.0,6,0.0,2.0,3.0,1231.0,0.0
8,2003,2003,4.0,4.0,1068.0,1068,2184,2,4.0,8,4.0,2.0,2.0,570.0,0.0
7,2002,2002,4.0,4.0,840.0,840,1725,2,4.0,6,0.0,2.0,2.0,550.0,0.0
7,2001,2001,4.0,4.0,944.0,944,1870,2,4.0,6,0.0,2.0,2.0,608.0,0.0
8,1999,2000,4.0,4.0,1462.0,1513,1513,2,4.0,5,3.0,3.0,2.0,521.0,0.0
8,2002,2003,4.0,5.0,1822.0,1828,1828,2,4.0,7,4.0,3.0,2.0,523.0,0.0
7,1997,1998,4.0,4.0,1417.0,1417,1417,2,4.0,7,3.0,1.0,2.0,511.0,0.0
8,2007,2007,4.0,4.0,1578.0,1602,1602,2,4.0,7,4.0,2.0,3.0,810.0,0.0
6,2007,2007,4.0,4.0,608.0,608,1396,2,4.0,6,4.0,3.0,2.0,440.0,0.0
4,1960,1971,3.0,3.0,1014.0,1149,1149,1,3.0,7,0.0,3.0,1.0,544.0,0.0
6,2005,2006,3.0,4.0,547.0,1072,1072,1,3.0,5,0.0,3.0,2.0,525.0,0.0
4,1959,1959,3.0,3.0,876.0,876,876,1,3.0,5,0.0,1.0,1.0,320.0,0.0
5,1950,1950,3.0,2.0,1078.0,1368,1368,1,3.0,6,0.0,2.0,1.0,195.0,0.0
5,1959,1959,3.0,3.0,1678.0,1678,1678,2,3.0,10,0.0,0.0,0.0,0.0,0.0
5,1956,1956,3.0,3.0,1150.0,1560,1560,1,3.0,7,3.0,1.0,1.0,313.0,0.0
5,1941,1950,3.0,3.0,720.0,854,1298,1,3.0,6,4.0,1.0,1.0,256.0,0.0
5,1938,1950,3.0,3.0,832.0,832,1268,1,3.0,7,4.0,1.0,1.0,250.0,0.0
6,1935,1950,3.0,3.0,583.0,647,1242,1,3.0,6,4.0,1.0,1.0,180.0,0.0
6,1916,2000,4.0,3.0,816.0,1232,1232,1,4.0,6,4.0,1.0,2.0,440.0,0.0
7,1918,1990,3.0,3.0,600.0,628,1228,1,3.0,6,4.0,1.0,1.0,215.0,0.0
5,1940,1950,3.0,3.0,840.0,840,1567,1,3.0,6,3.0,1.0,2.0,440.0,0.0
5,1960,1960,3.0,3.0,1273.0,1273,1273,1,3.0,5,0.0,1.0,1.0,307.0,0.0
7,1940,1950,3.0,3.0,920.0,1240,2480,2,3.0,13,4.0,1.0,2.0,400.0,0.0
5,1954,1954,3.0,3.0,1112.0,1112,1112,1,3.0,6,4.0,1.0,1.0,390.0,0.0
6,1960,1960,3.0,3.0,1561.0,1561,1561,2,3.0,6,4.0,3.0,2.0,463.0,0.0
5,1949,2005,3.0,3.0,1067.0,986,1523,2,2.0,7,3.0,1.0,1.0,295.0,0.0
6,1954,1954,3.0,3.0,1310.0,1906,1906,1,3.0,6,4.0,1.0,2.0,576.0,0.0
6,1980,1980,3.0,3.0,516.0,516,1032,1,3.0,5,3.0,1.0,2.0,452.0,0.0
6,1980,1992,3.0,4.0,561.0,561,1229,1,4.0,5,3.0,3.0,2.0,462.0,0.0
6,1980,1980,3.0,4.0,561.0,561,1229,1,3.0,5,3.0,3.0,2.0,462.0,0.0
6,1986,1986,3.0,3.0,572.0,1182,1982,2,3.0,6,3.0,3.0,2.0,501.0,0.0
7,1971,2009,4.0,4.0,1803.0,2365,2365,2,5.0,7,4.0,3.0,2.0,551.0,0.0
5,1900,1993,3.0,3.0,760.0,928,2168,2,4.0,11,0.0,1.0,2.0,576.0,0.0
4,1925,1950,3.0,3.0,572.0,572,572,1,3.0,4,0.0,1.0,1.0,200.0,0.0
8,2007,2008,5.0,5.0,1596.0,1648,1648,2,5.0,5,4.0,3.0,2.0,482.0,0.0
2,1910,1950,2.0,0.0,0.0,810,810,1,3.0,4,0.0,1.0,1.0,280.0,0.0
8,2000,2001,4.0,4.0,1107.0,1040,2052,2,4.0,7,3.0,3.0,3.0,642.0,0.0
6,1977,1977,3.0,3.0,902.0,926,926,1,3.0,5,3.0,1.0,1.0,351.0,0.0
6,1977,1977,3.0,4.0,957.0,1287,1287,1,3.0,5,2.0,2.0,2.0,541.0,0.0
5,1991,1991,3.0,4.0,1582.0,1595,1595,2,3.0,5,0.0,1.0,2.0,672.0,0.0
9,2008,2008,5.0,5.0,2190.0,2036,2036,2,5.0,9,5.0,3.0,3.0,780.0,0.0
9,2008,2008,5.0,5.0,1641.0,1641,1641,2,5.0,7,0.0,3.0,3.0,885.0,0.0
6,1980,2006,3.0,4.0,712.0,1375,2237,2,4.0,7,3.0,3.0,2.0,440.0,0.0
7,1987,1989,3.0,4.0,1645.0,1479,1479,2,4.0,7,2.0,3.0,2.0,578.0,0.0
7,2003,2003,4.0,4.0,912.0,1072,2014,2,4.0,9,0.0,3.0,2.0,486.0,0.0
9,2007,2007,5.0,5.0,1978.0,1978,1978,2,5.0,7,4.0,3.0,3.0,920.0,0.0
5,1968,1968,3.0,3.0,1008.0,1008,1008,1,4.0,6,0.0,1.0,1.0,384.0,0.0
5,1969,2000,3.0,3.0,1188.0,1404,1404,2,3.0,7,1.0,1.0,2.0,504.0,0.0
5,1972,1972,3.0,4.0,796.0,796,796,1,3.0,4,0.0,1.0,1.0,336.0,0.0
6,1993,1996,3.0,4.0,384.0,1091,1091,1,3.0,5,0.0,3.0,1.0,429.0,0.0
5,1992,1993,3.0,4.0,828.0,883,883,1,3.0,5,2.0,1.0,2.0,698.0,0.0
5,1992,1992,3.0,4.0,624.0,624,1287,1,3.0,6,0.0,1.0,2.0,440.0,0.0
5,1969,1969,4.0,3.0,784.0,784,1632,1,3.0,7,3.0,2.0,2.0,898.0,0.0
6,1997,1998,3.0,3.0,926.0,926,1604,2,3.0,7,3.0,3.0,2.0,470.0,0.0
6,1995,1996,3.0,4.0,680.0,680,1470,2,3.0,7,3.0,3.0,2.0,420.0,0.0
6,1998,1998,3.0,4.0,926.0,926,1604,2,3.0,7,0.0,3.0,2.0,472.0,0.0
6,1996,1996,3.0,4.0,916.0,916,1636,2,3.0,7,3.0,3.0,2.0,386.0,0.0
5,1996,1997,4.0,4.0,1348.0,1384,1384,2,4.0,7,0.0,1.0,2.0,404.0,0.0
8,1997,1997,4.0,5.0,1664.0,1682,1682,1,4.0,6,3.0,3.0,2.0,528.0,0.0
8,1992,1992,4.0,4.0,1280.0,1280,1280,2,4.0,5,0.0,2.0,2.0,506.0,0.0
6,1998,1998,3.0,4.0,932.0,932,1633,2,3.0,7,3.0,3.0,2.0,460.0,0.0
6,1991,1991,3.0,4.0,836.0,851,1709,2,4.0,7,0.0,3.0,2.0,416.0,0.0
8,1989,1989,4.0,4.0,1337.0,1337,1337,2,4.0,5,3.0,2.0,2.0,462.0,0.0
8,2005,2005,4.0,5.0,1168.0,1168,2500,3,5.0,9,4.0,3.0,3.0,683.0,0.0
9,2004,2004,5.0,5.0,1884.0,1884,1884,2,5.0,7,4.0,3.0,3.0,670.0,0.0
6,1952,1952,3.0,3.0,1632.0,1474,1474,1,3.0,7,4.0,1.0,2.0,495.0,0.0
9,2007,2007,5.0,5.0,1710.0,1710,1710,2,5.0,6,4.0,2.0,2.0,557.0,0.0
6,1950,1950,3.0,3.0,1488.0,1488,1488,2,3.0,6,3.0,2.0,2.0,738.0,0.0
7,1988,1988,4.0,4.0,1675.0,1688,1688,2,5.0,6,5.0,2.0,2.0,528.0,0.0
7,1983,1983,4.0,4.0,1260.0,1260,1260,2,3.0,6,0.0,1.0,2.0,598.0,0.0
7,1978,1978,4.0,4.0,2048.0,2064,2064,2,4.0,7,2.0,3.0,2.0,550.0,0.0
7,1979,1979,4.0,4.0,1782.0,1782,1782,2,4.0,6,3.0,3.0,2.0,551.0,0.0
6,1976,1976,3.0,4.0,1211.0,1211,1211,2,4.0,6,1.0,3.0,2.0,461.0,0.0
7,1980,1988,3.0,4.0,738.0,1277,2044,2,3.0,7,3.0,1.0,2.0,489.0,0.0
5,1969,1969,3.0,3.0,720.0,720,1308,1,3.0,7,0.0,1.0,2.0,484.0,0.0
7,1978,1978,4.0,4.0,1420.0,1420,2840,2,4.0,8,4.0,3.0,4.0,1314.0,0.0
6,1976,1976,3.0,3.0,1444.0,1444,1444,2,3.0,5,4.0,1.0,2.0,473.0,0.0
8,1996,1996,4.0,4.0,1236.0,1236,2340,2,4.0,9,4.0,2.0,3.0,787.0,0.0
5,1974,1974,3.0,4.0,896.0,896,1792,2,3.0,8,0.0,1.0,2.0,480.0,0.0
4,1969,1969,3.0,4.0,936.0,936,936,1,3.0,4,0.0,1.0,1.0,288.0,0.0
5,1971,1971,3.0,4.0,864.0,864,864,1,3.0,5,0.0,1.0,2.0,576.0,0.0
6,1973,1973,3.0,3.0,483.0,483,987,1,3.0,5,0.0,1.0,1.0,264.0,0.0
6,1972,1972,3.0,3.0,483.0,483,987,1,3.0,5,0.0,1.0,1.0,352.0,0.0
5,1972,1972,3.0,3.0,630.0,630,1302,2,3.0,6,0.0,1.0,1.0,264.0,0.0
6,1975,1975,3.0,4.0,855.0,855,1456,2,3.0,7,0.0,2.0,2.0,460.0,0.0
7,1977,1977,3.0,4.0,1055.0,1055,1055,2,3.0,4,0.0,1.0,2.0,440.0,0.0
8,2007,2007,4.0,5.0,1582.0,1582,1582,2,4.0,7,0.0,3.0,3.0,905.0,0.0
8,2007,2007,4.0,5.0,2418.0,2464,2464,2,5.0,9,5.0,3.0,3.0,650.0,0.0
9,2007,2007,5.0,5.0,1950.0,1950,1950,2,5.0,7,4.0,3.0,3.0,706.0,0.0
9,2006,2006,4.0,5.0,1850.0,1850,2748,2,5.0,9,4.0,3.0,3.0,850.0,0.0
10,2005,2006,5.0,5.0,1620.0,1632,2790,2,5.0,10,5.0,3.0,4.0,1150.0,0.0
9,2005,2005,4.0,5.0,1414.0,1414,2331,2,5.0,9,4.0,3.0,3.0,1003.0,0.0
8,2007,2007,5.0,4.0,948.0,948,2088,2,4.0,10,4.0,3.0,3.0,656.0,0.0
8,2004,2004,4.0,5.0,1148.0,1170,2332,2,5.0,9,4.0,3.0,3.0,756.0,0.0
10,2003,2003,5.0,5.0,2535.0,2470,2470,1,5.0,7,4.0,3.0,3.0,789.0,0.0
8,2003,2004,4.0,4.0,1603.0,1575,1575,2,4.0,7,3.0,3.0,3.0,732.0,0.0
8,2001,2002,4.0,5.0,1479.0,1515,2649,2,4.0,10,3.0,3.0,3.0,746.0,0.0
8,2003,2003,4.0,5.0,1765.0,1804,2690,2,4.0,9,4.0,3.0,3.0,795.0,0.0
9,2008,2008,5.0,4.0,1858.0,1866,1866,2,5.0,7,4.0,3.0,3.0,870.0,0.0
7,2005,2005,4.0,4.0,1367.0,1367,1367,2,4.0,6,4.0,2.0,2.0,484.0,0.0
9,2007,2008,5.0,5.0,1800.0,1800,1800,2,5.0,6,4.0,2.0,3.0,944.0,0.0
8,2006,2007,4.0,4.0,1342.0,1342,1342,2,4.0,6,4.0,3.0,2.0,550.0,0.0
8,2006,2007,4.0,4.0,1342.0,1342,1342,2,4.0,6,4.0,2.0,2.0,550.0,0.0
7,2003,2004,4.0,4.0,764.0,764,1626,2,4.0,6,0.0,2.0,2.0,474.0,0.0
7,2003,2003,4.0,4.0,1415.0,1455,1455,2,4.0,6,3.0,3.0,3.0,644.0,0.0
7,2004,2004,4.0,4.0,1393.0,1576,1576,2,4.0,7,3.0,2.0,3.0,668.0,0.0
7,2007,2008,4.0,4.0,1146.0,1246,1246,2,4.0,5,4.0,3.0,2.0,428.0,0.0
6,2004,2004,4.0,4.0,789.0,813,1515,2,4.0,8,4.0,3.0,2.0,393.0,0.0
7,2002,2003,4.0,4.0,840.0,840,1720,2,4.0,7,4.0,3.0,2.0,400.0,0.0
7,2003,2003,4.0,4.0,847.0,847,1986,2,4.0,9,4.0,3.0,2.0,434.0,0.0
7,2007,2008,4.0,4.0,1350.0,1358,1358,2,4.0,6,4.0,2.0,2.0,484.0,0.0
7,2000,2001,4.0,4.0,982.0,1008,1892,2,3.0,8,3.0,2.0,2.0,431.0,0.0
7,2002,2002,4.0,4.0,707.0,707,1414,2,4.0,6,4.0,3.0,2.0,403.0,0.0
7,1999,2000,4.0,4.0,1037.0,1037,2322,2,3.0,8,3.0,3.0,2.0,400.0,0.0
7,1999,1999,3.0,4.0,831.0,873,1651,2,3.0,7,3.0,3.0,2.0,450.0,0.0
8,1997,1997,4.0,4.0,1173.0,1182,2199,2,4.0,9,3.0,3.0,2.0,516.0,0.0
9,2000,2000,4.0,5.0,1519.0,1533,2172,2,5.0,8,3.0,2.0,3.0,687.0,0.0
8,1998,1998,4.0,4.0,1982.0,2006,2006,2,4.0,5,3.0,3.0,3.0,938.0,0.0
7,1996,1997,4.0,5.0,1064.0,1064,2125,2,4.0,12,3.0,2.0,2.0,576.0,0.0
8,1995,1995,4.0,4.0,1242.0,1251,2501,2,4.0,9,3.0,2.0,3.0,751.0,0.0
7,1993,1994,4.0,4.0,1080.0,1108,2197,2,4.0,9,4.0,3.0,3.0,783.0,0.0
7,2006,2006,4.0,5.0,1578.0,1578,1578,2,4.0,7,4.0,1.0,3.0,642.0,0.0
8,2007,2007,4.0,4.0,1341.0,1341,1861,3,4.0,7,4.0,2.0,3.0,851.0,0.0
8,2007,2008,4.0,4.0,955.0,955,1874,2,4.0,8,4.0,3.0,3.0,880.0,0.0
8,2006,2007,4.0,5.0,1460.0,1460,1460,2,4.0,6,4.0,3.0,2.0,480.0,0.0
8,2007,2008,4.0,4.0,1363.0,1372,1372,2,4.0,6,0.0,2.0,2.0,588.0,0.0
8,2007,2007,4.0,4.0,1660.0,1660,1660,2,4.0,7,4.0,3.0,3.0,660.0,0.0
7,2007,2008,4.0,4.0,1218.0,1218,1218,2,4.0,6,0.0,3.0,2.0,462.0,0.0
6,2003,2003,4.0,4.0,835.0,835,1696,2,4.0,7,0.0,2.0,2.0,542.0,0.0
7,2003,2004,4.0,4.0,835.0,835,1663,2,4.0,8,0.0,2.0,2.0,478.0,0.0
6,2005,2006,3.0,4.0,1175.0,1175,1175,1,4.0,6,0.0,0.0,0.0,0.0,0.0
7,2007,2007,4.0,4.0,1162.0,1162,1162,2,4.0,6,0.0,3.0,2.0,483.0,0.0
6,1995,1995,4.0,4.0,754.0,754,1609,2,4.0,6,0.0,2.0,2.0,525.0,0.0
6,1993,1994,4.0,4.0,886.0,886,1680,2,4.0,7,0.0,2.0,2.0,474.0,0.0
7,1994,1995,4.0,4.0,832.0,832,1657,2,4.0,6,0.0,2.0,2.0,483.0,0.0
6,2001,2001,4.0,4.0,827.0,827,1677,2,4.0,7,0.0,2.0,2.0,627.0,0.0
7,1992,1992,4.0,4.0,836.0,844,1737,2,4.0,7,0.0,3.0,2.0,506.0,0.0
5,1963,1963,3.0,3.0,984.0,984,984,1,3.0,5,3.0,2.0,1.0,384.0,0.0
5,1961,2007,3.0,3.0,864.0,864,864,1,4.0,5,3.0,1.0,1.0,420.0,0.0
5,1968,1968,3.0,3.0,890.0,890,890,1,3.0,5,0.0,1.0,1.0,308.0,0.0
5,1963,1963,3.0,4.0,864.0,864,864,1,3.0,5,0.0,1.0,1.0,276.0,0.0
6,1974,1974,3.0,3.0,1430.0,1430,1430,2,3.0,6,3.0,1.0,2.0,484.0,0.0
5,1972,1972,3.0,4.0,1001.0,1001,1641,2,3.0,5,4.0,1.0,2.0,490.0,0.0
6,1990,1991,4.0,4.0,930.0,1364,2683,2,4.0,9,4.0,2.0,2.0,473.0,0.0
9,1993,1994,4.0,4.0,1848.0,1827,2786,2,4.0,10,5.0,3.0,2.0,636.0,0.0
7,2004,2005,4.0,4.0,1235.0,1245,1245,2,4.0,5,0.0,2.0,2.0,495.0,0.0
6,2005,2005,4.0,4.0,600.0,600,1200,2,4.0,5,0.0,2.0,2.0,480.0,0.0
7,2007,2007,4.0,4.0,689.0,703,1392,2,4.0,5,0.0,1.0,2.0,540.0,0.0
6,1999,1999,3.0,4.0,744.0,757,1549,2,3.0,6,0.0,1.0,2.0,440.0,0.0
9,2000,2000,4.0,4.0,1614.0,1638,1638,2,5.0,5,3.0,3.0,2.0,495.0,0.0
9,2001,2001,4.0,5.0,1310.0,1310,1310,1,4.0,5,3.0,2.0,2.0,545.0,0.0
9,2001,2001,4.0,5.0,1419.0,1419,1419,1,5.0,5,3.0,3.0,2.0,588.0,0.0
9,1999,2000,4.0,4.0,1557.0,1557,1557,2,5.0,5,3.0,2.0,2.0,484.0,0.0
7,1999,2000,4.0,4.0,672.0,684,1404,2,4.0,5,0.0,1.0,2.0,462.0,0.0
7,2001,2001,3.0,3.0,858.0,872,1789,2,3.0,7,3.0,3.0,2.0,546.0,0.0
8,1999,1999,4.0,4.0,960.0,962,1586,2,4.0,7,0.0,1.0,2.0,480.0,0.0
8,1999,2000,4.0,4.0,960.0,962,1607,2,4.0,7,0.0,1.0,2.0,480.0,0.0
10,1998,1999,5.0,4.0,970.0,1469,2393,2,5.0,7,3.0,3.0,2.0,846.0,0.0
8,1995,1995,4.0,4.0,1230.0,1239,1239,1,4.0,4,2.0,3.0,2.0,477.0,0.0
9,1977,1977,4.0,4.0,994.0,1599,2944,2,4.0,9,4.0,2.0,3.0,864.0,0.0
8,1976,2007,5.0,4.0,1426.0,1671,1671,3,5.0,6,4.0,2.0,2.0,550.0,0.0
7,2002,2002,4.0,4.0,952.0,952,1812,2,3.0,7,3.0,2.0,2.0,469.0,0.0
6,1969,1969,3.0,3.0,1427.0,1427,1427,2,3.0,7,0.0,2.0,2.0,516.0,0.0
6,1968,1968,3.0,3.0,1740.0,1740,1740,1,3.0,8,3.0,2.0,2.0,512.0,0.0
7,1967,1967,3.0,3.0,1620.0,1620,1620,2,4.0,8,4.0,1.0,2.0,578.0,0.0
5,1965,1965,3.0,3.0,1625.0,1625,1625,2,3.0,8,0.0,1.0,2.0,484.0,0.0
5,1968,1968,3.0,3.0,732.0,732,1464,1,3.0,7,0.0,1.0,2.0,470.0,0.0
5,1965,2005,4.0,3.0,912.0,925,925,1,3.0,5,0.0,1.0,2.0,576.0,0.0
5,1965,1965,3.0,3.0,1728.0,1728,1728,2,3.0,10,0.0,1.0,2.0,576.0,0.0
7,1971,1971,3.0,4.0,825.0,845,1670,1,3.0,7,0.0,3.0,2.0,464.0,0.0
5,1956,1956,3.0,0.0,0.0,1014,1014,1,3.0,6,0.0,2.0,1.0,267.0,0.0
5,1961,1961,3.0,3.0,1114.0,1114,1114,1,3.0,5,0.0,2.0,2.0,451.0,0.0
5,1960,2000,3.0,3.0,1118.0,1118,1118,1,4.0,6,0.0,2.0,1.0,264.0,0.0
4,1937,1950,3.0,3.0,348.0,453,906,1,3.0,5,0.0,1.0,1.0,231.0,0.0
5,1960,1960,2.0,3.0,1296.0,1496,1496,2,4.0,6,0.0,2.0,2.0,450.0,0.0
5,1950,2006,3.0,3.0,572.0,1337,1337,1,4.0,7,4.0,2.0,1.0,264.0,0.0
5,1953,1953,3.0,3.0,1036.0,1036,1036,1,3.0,5,0.0,2.0,1.0,312.0,0.0
6,1966,1999,4.0,3.0,1104.0,1104,1988,2,4.0,9,4.0,2.0,2.0,480.0,0.0
5,1957,1957,3.0,3.0,1176.0,1176,1176,1,3.0,6,4.0,2.0,1.0,292.0,0.0
5,1959,1998,3.0,3.0,1248.0,1440,1440,2,4.0,7,0.0,2.0,1.0,480.0,0.0
6,1958,1958,3.0,3.0,1395.0,1570,1570,1,3.0,5,3.0,2.0,2.0,441.0,0.0
5,1956,1958,3.0,3.0,1104.0,1104,1104,1,3.0,5,0.0,2.0,1.0,384.0,0.0
5,1952,1952,3.0,3.0,720.0,882,882,1,4.0,4,0.0,1.0,1.0,240.0,0.0
5,1953,1953,3.0,3.0,1152.0,1152,1152,1,3.0,6,0.0,1.0,2.0,636.0,0.0
5,1953,1953,3.0,3.0,984.0,950,950,1,3.0,5,0.0,1.0,2.0,400.0,0.0
6,1957,1957,3.0,3.0,998.0,1790,1790,2,3.0,6,4.0,3.0,2.0,540.0,0.0
5,1957,1982,3.0,0.0,0.0,1764,1764,2,3.0,7,3.0,3.0,1.0,301.0,0.0
5,1957,1957,3.0,3.0,1824.0,1824,1824,2,3.0,9,0.0,1.0,2.0,484.0,0.0
4,1948,1950,3.0,0.0,0.0,869,869,1,3.0,3,0.0,1.0,1.0,390.0,0.0
5,1925,1950,3.0,3.0,747.0,747,1159,1,3.0,5,0.0,1.0,1.0,288.0,0.0
4,1940,2005,4.0,3.0,672.0,672,672,1,3.0,4,0.0,1.0,1.0,308.0,0.0
5,1922,1950,3.0,3.0,892.0,1254,1436,1,3.0,7,4.0,1.0,4.0,1488.0,0.0
5,1968,1968,3.0,3.0,912.0,1044,1044,1,3.0,5,2.0,3.0,2.0,372.0,0.0
7,1958,2001,3.0,3.0,1312.0,1312,1312,1,3.0,6,4.0,2.0,2.0,495.0,0.0
6,1960,1993,3.0,3.0,1081.0,1081,1081,1,3.0,5,0.0,1.0,1.0,401.0,0.0
5,1951,1951,3.0,2.0,876.0,876,876,1,3.0,5,3.0,1.0,2.0,576.0,0.0
5,1959,1959,3.0,3.0,1256.0,1256,1256,1,4.0,6,0.0,2.0,1.0,311.0,0.0
5,1962,1962,3.0,3.0,1027.0,1027,1027,1,3.0,6,0.0,1.0,1.0,299.0,0.0
6,1948,1950,3.0,3.0,768.0,819,1320,2,3.0,5,0.0,1.0,2.0,576.0,0.0
6,1954,1954,3.0,3.0,936.0,984,984,1,3.0,4,0.0,1.0,1.0,280.0,0.0
6,1954,1954,3.0,3.0,854.0,854,1278,1,3.0,6,0.0,1.0,1.0,240.0,0.0
5,1961,1961,3.0,3.0,1800.0,1800,1800,2,3.0,10,0.0,0.0,0.0,0.0,0.0
5,1955,1967,3.0,3.0,768.0,1024,1588,1,3.0,6,0.0,1.0,2.0,480.0,0.0
5,1954,1954,3.0,3.0,825.0,825,825,1,3.0,4,0.0,1.0,1.0,350.0,0.0
5,1963,1963,3.0,3.0,1117.0,1117,1117,1,3.0,6,0.0,1.0,1.0,264.0,0.0
6,2008,2008,3.0,3.0,192.0,1133,1133,1,3.0,7,0.0,1.0,1.0,308.0,0.0
5,1948,2005,3.0,3.0,780.0,948,1323,1,3.0,6,0.0,1.0,2.0,400.0,0.0
5,1910,2003,3.0,3.0,680.0,680,1360,1,3.0,6,0.0,1.0,1.0,330.0,0.0
5,1940,1950,3.0,2.0,672.0,672,672,1,3.0,4,0.0,1.0,1.0,256.0,0.0
6,1915,2005,4.0,3.0,728.0,728,1456,1,4.0,7,0.0,1.0,1.0,308.0,0.0
4,1910,1996,3.0,3.0,828.0,828,1594,2,3.0,9,0.0,0.0,0.0,0.0,0.0
4,1940,1985,3.0,3.0,801.0,1095,1656,2,3.0,8,0.0,1.0,2.0,440.0,0.0
5,1920,1950,2.0,3.0,936.0,960,1740,1,5.0,6,4.0,1.0,1.0,225.0,0.0
7,1920,2006,4.0,3.0,931.0,1027,1027,1,4.0,5,3.0,0.0,0.0,0.0,0.0
6,1940,1950,3.0,3.0,884.0,884,1436,2,3.0,8,4.0,1.0,2.0,828.0,0.0
5,1910,1950,3.0,3.0,481.0,899,899,1,3.0,5,0.0,1.0,1.0,200.0,0.0
5,1890,1996,3.0,2.0,684.0,684,1080,1,4.0,5,0.0,0.0,0.0,0.0,0.0
5,1946,1950,3.0,3.0,904.0,904,1499,1,3.0,5,1.0,1.0,3.0,869.0,0.0
2,1946,1950,3.0,3.0,407.0,407,407,1,3.0,3,0.0,1.0,1.0,297.0,0.0
3,1949,1992,3.0,2.0,448.0,1588,1588,2,3.0,6,0.0,0.0,0.0,0.0,0.0
5,1900,2006,3.0,2.0,797.0,830,1627,2,3.0,10,0.0,1.0,2.0,420.0,0.0
7,1920,1965,3.0,3.0,624.0,730,1450,1,3.0,7,0.0,1.0,1.0,288.0,0.0
5,1900,2003,3.0,3.0,346.0,709,1017,1,3.0,5,0.0,1.0,1.0,308.0,0.0
5,1920,1960,3.0,3.0,973.0,1377,2350,2,3.0,10,0.0,1.0,2.0,393.0,0.0
5,1905,2005,4.0,2.0,572.0,884,1540,1,4.0,7,0.0,0.0,0.0,0.0,0.0
2,1920,1950,2.0,2.0,723.0,723,1086,1,3.0,5,0.0,1.0,2.0,400.0,0.0
7,1890,1999,3.0,3.0,1313.0,1313,2495,2,3.0,10,4.0,1.0,2.0,342.0,0.0
5,1959,1959,3.0,3.0,984.0,984,984,1,2.0,5,0.0,1.0,1.0,308.0,0.0
4,1958,2006,3.0,3.0,869.0,1093,1093,1,3.0,5,0.0,1.0,1.0,308.0,0.0
5,1928,1983,4.0,3.0,1008.0,1143,1143,1,3.0,5,1.0,1.0,1.0,288.0,0.0
7,1945,1950,3.0,3.0,672.0,1195,1668,1,4.0,8,0.0,1.0,1.0,252.0,0.0
5,1935,1950,3.0,3.0,1024.0,1144,1738,2,3.0,6,4.0,1.0,1.0,240.0,0.0
5,1941,2006,3.0,3.0,672.0,832,1210,1,4.0,6,0.0,1.0,1.0,240.0,0.0
6,1900,2000,3.0,3.0,554.0,736,1290,1,3.0,6,0.0,1.0,1.0,200.0,0.0
6,1940,1989,3.0,3.0,981.0,1014,1672,1,4.0,6,4.0,1.0,1.0,240.0,0.0
5,1924,2003,3.0,3.0,949.0,949,949,1,3.0,5,2.0,1.0,2.0,370.0,0.0
6,1937,2000,3.0,3.0,825.0,825,1497,2,3.0,5,0.0,1.0,1.0,672.0,0.0
6,1939,1950,3.0,3.0,739.0,874,1342,2,3.0,7,4.0,1.0,1.0,240.0,0.0
6,1926,1950,3.0,3.0,992.0,1013,1013,1,3.0,6,0.0,1.0,1.0,160.0,0.0
5,1920,1997,3.0,3.0,565.0,565,1216,1,3.0,6,4.0,2.0,1.0,355.0,0.0
4,1946,1950,3.0,0.0,0.0,896,896,1,3.0,4,0.0,1.0,1.0,280.0,0.0
4,1929,1950,3.0,3.0,704.0,624,1136,1,3.0,6,0.0,1.0,1.0,336.0,0.0
5,1945,1995,3.0,0.0,0.0,808,808,1,3.0,6,0.0,1.0,1.0,164.0,0.0
7,1939,1950,3.0,3.0,989.0,1245,2009,2,3.0,7,4.0,1.0,2.0,400.0,0.0
5,1923,1950,3.0,3.0,1100.0,1226,1902,2,3.0,7,0.0,1.0,2.0,576.0,0.0
6,1915,2004,3.0,3.0,810.0,1170,1716,2,4.0,8,0.0,1.0,2.0,672.0,0.0
6,1910,1983,3.0,3.0,1242.0,1242,1984,2,3.0,8,0.0,0.0,1.0,360.0,0.0
6,1910,1950,4.0,4.0,796.0,825,1609,1,3.0,7,0.0,1.0,1.0,228.0,0.0
6,1930,1950,4.0,3.0,768.0,768,768,1,3.0,4,0.0,1.0,2.0,440.0,0.0
6,1952,1952,3.0,3.0,768.0,768,1536,1,3.0,7,0.0,1.0,1.0,308.0,0.0
6,1938,1958,3.0,3.0,1272.0,1272,1969,2,3.0,9,4.0,1.0,2.0,400.0,0.0
5,1915,1978,3.0,3.0,880.0,880,1308,2,3.0,6,0.0,1.0,2.0,400.0,0.0
6,1925,1992,3.0,3.0,1040.0,1040,1040,1,3.0,5,0.0,1.0,2.0,320.0,0.0
6,1925,1950,3.0,3.0,768.0,788,1236,2,3.0,6,4.0,1.0,1.0,384.0,0.0
5,1912,1991,3.0,2.0,451.0,759,759,1,3.0,5,0.0,1.0,2.0,576.0,0.0
3,1915,1950,2.0,3.0,536.0,808,1344,2,3.0,8,0.0,0.0,0.0,0.0,0.0
5,1947,1993,4.0,3.0,1046.0,1054,1054,1,3.0,6,0.0,1.0,1.0,240.0,0.0
5,1963,1963,3.0,4.0,981.0,1075,1075,1,4.0,6,0.0,1.0,2.0,440.0,0.0
6,1978,1978,3.0,3.0,1008.0,1096,1096,1,3.0,6,2.0,1.0,2.0,484.0,0.0
5,1967,2005,3.0,3.0,992.0,992,992,1,4.0,6,0.0,2.0,1.0,294.0,0.0
6,1978,1978,3.0,4.0,450.0,1034,1034,1,3.0,6,1.0,3.0,2.0,504.0,0.0
5,1967,1967,3.0,3.0,1073.0,1073,1073,1,3.0,6,0.0,2.0,1.0,270.0,0.0
5,1984,1984,3.0,4.0,1060.0,1126,1126,1,3.0,5,0.0,1.0,2.0,506.0,0.0
5,1920,1950,3.0,3.0,1300.0,1140,1140,1,3.0,6,0.0,1.0,2.0,400.0,0.0
5,1963,2003,3.0,3.0,960.0,960,960,1,4.0,6,0.0,3.0,1.0,300.0,0.0
6,1956,1956,3.0,3.0,988.0,1188,1188,1,3.0,4,3.0,1.0,2.0,621.0,0.0
5,1960,1960,3.0,3.0,988.0,1721,1721,2,3.0,7,3.0,1.0,2.0,626.0,0.0
5,1941,1973,3.0,3.0,576.0,864,1350,1,4.0,6,0.0,1.0,3.0,627.0,0.0
5,1970,1970,3.0,4.0,864.0,904,904,1,4.0,5,0.0,1.0,3.0,912.0,0.0
7,1979,1979,3.0,4.0,1524.0,1524,1524,2,3.0,7,4.0,3.0,2.0,478.0,0.0
7,1948,1950,3.0,3.0,570.0,617,1079,1,3.0,5,4.0,1.0,1.0,249.0,0.0
5,1940,2007,3.0,3.0,1580.0,1518,1518,1,2.0,5,4.0,0.0,0.0,0.0,0.0
5,1956,1956,3.0,3.0,1509.0,1509,1509,1,4.0,6,3.0,1.0,1.0,322.0,0.0
5,1975,1975,3.0,4.0,864.0,864,864,1,3.0,4,0.0,0.0,0.0,0.0,0.0
6,1962,2001,4.0,3.0,621.0,621,1269,1,3.0,7,0.0,1.0,1.0,280.0,0.0
6,1995,2002,4.0,4.0,1077.0,1093,2814,2,4.0,9,3.0,3.0,2.0,614.0,0.0
7,1994,1994,4.0,4.0,1602.0,1626,1626,2,4.0,7,3.0,2.0,2.0,534.0,0.0
7,1993,1994,4.0,4.0,812.0,1101,2200,2,4.0,9,3.0,2.0,2.0,453.0,0.0
7,1996,1996,4.0,4.0,672.0,1302,2037,2,4.0,8,3.0,3.0,2.0,472.0,0.0
7,2007,2007,4.0,4.0,628.0,628,1356,2,4.0,6,4.0,3.0,2.0,484.0,0.0
8,2007,2007,4.0,4.0,1615.0,1615,1615,2,4.0,7,4.0,2.0,3.0,864.0,0.0
9,2008,2008,4.0,4.0,2271.0,2276,2276,2,5.0,7,4.0,2.0,3.0,1348.0,0.0
9,2008,2008,5.0,5.0,1751.0,1766,1766,2,5.0,8,4.0,3.0,3.0,874.0,0.0
8,1995,1995,4.0,4.0,1401.0,1511,1511,2,4.0,6,2.0,3.0,3.0,811.0,0.0
6,1966,1966,3.0,4.0,1182.0,1643,1643,2,3.0,6,4.0,1.0,2.0,438.0,0.0
5,1994,1994,3.0,4.0,990.0,990,990,1,3.0,5,0.0,1.0,2.0,528.0,0.0
7,1997,1998,3.0,4.0,1418.0,1418,1418,2,4.0,5,3.0,2.0,2.0,558.0,0.0
6,1997,1997,3.0,4.0,864.0,872,1771,2,4.0,6,0.0,2.0,2.0,600.0,0.0
7,2000,2000,4.0,4.0,782.0,782,1652,2,4.0,6,0.0,2.0,2.0,532.0,0.0
7,2000,2001,4.0,4.0,928.0,928,1823,2,4.0,6,0.0,2.0,2.0,626.0,0.0
5,1978,1978,3.0,4.0,864.0,1174,1174,1,3.0,5,0.0,1.0,2.0,528.0,0.0
5,1975,1975,3.0,3.0,1076.0,1076,1076,1,3.0,5,2.0,1.0,2.0,576.0,0.0
5,1975,2001,3.0,3.0,864.0,1558,1558,2,3.0,5,0.0,3.0,2.0,440.0,0.0
7,2001,2001,4.0,4.0,1257.0,1290,2161,2,4.0,8,3.0,2.0,2.0,570.0,0.0
9,2001,2002,4.0,4.0,1357.0,1366,1947,2,4.0,7,3.0,3.0,3.0,725.0,0.0
8,2002,2003,4.0,5.0,1778.0,1786,1786,2,4.0,6,4.0,2.0,3.0,715.0,0.0
7,2003,2003,4.0,4.0,1129.0,1129,2327,2,4.0,9,4.0,2.0,2.0,596.0,0.0
8,1999,2000,4.0,4.0,850.0,886,1764,2,4.0,7,3.0,1.0,2.0,560.0,0.0
6,2004,2004,4.0,4.0,848.0,848,848,1,4.0,3,0.0,2.0,2.0,420.0,0.0
6,1997,1998,3.0,4.0,1838.0,1838,1838,2,3.0,8,0.0,1.0,3.0,721.0,0.0
7,2004,2004,4.0,4.0,1445.0,1445,1445,2,4.0,6,0.0,1.0,2.0,470.0,0.0
7,2007,2007,4.0,4.0,1564.0,1564,1564,2,4.0,6,0.0,2.0,3.0,814.0,0.0
7,2007,2007,4.0,4.0,1351.0,1361,1361,2,4.0,6,0.0,2.0,2.0,610.0,0.0
5,1966,1966,3.0,3.0,1092.0,1092,1092,1,3.0,6,0.0,1.0,1.0,264.0,0.0
5,1976,1976,3.0,4.0,456.0,1033,1033,1,3.0,6,0.0,2.0,2.0,504.0,0.0
6,1976,1976,3.0,3.0,1127.0,1127,1127,1,3.0,6,1.0,1.0,2.0,480.0,0.0
6,1977,1977,3.0,3.0,1029.0,1117,1117,1,3.0,6,2.0,2.0,2.0,542.0,0.0
6,1976,2001,3.0,3.0,684.0,684,1398,1,3.0,6,3.0,3.0,2.0,440.0,0.0
5,1959,1996,3.0,0.0,0.0,3820,3820,3,5.0,11,4.0,1.0,2.0,624.0,0.0
4,1955,1955,3.0,0.0,0.0,1152,1152,2,3.0,6,0.0,0.0,0.0,0.0,0.0
4,1955,1955,3.0,0.0,0.0,1152,1152,2,3.0,6,0.0,0.0,0.0,0.0,0.0
4,1955,1955,3.0,3.0,784.0,784,784,1,3.0,4,0.0,0.0,0.0,0.0,0.0
5,1938,2007,3.0,3.0,585.0,585,1053,1,5.0,5,0.0,0.0,0.0,0.0,0.0
5,1947,1993,3.0,0.0,0.0,929,1137,1,3.0,8,0.0,0.0,0.0,0.0,0.0
4,1953,1953,3.0,4.0,911.0,930,930,1,3.0,5,0.0,2.0,1.0,286.0,0.0
4,1954,1954,3.0,5.0,416.0,1204,1204,1,3.0,6,0.0,1.0,1.0,312.0,0.0
4,1923,2008,3.0,3.0,949.0,949,1292,1,4.0,6,0.0,1.0,1.0,205.0,0.0
7,1921,1950,3.0,3.0,1228.0,1424,1424,2,3.0,7,4.0,1.0,1.0,312.0,0.0
6,1930,1950,3.0,3.0,960.0,960,1920,2,3.0,10,4.0,1.0,2.0,480.0,0.0
6,1926,1950,3.0,3.0,644.0,672,1316,1,3.0,6,4.0,1.0,1.0,369.0,0.0
6,1914,1995,3.0,4.0,676.0,676,1264,1,3.0,6,0.0,1.0,2.0,400.0,0.0
8,1925,1997,4.0,2.0,798.0,798,1512,2,4.0,7,4.0,1.0,1.0,180.0,0.0
6,1923,1950,3.0,3.0,784.0,819,1603,1,3.0,7,4.0,1.0,2.0,599.0,0.0
5,1937,1995,3.0,3.0,942.0,1265,1938,2,4.0,7,4.0,1.0,1.0,240.0,0.0
5,1938,1950,3.0,3.0,884.0,932,1374,1,3.0,6,0.0,1.0,1.0,225.0,0.0
6,1951,1951,3.0,3.0,1091.0,1091,1091,1,3.0,5,3.0,3.0,1.0,344.0,0.0
8,1935,1950,3.0,3.0,608.0,983,1873,1,3.0,9,4.0,3.0,2.0,786.0,0.0
7,1950,2000,3.0,3.0,832.0,1218,2161,2,4.0,8,3.0,3.0,2.0,506.0,0.0
5,1956,1956,3.0,3.0,1898.0,1898,1898,2,3.0,7,3.0,1.0,2.0,484.0,0.0
6,1980,1980,3.0,4.0,516.0,516,1032,1,3.0,5,3.0,1.0,2.0,462.0,0.0
6,1926,1998,3.0,3.0,894.0,919,919,1,3.0,5,0.0,1.0,1.0,195.0,0.0
6,1940,2006,3.0,2.0,720.0,760,1090,1,3.0,5,0.0,1.0,1.0,240.0,0.0
5,1930,1950,3.0,4.0,780.0,780,1200,1,3.0,7,0.0,0.0,0.0,0.0,0.0
5,1967,1967,2.0,4.0,624.0,1092,1656,1,3.0,7,1.0,1.0,1.0,288.0,0.0
5,1930,1995,3.0,3.0,520.0,912,912,1,3.0,5,0.0,2.0,1.0,360.0,0.0
5,1958,1958,3.0,3.0,1151.0,1151,1955,2,3.0,7,0.0,3.0,1.0,356.0,0.0
1,1952,1952,2.0,0.0,0.0,733,733,1,2.0,4,0.0,1.0,2.0,487.0,0.0
4,1895,1950,3.0,0.0,173.0,825,1361,1,3.0,6,0.0,1.0,1.0,185.0,0.0
4,1910,2000,3.0,0.0,356.0,671,1049,1,3.0,5,0.0,1.0,1.0,195.0,0.0
4,1920,1950,3.0,2.0,592.0,432,864,1,2.0,5,0.0,1.0,1.0,216.0,0.0
8,2007,2008,5.0,5.0,1596.0,1648,1648,2,5.0,5,4.0,3.0,2.0,525.0,0.0
7,2004,2005,4.0,5.0,1594.0,1646,1646,2,5.0,5,4.0,3.0,2.0,482.0,0.0
7,1996,1997,4.0,5.0,1840.0,2032,2032,3,4.0,7,0.0,3.0,3.0,786.0,0.0
7,1996,1997,3.0,4.0,910.0,910,1820,2,4.0,8,3.0,1.0,3.0,816.0,0.0
5,1976,1976,3.0,0.0,0.0,936,1872,2,3.0,8,0.0,1.0,2.0,484.0,0.0
4,1991,1991,3.0,4.0,1680.0,1689,1689,2,3.0,6,3.0,1.0,2.0,432.0,0.0
7,1986,1986,4.0,4.0,1277.0,1501,1501,2,4.0,6,3.0,3.0,2.0,512.0,0.0
8,2006,2007,4.0,5.0,1518.0,1537,1537,2,4.0,8,0.0,3.0,3.0,788.0,0.0
8,2007,2007,4.0,4.0,920.0,920,1780,2,4.0,6,4.0,3.0,2.0,612.0,0.0
5,2006,2007,3.0,4.0,352.0,712,1442,2,3.0,6,0.0,3.0,2.0,400.0,0.0
7,2008,2008,4.0,4.0,796.0,796,1612,2,4.0,6,0.0,3.0,3.0,666.0,0.0
6,1989,1989,3.0,4.0,1495.0,1495,1495,2,3.0,8,3.0,1.0,2.0,438.0,0.0
6,1986,1986,4.0,4.0,1256.0,1256,1256,2,4.0,6,2.0,1.0,2.0,578.0,0.0
8,2003,2003,4.0,5.0,1432.0,1440,1440,2,4.0,7,3.0,3.0,2.0,467.0,0.0
6,1999,2000,4.0,5.0,1666.0,1675,1675,2,4.0,6,0.0,2.0,2.0,435.0,0.0
8,2007,2007,4.0,4.0,1884.0,1728,1728,2,4.0,7,4.0,3.0,2.0,520.0,0.0
8,2005,2006,4.0,5.0,1964.0,1964,1964,2,4.0,7,4.0,3.0,3.0,892.0,0.0
7,1997,1998,3.0,4.0,1344.0,1344,1344,2,3.0,8,0.0,3.0,4.0,784.0,0.0
5,2007,2008,3.0,4.0,1092.0,1092,1092,1,3.0,5,0.0,0.0,0.0,0.0,0.0
6,1997,1997,3.0,5.0,1189.0,1189,1189,2,3.0,4,0.0,2.0,2.0,392.0,0.0
4,1964,1964,3.0,4.0,1200.0,1200,1200,1,3.0,6,0.0,3.0,3.0,850.0,0.0
5,1975,1975,3.0,4.0,1040.0,1040,1040,1,3.0,6,0.0,1.0,2.0,499.0,0.0
5,1976,1976,3.0,4.0,550.0,925,1475,2,3.0,6,3.0,1.0,1.0,336.0,0.0
4,1973,2006,3.0,4.0,526.0,526,988,1,3.0,5,0.0,2.0,1.0,297.0,0.0
4,1973,1973,3.0,4.0,462.0,526,988,1,3.0,4,1.0,2.0,1.0,297.0,0.0
5,1968,1968,3.0,3.0,1113.0,1160,1160,1,4.0,6,0.0,1.0,1.0,257.0,0.0
6,1970,2007,3.0,3.0,546.0,546,1092,2,3.0,6,0.0,0.0,0.0,0.0,0.0
5,1983,1983,3.0,3.0,816.0,816,816,1,3.0,4,0.0,1.0,1.0,264.0,0.0
5,1982,2005,3.0,3.0,845.0,845,845,1,4.0,6,0.0,1.0,1.0,264.0,0.0
5,1984,1984,3.0,3.0,864.0,889,889,1,3.0,6,0.0,1.0,2.0,484.0,0.0
5,1900,1950,3.0,3.0,686.0,1150,1836,2,3.0,7,0.0,1.0,1.0,288.0,0.0
6,1971,1971,3.0,3.0,1587.0,1587,1587,2,3.0,7,4.0,1.0,2.0,525.0,0.0
6,1997,1997,3.0,4.0,384.0,754,1384,2,3.0,7,3.0,3.0,2.0,390.0,0.0
6,1994,1994,3.0,4.0,392.0,924,1694,2,3.0,7,3.0,3.0,2.0,398.0,0.0
6,1999,2000,3.0,4.0,923.0,947,1714,2,3.0,7,3.0,3.0,2.0,451.0,0.0
7,1996,1996,4.0,4.0,691.0,691,1553,2,4.0,6,0.0,3.0,2.0,420.0,0.0
6,1999,2003,3.0,4.0,938.0,957,2299,3,3.0,7,3.0,3.0,2.0,482.0,0.0
7,1992,1993,3.0,4.0,1168.0,1187,1187,2,4.0,6,0.0,2.0,2.0,420.0,0.0
6,1993,1994,3.0,4.0,903.0,910,1642,2,3.0,7,3.0,2.0,2.0,392.0,0.0
6,1964,1964,3.0,3.0,1302.0,1128,1128,1,3.0,6,3.0,1.0,2.0,480.0,0.0
8,1988,1988,4.0,4.0,1166.0,1179,1179,2,3.0,5,0.0,2.0,2.0,480.0,0.0
8,1990,1990,4.0,4.0,1312.0,1321,1321,1,4.0,4,3.0,2.0,2.0,484.0,0.0
8,2005,2005,4.0,5.0,1149.0,1164,2541,3,5.0,10,4.0,3.0,3.0,729.0,0.0
9,2006,2007,5.0,5.0,2660.0,2338,2338,2,4.0,8,4.0,3.0,3.0,1110.0,0.0
5,1969,1990,3.0,4.0,1100.0,1424,1424,1,3.0,7,0.0,1.0,3.0,828.0,0.0
9,2006,2006,4.0,5.0,1612.0,1612,1612,2,5.0,6,4.0,3.0,2.0,556.0,0.0
8,2006,2006,4.0,5.0,2220.0,2234,2234,1,4.0,7,4.0,2.0,2.0,724.0,0.0
10,2006,2007,5.0,5.0,1742.0,2042,2042,2,5.0,8,4.0,3.0,3.0,724.0,0.0
6,1984,1984,3.0,4.0,1284.0,1284,1284,2,3.0,5,0.0,1.0,2.0,480.0,0.0
7,1981,2003,4.0,4.0,725.0,725,1479,2,4.0,6,3.0,2.0,2.0,484.0,0.0
7,1978,1985,3.0,4.0,1529.0,1664,1664,2,4.0,7,3.0,3.0,2.0,663.0,0.0
7,1979,1979,3.0,4.0,780.0,1085,1930,2,4.0,9,3.0,3.0,2.0,481.0,0.0
6,1984,1984,3.0,4.0,1153.0,1177,1177,2,4.0,6,0.0,3.0,2.0,495.0,0.0
6,1979,1999,3.0,4.0,1259.0,1353,1353,2,3.0,5,3.0,2.0,2.0,478.0,0.0
6,1971,1971,3.0,3.0,1625.0,1220,1220,2,3.0,6,3.0,1.0,2.0,944.0,0.0
7,1976,1976,3.0,4.0,1228.0,1324,1324,2,4.0,5,2.0,3.0,2.0,585.0,0.0
6,1974,1974,3.0,3.0,1084.0,1084,1877,2,3.0,8,3.0,1.0,2.0,488.0,0.0
5,1970,1990,3.0,3.0,925.0,1422,1422,1,3.0,7,0.0,1.0,2.0,576.0,0.0
5,1970,2002,3.0,3.0,914.0,914,914,1,5.0,5,0.0,2.0,1.0,368.0,0.0
4,1961,1961,3.0,3.0,914.0,914,914,1,3.0,4,0.0,1.0,1.0,270.0,0.0
6,2001,2001,4.0,4.0,1337.0,1337,1337,2,4.0,5,3.0,3.0,2.0,511.0,0.0
6,1997,1998,4.0,4.0,1405.0,1337,1337,2,4.0,5,3.0,3.0,2.0,522.0,0.0
6,1973,1973,3.0,3.0,525.0,525,1092,1,3.0,6,0.0,1.0,1.0,264.0,0.0
6,1973,1973,3.0,3.0,672.0,672,1218,1,5.0,7,0.0,1.0,1.0,264.0,0.0
7,1978,1978,3.0,4.0,1061.0,1055,1055,2,3.0,4,0.0,1.0,1.0,319.0,0.0
5,1966,1966,3.0,3.0,988.0,988,988,1,3.0,5,0.0,1.0,1.0,360.0,0.0
9,2006,2007,5.0,5.0,1790.0,1816,1816,2,5.0,7,4.0,3.0,3.0,730.0,0.0
8,2006,2007,4.0,5.0,1694.0,1694,1694,2,4.0,7,4.0,2.0,3.0,856.0,0.0
8,2007,2007,4.0,4.0,2108.0,2122,2122,2,4.0,7,5.0,3.0,3.0,938.0,0.0
9,2007,2007,5.0,5.0,1934.0,1943,2656,2,5.0,8,4.0,2.0,3.0,1040.0,0.0
8,2006,2007,4.0,5.0,1108.0,1148,2550,2,5.0,11,4.0,3.0,3.0,670.0,0.0
10,2005,2006,5.0,5.0,1994.0,2046,2046,2,5.0,7,4.0,3.0,3.0,878.0,0.0
9,2007,2007,5.0,5.0,2552.0,2552,2552,2,5.0,8,5.0,3.0,3.0,932.0,0.0
9,2005,2006,4.0,5.0,1704.0,1722,2758,2,5.0,9,5.0,3.0,3.0,814.0,0.0
10,2007,2007,5.0,5.0,2320.0,2290,2290,2,5.0,7,4.0,3.0,3.0,1174.0,0.0
8,2007,2008,4.0,4.0,1582.0,1582,2152,2,4.0,7,4.0,1.0,2.0,728.0,0.0
8,2007,2007,5.0,5.0,918.0,958,2100,2,5.0,8,4.0,3.0,3.0,786.0,0.0
9,2006,2006,5.0,5.0,1802.0,1802,1802,2,5.0,7,4.0,3.0,3.0,843.0,0.0
8,2004,2004,4.0,4.0,1706.0,1718,2956,2,5.0,11,5.0,2.0,3.0,916.0,0.0
8,2003,2003,4.0,5.0,1317.0,1217,2385,2,4.0,7,4.0,3.0,3.0,818.0,0.0
8,2007,2007,4.0,5.0,895.0,895,1818,2,5.0,8,4.0,3.0,3.0,774.0,0.0
7,2005,2006,4.0,4.0,1614.0,1614,1614,2,4.0,7,0.0,2.0,3.0,878.0,0.0
8,2005,2005,4.0,4.0,1721.0,1721,1721,2,4.0,7,0.0,2.0,2.0,554.0,0.0
8,2006,2007,4.0,4.0,1298.0,1298,1828,2,4.0,7,0.0,2.0,3.0,876.0,0.0
6,2005,2006,4.0,4.0,1302.0,1302,1302,1,4.0,5,4.0,2.0,2.0,631.0,0.0
6,2005,2006,4.0,4.0,1302.0,1302,1302,1,4.0,5,4.0,2.0,2.0,631.0,0.0
6,2005,2006,4.0,4.0,1362.0,1362,1362,2,4.0,6,4.0,2.0,2.0,460.0,0.0
8,2006,2006,4.0,4.0,1554.0,1554,1554,2,4.0,6,4.0,2.0,2.0,627.0,0.0
9,2005,2005,5.0,5.0,1577.0,1577,1577,2,5.0,6,4.0,2.0,2.0,564.0,0.0
8,2006,2006,4.0,4.0,1324.0,1324,1324,2,4.0,6,4.0,3.0,2.0,550.0,0.0
7,2003,2003,4.0,4.0,1405.0,1405,1405,2,4.0,6,4.0,2.0,2.0,478.0,0.0
6,2007,2007,4.0,4.0,768.0,768,1496,3,4.0,7,0.0,1.0,2.0,572.0,0.0
6,2005,2006,4.0,4.0,768.0,768,1536,2,4.0,6,4.0,3.0,2.0,400.0,0.0
7,2006,2007,3.0,4.0,608.0,608,1458,2,4.0,6,0.0,3.0,2.0,454.0,0.0
6,2006,2006,4.0,4.0,738.0,738,1495,2,4.0,7,4.0,2.0,2.0,440.0,0.0
6,2006,2007,4.0,4.0,698.0,698,1746,2,4.0,6,4.0,1.0,3.0,350.0,0.0
6,2005,2005,3.0,4.0,1326.0,1326,1326,2,4.0,6,0.0,3.0,2.0,388.0,0.0
6,2007,2007,4.0,4.0,752.0,752,1504,2,4.0,6,0.0,3.0,2.0,440.0,0.0
7,2007,2007,4.0,4.0,728.0,728,1456,2,4.0,7,0.0,3.0,2.0,400.0,0.0
7,2007,2007,4.0,4.0,1246.0,1258,1258,2,4.0,6,0.0,2.0,2.0,462.0,0.0
8,2003,2003,4.0,4.0,1406.0,1589,1589,2,4.0,7,3.0,3.0,3.0,630.0,0.0
7,2007,2007,4.0,4.0,1266.0,1266,1266,2,4.0,6,4.0,3.0,2.0,388.0,0.0
7,2004,2005,4.0,4.0,835.0,1119,1119,2,4.0,5,0.0,3.0,2.0,437.0,0.0
7,2004,2004,4.0,4.0,384.0,744,1374,2,4.0,8,4.0,3.0,2.0,400.0,0.0
7,2006,2006,4.0,4.0,1510.0,1525,1525,2,4.0,6,4.0,2.0,2.0,534.0,0.0
7,2003,2003,4.0,4.0,384.0,754,1394,2,4.0,7,3.0,3.0,2.0,400.0,0.0
7,2003,2003,4.0,4.0,847.0,847,1948,2,4.0,8,4.0,3.0,2.0,434.0,0.0
7,2002,2002,4.0,4.0,854.0,864,1995,2,4.0,8,4.0,3.0,2.0,435.0,0.0
6,2000,2000,3.0,4.0,915.0,940,1690,2,3.0,7,3.0,2.0,2.0,442.0,0.0
6,1999,2000,3.0,4.0,941.0,961,1644,2,3.0,7,3.0,2.0,2.0,460.0,0.0
8,1997,1998,4.0,4.0,1779.0,1779,2551,2,4.0,8,3.0,3.0,3.0,925.0,0.0
9,1998,1998,4.0,5.0,1408.0,1671,3078,2,4.0,9,3.0,3.0,3.0,806.0,0.0
8,1998,1999,4.0,4.0,1389.0,1411,2582,2,4.0,9,3.0,3.0,3.0,758.0,0.0
7,1998,1998,4.0,4.0,1066.0,1108,2385,2,4.0,8,3.0,3.0,3.0,600.0,0.0
8,1992,1993,4.0,5.0,1105.0,1105,2202,2,4.0,9,3.0,2.0,2.0,517.0,0.0
8,1996,1997,4.0,4.0,1325.0,1335,2538,2,4.0,8,3.0,2.0,3.0,933.0,0.0
7,2007,2007,4.0,4.0,1369.0,1369,1369,2,4.0,5,0.0,1.0,2.0,605.0,0.0
8,2007,2007,4.0,4.0,1542.0,1542,1542,2,4.0,6,4.0,1.0,3.0,852.0,0.0
8,2006,2006,4.0,4.0,1524.0,1534,1534,2,4.0,7,4.0,3.0,2.0,484.0,0.0
10,2007,2007,5.0,5.0,1966.0,1966,1966,2,5.0,6,4.0,3.0,3.0,1092.0,0.0
7,2007,2007,4.0,4.0,1528.0,1528,1528,3,4.0,6,3.0,1.0,2.0,480.0,0.0
8,2005,2005,4.0,4.0,1538.0,1538,1538,2,4.0,7,0.0,2.0,2.0,484.0,0.0
7,2005,2006,4.0,4.0,1494.0,1506,1506,2,4.0,7,4.0,2.0,2.0,672.0,0.0
7,2006,2006,4.0,4.0,982.0,982,1977,2,4.0,7,0.0,2.0,3.0,574.0,0.0
8,2006,2006,4.0,4.0,1302.0,1302,1830,2,4.0,7,0.0,2.0,3.0,859.0,0.0
8,2007,2007,4.0,4.0,1338.0,1338,1338,2,4.0,6,0.0,2.0,2.0,598.0,0.0
7,2006,2007,4.0,4.0,1335.0,1335,1335,2,4.0,6,0.0,2.0,2.0,575.0,0.0
8,2007,2007,4.0,4.0,896.0,896,1792,2,4.0,8,0.0,3.0,2.0,590.0,0.0
5,2007,2007,4.0,4.0,725.0,725,1588,3,4.0,8,0.0,1.0,2.0,561.0,0.0
8,2007,2007,4.0,5.0,955.0,955,1880,2,5.0,8,4.0,3.0,3.0,880.0,0.0
8,2007,2007,5.0,4.0,1574.0,1584,1584,2,5.0,6,4.0,3.0,2.0,594.0,0.0
8,2006,2006,4.0,4.0,1685.0,1685,1685,2,4.0,5,4.0,3.0,3.0,658.0,0.0
6,2004,2004,4.0,4.0,1158.0,1158,2443,2,4.0,9,4.0,2.0,3.0,744.0,0.0
6,2006,2007,3.0,4.0,1100.0,1100,1100,1,3.0,6,0.0,0.0,0.0,0.0,0.0
7,2006,2006,4.0,4.0,1143.0,1143,1143,1,4.0,5,0.0,0.0,0.0,0.0,0.0
5,2003,2004,4.0,4.0,1094.0,1094,1094,1,4.0,6,0.0,1.0,2.0,576.0,0.0
7,2006,2006,4.0,4.0,1461.0,1486,1486,2,4.0,7,0.0,2.0,2.0,566.0,0.0
6,1993,1997,4.0,4.0,864.0,920,1820,2,4.0,7,0.0,2.0,2.0,492.0,0.0
6,1980,1980,3.0,3.0,630.0,630,1266,1,3.0,5,3.0,2.0,1.0,283.0,0.0
5,1977,1977,3.0,4.0,894.0,894,894,1,3.0,5,0.0,1.0,1.0,308.0,0.0
5,1968,1968,3.0,3.0,1040.0,1040,1040,1,3.0,5,0.0,3.0,2.0,686.0,0.0
7,1990,1990,4.0,4.0,1223.0,1271,2503,2,4.0,7,3.0,2.0,2.0,564.0,0.0
5,1974,1974,3.0,2.0,1037.0,1037,1037,1,3.0,5,0.0,2.0,2.0,431.0,0.0
6,1973,2006,3.0,4.0,1044.0,1055,1055,1,4.0,5,3.0,2.0,2.0,542.0,0.0
8,2004,2004,4.0,4.0,1378.0,1378,1378,2,4.0,6,4.0,3.0,2.0,540.0,0.0
8,2006,2007,4.0,4.0,1141.0,1151,1151,2,4.0,5,0.0,3.0,2.0,484.0,0.0
8,2006,2007,4.0,4.0,1511.0,1565,1565,2,4.0,5,0.0,3.0,2.0,476.0,0.0
7,2006,2007,4.0,5.0,1352.0,1352,1352,2,4.0,5,4.0,2.0,2.0,466.0,0.0
8,2006,2007,4.0,4.0,1550.0,1550,1550,2,4.0,5,0.0,3.0,2.0,528.0,0.0
6,1999,1999,3.0,4.0,744.0,757,1501,2,3.0,6,3.0,1.0,2.0,440.0,0.0
6,2000,2000,4.0,4.0,756.0,769,1573,2,4.0,4,0.0,1.0,2.0,440.0,0.0
7,1999,2000,4.0,4.0,1339.0,1358,1358,2,4.0,5,0.0,1.0,2.0,625.0,0.0
8,2003,2004,4.0,5.0,1054.0,1072,2048,2,4.0,8,4.0,1.0,2.0,552.0,0.0
8,1998,1998,4.0,5.0,1220.0,1220,2362,2,4.0,8,3.0,2.0,2.0,1105.0,0.0
8,1994,1995,4.0,4.0,1494.0,1494,1494,1,4.0,5,4.0,3.0,2.0,478.0,0.0
7,1980,1980,4.0,4.0,2002.0,2362,2362,2,4.0,8,3.0,2.0,2.0,546.0,0.0
8,1981,1981,4.0,4.0,2461.0,2497,2497,2,4.0,7,4.0,2.0,2.0,676.0,0.0
6,1968,1968,3.0,3.0,912.0,1152,1152,1,3.0,7,0.0,2.0,2.0,412.0,0.0
6,1970,1970,3.0,3.0,1008.0,1403,2411,2,3.0,8,1.0,2.0,2.0,570.0,0.0
6,1969,1969,3.0,4.0,973.0,1082,1082,1,3.0,6,0.0,1.0,2.0,480.0,0.0
6,1968,1968,3.0,4.0,1295.0,1295,1295,1,3.0,6,0.0,3.0,2.0,528.0,0.0
7,1972,1987,3.0,3.0,1124.0,1610,1610,2,4.0,8,3.0,2.0,2.0,515.0,0.0
7,1993,1993,3.0,4.0,1594.0,1594,1594,2,4.0,6,3.0,2.0,2.0,472.0,0.0
7,1993,1993,4.0,4.0,1148.0,1091,2075,2,4.0,8,4.0,1.0,2.0,473.0,0.0
6,1966,1966,3.0,3.0,1093.0,1093,1093,2,3.0,6,2.0,2.0,2.0,484.0,0.0
6,1963,1963,3.0,3.0,1052.0,1052,1052,1,3.0,6,0.0,3.0,1.0,311.0,0.0
5,1967,1993,3.0,3.0,949.0,1107,1107,1,4.0,5,0.0,2.0,1.0,308.0,0.0
4,1964,1964,3.0,0.0,0.0,1224,1224,2,3.0,8,0.0,1.0,3.0,530.0,0.0
5,1956,1956,3.0,3.0,894.0,1074,1074,1,4.0,6,4.0,1.0,2.0,396.0,0.0
5,1961,1961,3.0,3.0,864.0,1187,1187,1,3.0,6,3.0,2.0,2.0,440.0,0.0
5,1961,1961,3.0,3.0,964.0,964,964,1,3.0,5,2.0,3.0,2.0,784.0,0.0
5,1960,1960,3.0,3.0,894.0,894,894,1,3.0,5,0.0,1.0,1.0,312.0,0.0
7,1966,1966,3.0,3.0,1174.0,1200,1200,2,3.0,6,3.0,2.0,2.0,440.0,0.0
6,1965,1965,3.0,3.0,1042.0,1042,1042,2,3.0,5,0.0,2.0,2.0,440.0,0.0
6,1964,1997,3.0,3.0,845.0,845,2154,2,3.0,8,4.0,2.0,2.0,539.0,0.0
6,1964,1964,3.0,3.0,1130.0,1374,1374,1,3.0,7,3.0,2.0,1.0,286.0,0.0
6,1959,1991,3.0,3.0,1592.0,1652,1652,1,4.0,6,4.0,2.0,2.0,510.0,0.0
5,1940,1996,3.0,3.0,822.0,908,908,1,3.0,4,0.0,1.0,2.0,512.0,0.0
3,1946,1950,2.0,2.0,666.0,666,666,1,4.0,4,0.0,0.0,0.0,0.0,0.0
3,1945,1950,3.0,3.0,370.0,442,670,1,2.0,4,0.0,0.0,0.0,0.0,0.0
5,1958,2000,3.0,3.0,808.0,808,808,1,3.0,5,0.0,1.0,1.0,308.0,0.0
5,1955,1955,3.0,3.0,1078.0,1150,1150,1,3.0,6,0.0,3.0,1.0,288.0,0.0
5,1968,1968,3.0,3.0,1560.0,1560,1560,2,3.0,8,0.0,1.0,3.0,792.0,0.0
5,1966,1966,3.0,3.0,793.0,1280,1280,2,3.0,6,3.0,3.0,2.0,432.0,0.0
6,1961,1961,3.0,3.0,1218.0,1254,1254,1,3.0,6,4.0,2.0,2.0,525.0,0.0
6,1957,1999,3.0,3.0,936.0,936,936,1,4.0,4,0.0,2.0,1.0,315.0,0.0
5,1956,1956,3.0,3.0,1008.0,1008,1008,1,2.0,6,0.0,1.0,1.0,308.0,0.0
5,1963,1963,3.0,3.0,1053.0,1053,1053,1,4.0,6,0.0,2.0,2.0,692.0,0.0
5,1960,1960,3.0,3.0,1144.0,1144,1144,1,3.0,6,4.0,2.0,1.0,336.0,0.0
6,1957,1969,3.0,3.0,1331.0,1721,1721,1,3.0,8,3.0,1.0,2.0,464.0,0.0
5,1957,1957,3.0,3.0,922.0,922,922,1,3.0,5,0.0,1.0,1.0,308.0,0.0
5,1955,1975,3.0,3.0,1204.0,1411,1411,1,3.0,7,3.0,2.0,1.0,310.0,0.0
5,1955,1955,3.0,3.0,1216.0,1216,1216,1,3.0,5,0.0,2.0,1.0,336.0,0.0
5,1953,2006,3.0,3.0,864.0,1154,1154,1,5.0,6,0.0,1.0,1.0,336.0,0.0
5,1958,1958,3.0,3.0,1560.0,1560,1560,2,3.0,8,0.0,1.0,2.0,484.0,0.0
6,1952,1952,3.0,3.0,948.0,948,948,1,3.0,5,0.0,1.0,2.0,410.0,0.0
6,1953,1953,3.0,3.0,1040.0,1040,1040,1,3.0,6,0.0,3.0,1.0,293.0,0.0
5,1956,2003,3.0,3.0,925.0,925,925,1,4.0,5,0.0,1.0,1.0,252.0,0.0
4,1955,1955,3.0,3.0,1190.0,1040,1540,1,2.0,7,0.0,1.0,1.0,352.0,0.0
5,1955,1955,3.0,3.0,923.0,925,925,1,3.0,5,3.0,1.0,1.0,390.0,0.0
4,1953,1953,3.0,3.0,1105.0,1647,1647,1,3.0,6,2.0,3.0,1.0,280.0,0.0
5,1952,1952,3.0,3.0,924.0,924,924,1,3.0,6,0.0,1.0,1.0,420.0,0.0
4,1890,2006,4.0,2.0,925.0,1000,1544,2,3.0,7,0.0,0.0,0.0,0.0,0.0
5,1953,2004,3.0,3.0,1216.0,1216,1728,1,3.0,7,4.0,1.0,1.0,371.0,0.0
5,1935,2007,3.0,3.0,666.0,1308,3086,3,4.0,9,0.0,1.0,3.0,1200.0,0.0
4,1925,1993,3.0,3.0,1151.0,845,1281,2,3.0,6,0.0,1.0,2.0,580.0,0.0
5,1895,1999,3.0,4.0,736.0,751,1534,1,4.0,6,0.0,0.0,0.0,0.0,0.0
7,1963,1999,3.0,3.0,725.0,1035,1651,2,3.0,6,3.0,1.0,1.0,276.0,0.0
5,1961,1961,3.0,3.0,920.0,888,888,1,3.0,5,0.0,1.0,1.0,240.0,0.0
6,1968,1968,3.0,3.0,952.0,952,952,1,3.0,5,0.0,1.0,1.0,288.0,0.0
5,1950,1950,3.0,3.0,864.0,1238,1238,1,3.0,6,3.0,1.0,1.0,357.0,0.0
5,1959,2003,3.0,3.0,1040.0,1040,1040,1,4.0,6,0.0,2.0,1.0,286.0,0.0
5,1958,1958,3.0,3.0,1170.0,1170,1170,1,3.0,6,3.0,2.0,1.0,338.0,0.0
5,1960,1960,3.0,3.0,1242.0,1242,1242,1,3.0,6,0.0,2.0,1.0,324.0,0.0
5,1960,1960,3.0,3.0,1377.0,1377,1377,1,3.0,6,3.0,1.0,1.0,351.0,0.0
5,1961,1961,3.0,0.0,0.0,925,925,1,3.0,7,0.0,3.0,1.0,300.0,0.0
5,1962,1962,3.0,3.0,864.0,864,864,1,3.0,5,0.0,1.0,1.0,294.0,0.0
5,1962,1962,3.0,3.0,896.0,936,936,1,3.0,6,1.0,2.0,1.0,288.0,0.0
5,1926,1980,4.0,3.0,850.0,960,960,1,3.0,5,0.0,2.0,2.0,576.0,0.0
6,1927,1950,3.0,3.0,845.0,866,1296,1,3.0,6,0.0,1.0,2.0,576.0,0.0
5,1922,1950,3.0,2.0,1022.0,1022,1022,1,2.0,4,4.0,1.0,1.0,184.0,0.0
5,1920,1990,3.0,3.0,967.0,967,967,1,3.0,5,4.0,1.0,1.0,180.0,0.0
5,1940,1950,3.0,3.0,808.0,1072,1072,1,3.0,5,4.0,1.0,2.0,379.0,0.0
5,1900,2006,3.0,3.0,680.0,680,1174,1,4.0,6,4.0,1.0,2.0,576.0,0.0
4,1900,1950,3.0,2.0,570.0,761,1141,1,3.0,6,0.0,1.0,1.0,252.0,0.0
4,1900,1950,3.0,3.0,1075.0,1156,1798,2,3.0,7,0.0,1.0,2.0,342.0,0.0
8,1910,1999,4.0,3.0,725.0,909,1772,2,4.0,7,0.0,1.0,2.0,816.0,0.0
6,1927,1950,3.0,3.0,728.0,914,1642,1,3.0,9,4.0,1.0,1.0,374.0,0.0
5,1910,1950,3.0,3.0,616.0,616,1232,1,3.0,6,0.0,1.0,2.0,480.0,0.0
6,1910,1990,3.0,4.0,926.0,991,1650,2,3.0,6,0.0,1.0,2.0,468.0,0.0
5,1930,2005,3.0,3.0,687.0,687,1358,1,4.0,6,4.0,1.0,1.0,336.0,0.0
7,1879,1987,3.0,3.0,819.0,1312,2454,2,3.0,8,4.0,1.0,2.0,576.0,0.0
4,1956,1956,3.0,0.0,0.0,968,968,1,3.0,5,0.0,1.0,1.0,331.0,0.0
4,1949,2002,3.0,0.0,0.0,1382,1382,2,3.0,6,3.0,2.0,1.0,384.0,0.0
5,1925,1994,3.0,3.0,756.0,916,1060,1,3.0,6,4.0,1.0,1.0,308.0,0.0
5,1950,1950,3.0,2.0,910.0,910,1435,1,3.0,6,0.0,1.0,1.0,308.0,0.0
5,1939,1998,3.0,3.0,728.0,728,1274,2,3.0,6,0.0,1.0,1.0,224.0,0.0
6,1939,1950,3.0,3.0,600.0,608,1232,1,3.0,6,3.0,1.0,1.0,217.0,0.0
5,1939,1950,4.0,3.0,884.0,884,884,1,3.0,5,0.0,1.0,1.0,240.0,0.0
6,1938,1950,3.0,3.0,861.0,861,1409,1,3.0,6,4.0,1.0,2.0,528.0,0.0
5,1939,1952,3.0,3.0,672.0,899,1322,1,3.0,7,0.0,1.0,1.0,280.0,0.0
5,1930,1992,3.0,3.0,966.0,1014,1426,1,3.0,6,4.0,1.0,1.0,230.0,0.0
5,1926,1950,3.0,3.0,756.0,903,1281,1,4.0,6,0.0,1.0,2.0,379.0,0.0
6,1918,1995,3.0,3.0,1100.0,1100,2264,2,3.0,8,0.0,1.0,1.0,408.0,0.0
6,1920,1950,3.0,3.0,768.0,752,1376,1,4.0,7,0.0,1.0,2.0,576.0,0.0
5,1926,1950,3.0,2.0,750.0,960,1316,1,3.0,7,0.0,1.0,2.0,576.0,0.0
7,1929,1990,3.0,3.0,672.0,672,1344,1,4.0,6,4.0,1.0,2.0,456.0,0.0
5,1901,1950,3.0,3.0,592.0,933,1173,2,3.0,7,0.0,1.0,1.0,240.0,0.0
5,1901,1950,3.0,3.0,969.0,969,1214,1,3.0,6,0.0,1.0,1.0,216.0,0.0
6,1963,1963,3.0,3.0,741.0,1497,2294,3,3.0,9,4.0,1.0,2.0,658.0,0.0
7,1950,2005,3.0,3.0,976.0,976,1952,1,4.0,8,3.0,3.0,1.0,299.0,0.0
6,1915,1950,3.0,3.0,1138.0,1138,2180,1,3.0,7,4.0,1.0,2.0,720.0,0.0
4,1958,1958,3.0,2.0,808.0,838,1315,2,3.0,5,0.0,2.0,2.0,436.0,0.0
4,1910,1950,2.0,3.0,771.0,866,1484,2,3.0,6,0.0,1.0,1.0,264.0,0.0
7,1937,1980,3.0,3.0,1005.0,1262,2267,1,3.0,7,4.0,3.0,2.0,498.0,0.0
5,1942,1979,3.0,3.0,672.0,778,1282,1,3.0,4,0.0,1.0,1.0,240.0,0.0
5,1963,1963,3.0,4.0,925.0,999,999,1,3.0,6,0.0,1.0,1.0,308.0,0.0
5,1964,1980,3.0,4.0,1420.0,1452,1452,1,3.0,6,3.0,1.0,2.0,572.0,0.0
4,1964,1964,3.0,3.0,1005.0,1005,1005,1,3.0,5,0.0,1.0,2.0,440.0,0.0
5,1964,2001,4.0,3.0,980.0,1020,1020,2,3.0,5,1.0,1.0,2.0,528.0,0.0
5,1966,1966,3.0,3.0,1040.0,1040,1040,1,3.0,6,0.0,2.0,1.0,264.0,0.0
5,1971,1990,3.0,4.0,768.0,868,868,1,3.0,6,0.0,1.0,2.0,576.0,0.0
5,1968,1968,3.0,3.0,876.0,897,897,1,3.0,5,0.0,2.0,1.0,264.0,0.0
5,1967,1967,3.0,3.0,943.0,943,943,1,3.0,5,0.0,1.0,2.0,528.0,0.0
5,1966,1966,3.0,3.0,912.0,912,912,1,4.0,6,0.0,1.0,1.0,315.0,0.0
5,1956,1998,3.0,3.0,1240.0,1375,1375,1,3.0,6,4.0,1.0,1.0,323.0,0.0
5,1920,1996,3.0,4.0,671.0,1567,2654,3,3.0,11,4.0,1.0,2.0,638.0,0.0
7,1940,1998,3.0,3.0,680.0,798,1302,1,4.0,6,4.0,1.0,1.0,224.0,0.0
6,1954,1995,3.0,3.0,967.0,1299,1299,1,4.0,6,3.0,1.0,2.0,494.0,0.0
5,1958,1998,3.0,3.0,1158.0,1176,1176,1,3.0,6,4.0,1.0,1.0,303.0,0.0
4,1945,1950,2.0,0.0,0.0,998,998,1,3.0,5,0.0,1.0,2.0,460.0,0.0
6,1984,1984,3.0,4.0,1190.0,1522,1522,2,3.0,7,3.0,3.0,2.0,552.0,0.0
5,1948,2005,3.0,3.0,409.0,1325,1325,2,4.0,6,3.0,1.0,2.0,576.0,0.0
5,1953,1953,3.0,3.0,1073.0,1630,1630,2,3.0,6,3.0,1.0,2.0,649.0,0.0
4,1946,1950,3.0,3.0,484.0,1242,1242,1,3.0,4,0.0,1.0,1.0,336.0,0.0
6,1954,1994,3.0,4.0,1288.0,2422,2422,3,4.0,6,4.0,3.0,2.0,527.0,0.0
6,1954,1954,3.0,3.0,988.0,988,1626,1,4.0,6,0.0,1.0,1.0,332.0,0.0
5,1958,1958,3.0,3.0,864.0,864,864,1,3.0,6,0.0,1.0,1.0,399.0,0.0
4,1958,1994,3.0,0.0,0.0,943,943,1,4.0,5,0.0,1.0,1.0,308.0,0.0
5,1984,1984,4.0,3.0,1038.0,1038,1038,2,3.0,5,0.0,2.0,1.0,264.0,0.0
5,1951,1951,3.0,2.0,1342.0,1342,1342,1,3.0,7,0.0,1.0,1.0,256.0,0.0
5,1951,1994,3.0,3.0,1080.0,1080,1480,1,3.0,7,4.0,1.0,1.0,253.0,0.0
4,1920,1950,2.0,3.0,951.0,986,1362,2,3.0,7,0.0,1.0,1.0,280.0,0.0
6,1984,1984,3.0,3.0,1105.0,1105,1822,2,4.0,7,1.0,1.0,2.0,515.0,0.0
7,1994,2001,4.0,4.0,779.0,1029,1958,2,4.0,7,3.0,2.0,2.0,499.0,0.0
8,2007,2007,4.0,4.0,1643.0,1651,1651,2,4.0,7,4.0,3.0,3.0,870.0,0.0
8,2006,2007,4.0,4.0,2140.0,2140,2140,2,4.0,8,0.0,3.0,3.0,894.0,0.0
8,2007,2007,4.0,4.0,1643.0,1651,1651,2,4.0,7,4.0,2.0,3.0,870.0,0.0
7,2005,2006,4.0,4.0,1546.0,1546,1546,2,4.0,7,0.0,2.0,3.0,796.0,0.0
8,2006,2006,4.0,4.0,1489.0,1500,1500,2,4.0,7,4.0,2.0,2.0,674.0,0.0
7,2005,2006,4.0,4.0,1270.0,1270,1270,2,4.0,6,0.0,2.0,2.0,524.0,0.0
7,2005,2006,4.0,4.0,879.0,879,1795,2,4.0,7,0.0,2.0,2.0,578.0,0.0
7,1988,1988,4.0,4.0,929.0,946,1873,2,4.0,7,3.0,2.0,2.0,619.0,0.0
8,1976,1976,4.0,4.0,966.0,1743,1743,0,4.0,5,2.0,3.0,2.0,529.0,0.0
5,1994,1994,3.0,4.0,1022.0,1022,1022,1,3.0,6,0.0,1.0,2.0,747.0,0.0
6,1997,2006,3.0,4.0,635.0,646,1308,2,4.0,6,0.0,2.0,2.0,497.0,0.0
5,1994,1994,3.0,4.0,990.0,990,990,1,3.0,5,0.0,1.0,1.0,384.0,0.0
5,1996,1996,3.0,4.0,1097.0,1097,1097,1,3.0,6,0.0,1.0,1.0,242.0,0.0
7,1999,1999,4.0,4.0,988.0,988,1873,2,4.0,7,3.0,2.0,2.0,597.0,0.0
7,1998,1999,4.0,4.0,853.0,853,1753,2,3.0,7,2.0,2.0,2.0,534.0,0.0
7,2001,2001,4.0,4.0,845.0,845,1690,2,4.0,7,0.0,2.0,2.0,517.0,0.0
7,2000,2000,4.0,4.0,985.0,985,1842,2,4.0,7,3.0,3.0,2.0,486.0,0.0
5,1974,1974,3.0,4.0,864.0,894,894,1,3.0,5,0.0,1.0,2.0,440.0,0.0
5,1976,1976,3.0,4.0,1015.0,1025,1025,2,3.0,6,2.0,1.0,2.0,370.0,0.0
5,1977,1977,3.0,3.0,995.0,1009,1009,2,3.0,6,2.0,1.0,2.0,576.0,0.0
5,1977,1977,3.0,4.0,1040.0,1040,1040,1,3.0,5,0.0,1.0,2.0,748.0,0.0
5,1977,1977,3.0,4.0,876.0,907,907,1,3.0,5,0.0,2.0,1.0,308.0,0.0
5,1975,1975,3.0,3.0,864.0,879,879,1,3.0,5,0.0,1.0,2.0,440.0,0.0
5,1972,2000,3.0,3.0,864.0,864,864,1,5.0,5,0.0,3.0,2.0,576.0,0.0
4,1972,2006,3.0,3.0,385.0,875,875,1,4.0,5,0.0,1.0,2.0,728.0,0.0
7,2000,2000,4.0,3.0,1673.0,1673,1673,2,4.0,7,3.0,2.0,2.0,583.0,0.0
7,2003,2003,4.0,4.0,979.0,992,1932,2,4.0,7,4.0,2.0,2.0,610.0,0.0
7,2002,2002,4.0,4.0,860.0,860,1729,2,4.0,7,0.0,3.0,2.0,542.0,0.0
8,1994,1995,4.0,4.0,1556.0,1592,1592,2,4.0,7,3.0,3.0,2.0,484.0,0.0
8,2001,2001,4.0,4.0,1531.0,1531,2439,2,4.0,7,3.0,3.0,2.0,560.0,0.0
7,1996,2002,4.0,4.0,860.0,1212,1992,2,4.0,7,3.0,2.0,2.0,608.0,0.0
8,1999,2000,4.0,4.0,1341.0,1341,1341,1,4.0,5,3.0,2.0,2.0,482.0,0.0
7,2007,2007,4.0,4.0,738.0,738,1476,2,4.0,7,0.0,2.0,2.0,552.0,0.0
7,2005,2005,4.0,4.0,1169.0,1190,1190,2,4.0,5,0.0,2.0,2.0,578.0,0.0
6,2006,2007,4.0,4.0,1330.0,1330,1330,2,4.0,6,4.0,3.0,2.0,437.0,0.0
7,2006,2006,4.0,4.0,738.0,738,1491,2,4.0,7,4.0,2.0,2.0,484.0,0.0
5,2005,2005,4.0,4.0,768.0,768,1536,2,4.0,6,0.0,3.0,2.0,400.0,0.0
5,1967,1967,3.0,4.0,936.0,936,936,1,3.0,4,2.0,1.0,1.0,384.0,0.0
4,1963,1963,3.0,3.0,1088.0,1088,1088,1,3.0,4,0.0,1.0,2.0,520.0,0.0
5,1925,1950,3.0,3.0,901.0,901,1351,1,3.0,7,4.0,1.0,2.0,576.0,0.0
6,1960,1960,3.0,3.0,1179.0,1179,1179,1,3.0,5,0.0,3.0,2.0,622.0,0.0
6,1976,1976,3.0,3.0,960.0,1044,1044,1,3.0,7,2.0,1.0,2.0,528.0,0.0
5,1979,1979,3.0,0.0,0.0,1100,2233,2,3.0,11,0.0,3.0,2.0,579.0,0.0
5,2005,2006,3.0,4.0,734.0,734,1408,2,3.0,6,0.0,3.0,2.0,489.0,0.0
10,2008,2009,5.0,5.0,5095.0,5095,5095,2,5.0,15,4.0,3.0,3.0,1154.0,0.0
6,2005,2005,3.0,4.0,547.0,1072,1072,1,4.0,5,0.0,3.0,2.0,525.0,0.0
5,1959,2000,3.0,3.0,960.0,960,960,1,2.0,4,0.0,1.0,1.0,392.0,0.0
4,1955,1955,3.0,0.0,0.0,1152,1152,2,2.0,6,0.0,0.0,0.0,0.0,0.0
5,1946,1950,3.0,3.0,1195.0,1195,1195,2,3.0,8,0.0,0.0,0.0,0.0,0.0
6,1920,1995,3.0,3.0,660.0,740,865,1,3.0,4,4.0,1.0,1.0,216.0,0.0
4,1955,1955,3.0,3.0,768.0,768,768,1,3.0,4,2.0,1.0,1.0,355.0,0.0
4,1955,1955,3.0,3.0,864.0,864,864,1,3.0,5,0.0,1.0,2.0,528.0,0.0
5,1923,1950,3.0,3.0,1296.0,1296,2592,2,3.0,12,0.0,0.0,0.0,0.0,0.0
5,1926,1950,3.0,3.0,1290.0,1422,1422,1,3.0,6,0.0,1.0,1.0,352.0,0.0
6,1921,2005,3.0,3.0,651.0,759,1298,2,3.0,8,4.0,1.0,1.0,240.0,0.0
7,1930,1995,3.0,4.0,531.0,567,1098,1,3.0,5,4.0,1.0,1.0,216.0,0.0
6,1921,1950,3.0,3.0,585.0,851,1436,1,3.0,7,4.0,1.0,1.0,228.0,0.0
6,1926,1991,3.0,3.0,686.0,686,1461,1,3.0,6,4.0,1.0,1.0,225.0,0.0
7,1927,1992,3.0,3.0,851.0,867,1718,2,4.0,8,3.0,1.0,2.0,264.0,0.0
5,1951,1951,3.0,0.0,0.0,1226,1226,1,3.0,7,4.0,3.0,2.0,400.0,0.0
4,1930,2003,3.0,3.0,930.0,1230,1755,2,4.0,7,3.0,1.0,1.0,231.0,0.0
5,1941,1950,3.0,3.0,728.0,760,1355,2,3.0,5,0.0,1.0,2.0,528.0,0.0
6,1960,1960,3.0,3.0,1560.0,1560,1560,1,3.0,6,3.0,2.0,2.0,580.0,0.0
6,1968,1968,3.0,4.0,1488.0,1488,1488,2,3.0,7,4.0,2.0,2.0,552.0,0.0
6,1980,1980,3.0,4.0,516.0,529,1045,1,3.0,5,3.0,1.0,2.0,462.0,0.0
4,1995,1996,3.0,4.0,1680.0,1680,1680,2,4.0,7,0.0,1.0,2.0,628.0,0.0
8,1988,1988,3.0,4.0,1004.0,1020,1020,1,3.0,4,0.0,1.0,2.0,509.0,0.0
7,1971,1971,3.0,4.0,1696.0,1696,1696,2,3.0,7,3.0,3.0,2.0,625.0,0.0
8,1986,1986,4.0,4.0,279.0,2726,2726,2,4.0,6,4.0,3.0,2.0,691.0,0.0
6,1940,1950,3.0,3.0,720.0,720,1215,1,4.0,6,0.0,3.0,2.0,720.0,0.0
5,1925,2003,4.0,3.0,936.0,936,1601,2,3.0,6,0.0,0.0,0.0,0.0,0.0
5,1923,1999,3.0,4.0,859.0,942,1828,2,4.0,6,0.0,0.0,0.0,0.0,0.0
5,1922,1950,3.0,3.0,816.0,816,816,1,3.0,5,0.0,1.0,1.0,100.0,0.0
2,1939,1950,3.0,0.0,0.0,640,845,1,3.0,4,0.0,1.0,1.0,256.0,0.0
5,1895,2006,3.0,3.0,957.0,1034,1991,2,3.0,9,0.0,0.0,0.0,0.0,0.0
4,1957,1980,3.0,3.0,1073.0,1073,1073,1,3.0,6,0.0,1.0,2.0,720.0,0.0
5,1930,2007,4.0,3.0,837.0,1001,1001,1,4.0,5,0.0,1.0,1.0,216.0,0.0
8,2006,2007,4.0,4.0,1573.0,1625,1625,2,4.0,5,4.0,3.0,2.0,495.0,0.0
6,1979,1979,3.0,4.0,1001.0,1299,1299,2,4.0,5,1.0,2.0,2.0,486.0,0.0
5,2002,2002,4.0,4.0,1441.0,1392,1392,2,4.0,6,4.0,3.0,3.0,650.0,0.0
7,2002,2002,4.0,4.0,1409.0,1409,1409,1,4.0,4,4.0,2.0,2.0,576.0,0.0
7,1991,1992,3.0,4.0,1454.0,1478,1478,2,3.0,6,3.0,1.0,2.0,506.0,0.0
7,1975,1975,3.0,3.0,852.0,918,918,1,3.0,4,0.0,1.0,1.0,360.0,0.0
6,1974,1974,3.0,4.0,970.0,1026,1026,1,3.0,5,1.0,1.0,2.0,528.0,0.0
7,1987,1987,4.0,4.0,1501.0,1501,1501,2,4.0,5,3.0,3.0,2.0,512.0,0.0
6,1958,1995,3.0,3.0,585.0,2279,2279,2,4.0,7,4.0,2.0,2.0,461.0,0.0
7,2006,2007,4.0,4.0,1689.0,1689,1689,2,4.0,7,0.0,3.0,2.0,433.0,0.0
8,2006,2007,4.0,4.0,1546.0,1564,1564,2,5.0,6,4.0,2.0,2.0,502.0,0.0
7,1985,1985,3.0,4.0,1265.0,1240,1240,2,4.0,6,0.0,1.0,2.0,528.0,0.0
8,2001,2001,4.0,5.0,1267.0,1312,1312,2,4.0,5,0.0,1.0,2.0,471.0,0.0
8,2002,2002,4.0,4.0,1922.0,1922,1922,2,4.0,6,5.0,3.0,3.0,692.0,0.0
6,1996,1996,4.0,5.0,1491.0,1491,1491,2,3.0,7,3.0,3.0,2.0,571.0,0.0
7,2003,2004,4.0,4.0,1122.0,1146,2486,3,4.0,10,4.0,3.0,2.0,452.0,0.0
10,2006,2007,5.0,5.0,1824.0,1824,1824,2,5.0,8,4.0,3.0,3.0,932.0,0.0
3,1953,1953,3.0,0.0,0.0,2034,2034,1,3.0,9,0.0,2.0,4.0,1041.0,0.0
6,1996,1997,3.0,5.0,920.0,936,936,0,3.0,3,0.0,3.0,2.0,460.0,0.0
4,1972,1972,3.0,3.0,546.0,546,1092,1,3.0,5,0.0,1.0,1.0,253.0,0.0
4,1970,1970,3.0,4.0,530.0,530,992,1,3.0,4,0.0,3.0,1.0,297.0,0.0
4,1970,1970,3.0,3.0,546.0,546,1092,1,3.0,5,0.0,0.0,0.0,0.0,0.0
4,1976,1976,3.0,3.0,546.0,546,1092,1,3.0,6,0.0,1.0,1.0,286.0,0.0
5,1977,1977,3.0,4.0,923.0,1008,1008,1,4.0,4,2.0,3.0,2.0,678.0,0.0
6,1977,1977,3.0,4.0,1244.0,1356,1356,2,3.0,6,3.0,3.0,2.0,528.0,0.0
5,1977,1994,3.0,3.0,1160.0,1676,1676,1,4.0,6,3.0,2.0,2.0,672.0,0.0
5,1977,1977,3.0,4.0,716.0,716,1432,1,3.0,6,4.0,3.0,2.0,531.0,0.0
5,1971,1971,3.0,4.0,796.0,796,796,1,3.0,5,0.0,0.0,0.0,0.0,0.0
4,1961,1961,3.0,3.0,1396.0,1608,1608,1,3.0,6,0.0,1.0,1.0,444.0,0.0
5,1976,2003,3.0,4.0,1090.0,1178,1178,1,3.0,6,0.0,1.0,2.0,502.0,0.0
5,1983,1983,3.0,4.0,816.0,816,816,1,3.0,4,0.0,3.0,1.0,264.0,0.0
5,1984,1984,3.0,3.0,864.0,887,887,1,3.0,5,0.0,2.0,1.0,288.0,0.0
6,1954,1954,3.0,3.0,1178.0,1293,1293,2,3.0,5,0.0,2.0,2.0,452.0,0.0
6,1956,1956,3.0,3.0,1008.0,1024,1024,1,4.0,5,3.0,1.0,1.0,313.0,0.0
5,1957,1957,3.0,3.0,1617.0,1797,1797,1,3.0,7,3.0,1.0,3.0,963.0,0.0
6,1957,1957,3.0,4.0,1705.0,1390,1390,1,5.0,4,4.0,1.0,2.0,550.0,0.0
7,1969,1969,3.0,3.0,1851.0,1851,1851,2,3.0,8,3.0,3.0,2.0,506.0,0.0
6,1997,1998,3.0,3.0,813.0,813,1525,2,3.0,6,3.0,3.0,2.0,400.0,0.0
6,1995,1995,3.0,4.0,781.0,781,1671,2,3.0,7,3.0,3.0,2.0,423.0,0.0
6,1996,1996,3.0,4.0,821.0,821,1776,2,3.0,7,3.0,3.0,2.0,443.0,0.0
8,2005,2005,4.0,4.0,1074.0,1074,2064,2,4.0,7,4.0,3.0,2.0,527.0,0.0
7,2005,2006,4.0,4.0,1700.0,1700,2212,2,4.0,9,4.0,3.0,3.0,773.0,0.0
8,1994,1994,4.0,4.0,2062.0,2079,2687,2,4.0,9,0.0,3.0,2.0,618.0,0.0
6,1993,1994,3.0,4.0,1160.0,1169,1169,2,3.0,6,3.0,3.0,2.0,402.0,0.0
8,1987,1987,3.0,4.0,1191.0,1204,1204,2,3.0,5,0.0,2.0,2.0,461.0,0.0
9,2005,2006,4.0,5.0,1398.0,1414,2798,3,5.0,11,4.0,3.0,3.0,670.0,0.0
10,2006,2006,5.0,5.0,1528.0,1528,3390,3,5.0,10,5.0,3.0,3.0,758.0,0.0
9,2006,2006,4.0,5.0,1094.0,1102,2473,2,4.0,11,4.0,3.0,3.0,675.0,0.0
10,2006,2006,5.0,5.0,1850.0,1850,2698,2,5.0,11,4.0,2.0,3.0,736.0,0.0
9,2005,2006,4.0,5.0,1390.0,1390,2795,3,5.0,10,4.0,3.0,3.0,660.0,0.0
9,2005,2005,4.0,5.0,1714.0,1714,1714,2,4.0,7,4.0,3.0,2.0,517.0,0.0
9,2005,2005,5.0,5.0,1910.0,2000,2000,2,5.0,8,4.0,1.0,3.0,722.0,0.0
6,1980,1980,3.0,4.0,988.0,1102,1102,1,3.0,5,3.0,2.0,2.0,582.0,0.0
7,1978,1978,3.0,3.0,945.0,945,1857,2,3.0,8,3.0,2.0,2.0,482.0,0.0
7,1976,1976,4.0,5.0,1047.0,1083,1083,1,3.0,5,2.0,2.0,2.0,596.0,0.0
7,2005,2006,4.0,4.0,960.0,960,2318,2,4.0,8,5.0,3.0,2.0,541.0,0.0
6,1975,2000,3.0,3.0,675.0,1109,1875,3,4.0,8,3.0,2.0,2.0,485.0,0.0
6,1974,1974,3.0,3.0,1103.0,1103,1103,2,3.0,6,0.0,1.0,2.0,462.0,0.0
4,1971,1971,3.0,3.0,864.0,874,874,1,3.0,5,0.0,1.0,2.0,576.0,0.0
6,2002,2002,4.0,4.0,1487.0,1419,1419,2,4.0,4,0.0,3.0,2.0,543.0,0.0
6,1973,1973,3.0,3.0,525.0,525,1092,1,3.0,6,0.0,1.0,2.0,440.0,0.0
5,1973,1973,3.0,3.0,765.0,765,1365,1,4.0,7,2.0,1.0,2.0,440.0,0.0
6,1972,1972,3.0,3.0,494.0,494,1030,1,3.0,6,0.0,1.0,1.0,264.0,0.0
6,1972,1972,3.0,3.0,483.0,483,948,1,3.0,5,0.0,1.0,1.0,264.0,0.0
6,1972,1972,3.0,3.0,525.0,525,1092,1,3.0,6,0.0,1.0,1.0,264.0,0.0
6,1975,1975,3.0,4.0,1069.0,1069,1069,2,3.0,4,1.0,2.0,2.0,440.0,0.0
5,1967,1975,3.0,3.0,943.0,1387,1387,1,3.0,6,3.0,2.0,1.0,300.0,0.0
7,1976,1976,3.0,3.0,1055.0,1055,1055,2,3.0,4,0.0,1.0,1.0,319.0,0.0
6,1976,1976,3.0,4.0,855.0,855,1456,2,3.0,6,3.0,2.0,2.0,460.0,0.0
9,2006,2006,4.0,5.0,1738.0,1738,2589,2,5.0,11,4.0,2.0,3.0,831.0,0.0
8,2004,2004,4.0,4.0,1618.0,1618,1618,2,4.0,6,4.0,3.0,3.0,880.0,0.0
7,2006,2006,4.0,5.0,1721.0,1740,1740,2,4.0,8,0.0,2.0,3.0,874.0,0.0
9,2005,2005,5.0,5.0,1868.0,1868,1868,2,5.0,7,4.0,3.0,3.0,1085.0,0.0
9,2005,2006,4.0,4.0,1090.0,1117,2206,2,5.0,10,4.0,3.0,3.0,670.0,0.0
9,2005,2006,5.0,5.0,1606.0,1625,2091,2,5.0,8,4.0,2.0,2.0,521.0,0.0
8,2005,2006,4.0,5.0,1209.0,1209,2253,2,5.0,8,4.0,3.0,2.0,575.0,0.0
8,2006,2006,4.0,5.0,1054.0,1054,2389,2,4.0,10,4.0,3.0,3.0,672.0,0.0
8,2005,2006,4.0,5.0,1524.0,1544,2358,2,5.0,10,4.0,3.0,3.0,784.0,0.0
9,2005,2006,5.0,5.0,1792.0,1792,1792,2,4.0,6,4.0,2.0,3.0,925.0,0.0
9,2004,2005,5.0,5.0,1780.0,1780,1780,2,5.0,7,4.0,3.0,3.0,816.0,0.0
8,2004,2004,4.0,4.0,1420.0,1426,1914,2,4.0,9,3.0,2.0,3.0,746.0,0.0
9,2005,2005,5.0,5.0,1560.0,1565,1565,2,5.0,6,4.0,2.0,2.0,556.0,0.0
9,2006,2006,4.0,5.0,1686.0,1686,1686,2,5.0,6,4.0,3.0,3.0,899.0,0.0
9,2006,2006,5.0,5.0,1666.0,1666,1666,2,4.0,6,4.0,2.0,2.0,575.0,0.0
6,2005,2006,4.0,4.0,728.0,728,1456,2,4.0,8,4.0,3.0,2.0,390.0,0.0
7,2006,2006,4.0,4.0,738.0,738,1492,2,4.0,8,0.0,3.0,2.0,440.0,0.0
6,2006,2006,4.0,4.0,1326.0,1326,1326,2,4.0,6,0.0,3.0,2.0,427.0,0.0
8,2004,2005,4.0,4.0,1052.0,1052,2373,2,4.0,9,4.0,3.0,3.0,632.0,0.0
7,2006,2006,4.0,4.0,738.0,738,1492,2,4.0,8,0.0,3.0,2.0,440.0,0.0
7,2006,2006,4.0,4.0,1220.0,1364,1364,2,4.0,6,4.0,3.0,2.0,437.0,0.0
7,2002,2002,4.0,4.0,1368.0,1511,1511,2,4.0,5,3.0,3.0,2.0,398.0,0.0
7,2004,2004,4.0,4.0,1365.0,1548,1548,2,4.0,7,3.0,3.0,2.0,388.0,0.0
7,2005,2006,4.0,4.0,1142.0,1142,1142,2,4.0,6,0.0,3.0,2.0,440.0,0.0
7,2004,2005,4.0,4.0,848.0,848,1598,2,4.0,7,4.0,3.0,2.0,433.0,0.0
6,2000,2000,3.0,4.0,982.0,1008,1889,2,3.0,9,3.0,3.0,2.0,431.0,0.0
7,2006,2006,4.0,4.0,1035.0,1082,2322,3,4.0,8,0.0,2.0,3.0,617.0,0.0
8,1998,1998,4.0,4.0,1044.0,1079,1976,2,4.0,7,5.0,3.0,3.0,885.0,0.0
8,2000,2000,4.0,4.0,1160.0,1205,2234,2,4.0,7,3.0,2.0,3.0,768.0,0.0
9,2000,2000,4.0,5.0,1540.0,1540,2855,2,5.0,9,3.0,2.0,3.0,774.0,0.0
8,1995,1995,4.0,4.0,1342.0,1358,2726,2,4.0,9,5.0,2.0,3.0,725.0,0.0
9,1993,1994,4.0,5.0,1733.0,1933,3500,3,5.0,11,3.0,2.0,3.0,959.0,0.0
8,1994,1995,4.0,4.0,1290.0,1305,2494,2,4.0,9,3.0,3.0,3.0,803.0,0.0
8,1993,1993,4.0,4.0,1286.0,1565,2799,2,4.0,8,3.0,3.0,3.0,704.0,0.0
8,2005,2006,4.0,4.0,1100.0,1116,1964,2,4.0,8,4.0,3.0,2.0,760.0,0.0
8,2006,2006,4.0,5.0,1670.0,1670,1670,2,4.0,6,4.0,2.0,3.0,928.0,0.0
8,2006,2006,4.0,4.0,1504.0,1504,1504,2,4.0,7,0.0,3.0,2.0,510.0,0.0
8,2006,2006,4.0,4.0,1278.0,1278,1278,2,4.0,5,0.0,2.0,2.0,584.0,0.0
9,2006,2006,4.0,5.0,2036.0,2036,2640,3,5.0,11,4.0,2.0,3.0,792.0,0.0
6,2005,2005,4.0,4.0,858.0,858,1716,2,4.0,7,0.0,2.0,2.0,615.0,0.0
6,2005,2005,3.0,3.0,1142.0,1142,1142,1,4.0,5,0.0,0.0,0.0,0.0,0.0
7,2005,2006,4.0,4.0,1400.0,1400,1400,2,4.0,6,0.0,2.0,2.0,612.0,0.0
6,2005,2006,3.0,4.0,1131.0,1131,1131,1,4.0,6,0.0,0.0,0.0,0.0,0.0
7,2005,2005,4.0,4.0,891.0,891,1686,2,4.0,8,0.0,3.0,2.0,462.0,0.0
7,2005,2005,4.0,4.0,784.0,831,1585,2,4.0,7,0.0,2.0,2.0,449.0,0.0
6,1997,1998,3.0,4.0,941.0,941,1837,2,3.0,7,0.0,2.0,2.0,688.0,0.0
6,1992,1993,4.0,4.0,836.0,844,1731,2,4.0,7,0.0,2.0,2.0,462.0,0.0
6,1990,1991,4.0,4.0,1398.0,1398,1398,2,4.0,5,0.0,2.0,2.0,542.0,0.0
6,1991,1991,4.0,4.0,1217.0,1217,1217,2,4.0,5,0.0,2.0,2.0,484.0,0.0
6,1994,1994,3.0,4.0,636.0,636,1320,2,4.0,6,0.0,3.0,2.0,472.0,0.0
5,1962,1962,3.0,3.0,988.0,988,988,1,3.0,6,0.0,1.0,2.0,624.0,0.0
6,1977,1977,3.0,0.0,0.0,1286,1654,2,3.0,10,0.0,2.0,2.0,528.0,0.0
5,1962,2002,3.0,3.0,864.0,1211,1211,1,3.0,6,3.0,1.0,2.0,576.0,0.0
5,1965,1965,3.0,3.0,984.0,984,984,1,3.0,5,0.0,1.0,1.0,310.0,0.0
5,1968,1968,3.0,3.0,882.0,909,909,1,3.0,5,0.0,1.0,1.0,294.0,0.0
5,1963,1963,3.0,3.0,925.0,925,925,1,3.0,5,0.0,1.0,2.0,484.0,0.0
5,1965,1965,3.0,3.0,1024.0,1024,1024,1,3.0,5,0.0,1.0,1.0,308.0,0.0
5,1964,1964,3.0,3.0,912.0,912,912,1,3.0,6,0.0,0.0,0.0,0.0,0.0
5,1967,1967,3.0,3.0,912.0,941,941,1,3.0,6,1.0,1.0,1.0,288.0,0.0
7,1974,1974,4.0,4.0,1748.0,2151,2646,2,4.0,9,3.0,2.0,2.0,550.0,0.0
8,1992,1993,4.0,5.0,1334.0,1520,2826,2,4.0,9,3.0,2.0,3.0,888.0,0.0
7,2004,2004,4.0,4.0,1143.0,1143,1143,1,4.0,5,4.0,2.0,2.0,588.0,0.0
7,2005,2005,4.0,4.0,600.0,520,1223,2,4.0,4,0.0,2.0,2.0,480.0,0.0
6,2000,2000,4.0,4.0,756.0,768,1524,2,4.0,4,0.0,1.0,2.0,440.0,0.0
7,2003,2003,4.0,4.0,530.0,530,1080,2,4.0,4,0.0,2.0,2.0,496.0,0.0
7,1997,1998,4.0,4.0,569.0,854,1694,2,4.0,6,3.0,1.0,1.0,434.0,0.0
8,2001,2002,4.0,4.0,1568.0,1568,1568,2,4.0,6,3.0,2.0,2.0,564.0,0.0
5,1972,1972,3.0,4.0,1153.0,1193,1193,2,3.0,6,0.0,3.0,2.0,501.0,0.0
7,1967,1967,3.0,3.0,1334.0,1334,1334,2,3.0,7,0.0,2.0,2.0,477.0,0.0
5,1968,1968,3.0,3.0,1051.0,1051,1051,1,3.0,6,0.0,2.0,2.0,504.0,0.0
5,1968,1968,3.0,4.0,900.0,884,1770,1,3.0,7,0.0,2.0,2.0,530.0,0.0
6,1968,2004,3.0,3.0,976.0,976,976,1,4.0,4,2.0,2.0,2.0,504.0,0.0
5,1968,1968,3.0,4.0,833.0,898,898,1,3.0,6,0.0,2.0,1.0,326.0,0.0
5,1966,1966,3.0,3.0,1051.0,1051,1051,1,3.0,6,0.0,2.0,1.0,264.0,0.0
5,1967,1967,3.0,3.0,1141.0,1141,1141,1,3.0,6,0.0,1.0,1.0,568.0,0.0
6,1965,2000,3.0,3.0,1187.0,1565,1565,2,4.0,7,3.0,2.0,1.0,299.0,0.0
6,1964,1964,3.0,3.0,1008.0,1488,1488,1,3.0,7,4.0,3.0,2.0,430.0,0.0
5,1964,1964,3.0,3.0,720.0,720,1440,1,3.0,7,1.0,3.0,2.0,480.0,0.0
5,1960,1960,3.0,3.0,1248.0,1248,1248,1,3.0,6,0.0,1.0,1.0,286.0,0.0
6,1934,1950,3.0,3.0,816.0,816,816,1,3.0,4,2.0,1.0,1.0,240.0,0.0
5,1947,1950,3.0,3.0,938.0,1043,1043,1,3.0,5,4.0,1.0,1.0,273.0,0.0
5,1961,1990,3.0,3.0,1251.0,1433,1433,1,3.0,7,4.0,1.0,2.0,441.0,0.0
5,1952,1952,3.0,3.0,1444.0,1624,1624,1,3.0,6,4.0,2.0,1.0,240.0,0.0
5,1951,1951,3.0,3.0,1056.0,1216,1216,1,3.0,7,0.0,2.0,1.0,280.0,0.0
5,1949,1973,3.0,3.0,704.0,1024,1728,1,3.0,7,4.0,1.0,1.0,234.0,0.0
5,1954,1975,3.0,3.0,936.0,936,936,1,3.0,5,0.0,1.0,1.0,240.0,0.0
5,1967,1967,3.0,3.0,1584.0,1584,1584,2,3.0,8,0.0,1.0,2.0,506.0,0.0
6,1964,1964,3.0,3.0,1246.0,1246,1246,1,3.0,6,4.0,2.0,2.0,441.0,0.0
6,1963,1963,3.0,3.0,1008.0,1008,1008,1,3.0,5,0.0,2.0,2.0,430.0,0.0
5,1957,1957,3.0,2.0,1179.0,1364,1364,1,3.0,6,4.0,2.0,1.0,331.0,0.0
6,1958,1958,3.0,3.0,1121.0,1336,1336,1,3.0,7,3.0,2.0,2.0,488.0,0.0
5,1956,1956,3.0,3.0,1058.0,1370,1370,1,3.0,6,3.0,2.0,1.0,300.0,0.0
6,1956,1994,3.0,3.0,1124.0,1124,1124,1,3.0,6,3.0,3.0,1.0,353.0,0.0
6,1954,2000,3.0,3.0,1050.0,1050,1050,1,4.0,6,0.0,2.0,1.0,286.0,0.0
5,1952,2003,3.0,3.0,1008.0,1008,1008,1,3.0,4,0.0,2.0,1.0,280.0,0.0
6,1951,1951,3.0,3.0,216.0,1575,1575,1,4.0,5,4.0,1.0,2.0,400.0,0.0
5,1956,1956,3.0,4.0,301.0,1145,1145,1,3.0,6,0.0,1.0,2.0,684.0,0.0
5,1956,1956,3.0,3.0,1005.0,1005,1005,1,3.0,6,3.0,1.0,1.0,319.0,0.0
5,1955,1955,3.0,3.0,1056.0,1056,1056,1,3.0,6,0.0,3.0,1.0,300.0,0.0
5,1951,1991,3.0,3.0,884.0,884,884,1,3.0,4,0.0,3.0,1.0,270.0,0.0
7,1941,1963,4.0,3.0,929.0,2039,2039,1,3.0,7,4.0,1.0,3.0,791.0,0.0
5,1956,2001,3.0,3.0,1015.0,1384,1384,1,3.0,6,0.0,1.0,2.0,896.0,0.0
5,1925,1975,3.0,3.0,2171.0,1392,2640,2,3.0,10,4.0,2.0,3.0,1008.0,0.0
6,1947,1950,3.0,3.0,784.0,900,1312,1,3.0,6,0.0,1.0,2.0,649.0,0.0
3,1930,2001,3.0,3.0,713.0,713,713,1,4.0,5,0.0,1.0,1.0,371.0,0.0
3,1929,1950,3.0,3.0,715.0,715,715,1,3.0,4,0.0,1.0,2.0,660.0,0.0
4,1900,1998,3.0,2.0,448.0,448,720,1,2.0,5,0.0,1.0,1.0,280.0,0.0
6,1915,1950,3.0,3.0,663.0,774,1595,2,3.0,7,4.0,1.0,2.0,528.0,0.0
4,1910,1950,3.0,2.0,1077.0,981,1760,1,3.0,7,3.0,1.0,2.0,648.0,0.0
6,1963,1963,3.0,3.0,1083.0,1146,1146,1,3.0,6,4.0,1.0,1.0,294.0,0.0
6,1962,1985,3.0,3.0,1135.0,1207,1207,1,3.0,6,0.0,2.0,1.0,264.0,0.0
6,1961,1992,3.0,3.0,1313.0,1773,1773,2,3.0,6,3.0,2.0,2.0,418.0,0.0
7,1959,1959,3.0,0.0,0.0,1472,1472,2,4.0,5,4.0,1.0,2.0,484.0,0.0
7,1962,1998,3.0,3.0,1438.0,1900,2448,3,3.0,9,4.0,2.0,2.0,441.0,0.0
4,1950,1950,3.0,3.0,910.0,910,1521,1,4.0,6,0.0,1.0,1.0,597.0,0.0
3,1950,1950,3.0,0.0,0.0,1040,1040,2,3.0,6,0.0,1.0,2.0,400.0,0.0
5,1960,1960,3.0,3.0,1556.0,1556,1556,2,3.0,8,0.0,0.0,0.0,0.0,0.0
5,1961,1961,3.0,3.0,1150.0,1150,1150,1,3.0,6,0.0,2.0,1.0,288.0,0.0
7,1962,1962,3.0,3.0,1045.0,1045,1045,1,3.0,6,0.0,1.0,2.0,528.0,0.0
5,1962,1962,3.0,3.0,864.0,864,864,1,3.0,5,0.0,1.0,1.0,336.0,0.0
5,1962,1962,3.0,3.0,1025.0,1025,1025,1,3.0,6,0.0,0.0,0.0,0.0,0.0
5,1900,2005,4.0,2.0,716.0,1007,2014,2,3.0,8,0.0,1.0,2.0,624.0,0.0
5,1948,1950,3.0,3.0,1212.0,1226,1668,1,3.0,6,0.0,1.0,1.0,240.0,0.0
4,1920,1980,3.0,3.0,1147.0,1147,1657,1,2.0,9,3.0,1.0,1.0,162.0,0.0
6,1900,2004,3.0,3.0,780.0,940,1416,1,4.0,7,0.0,1.0,2.0,400.0,0.0
7,1900,1970,3.0,3.0,712.0,848,1428,1,3.0,7,0.0,3.0,2.0,576.0,0.0
7,1930,1950,3.0,3.0,502.0,502,1004,1,4.0,5,1.0,1.0,1.0,200.0,0.0
4,1900,1950,4.0,3.0,938.0,1084,1951,2,2.0,9,0.0,1.0,2.0,576.0,0.0
6,1924,1950,3.0,3.0,1032.0,1032,1032,1,3.0,5,0.0,1.0,1.0,280.0,0.0
5,1925,1950,3.0,3.0,844.0,844,844,1,3.0,5,0.0,1.0,1.0,216.0,0.0
4,1950,1950,3.0,3.0,576.0,864,864,1,3.0,5,0.0,2.0,1.0,528.0,0.0
3,1905,1950,3.0,3.0,738.0,714,1376,1,3.0,7,0.0,1.0,1.0,216.0,0.0
5,1955,1955,3.0,3.0,960.0,960,960,1,3.0,5,0.0,1.0,2.0,576.0,0.0
5,1924,1950,3.0,3.0,816.0,816,1566,1,4.0,7,0.0,1.0,2.0,450.0,0.0
3,1921,1950,3.0,2.0,492.0,492,492,1,3.0,3,0.0,1.0,1.0,200.0,0.0
6,1945,1950,3.0,2.0,770.0,885,1182,1,3.0,5,0.0,1.0,1.0,378.0,0.0
3,1920,1950,3.0,3.0,798.0,840,840,1,2.0,5,0.0,1.0,1.0,250.0,0.0
7,1910,2005,3.0,3.0,1226.0,1226,2104,2,3.0,9,0.0,1.0,2.0,432.0,0.0
5,1920,1950,3.0,3.0,624.0,624,1248,2,3.0,8,0.0,0.0,0.0,0.0,0.0
5,1958,1958,3.0,3.0,960.0,960,960,1,3.0,5,0.0,1.0,2.0,624.0,0.0
3,1918,1950,2.0,3.0,1020.0,1020,1020,1,2.0,5,0.0,0.0,0.0,0.0,0.0
6,1924,1996,3.0,3.0,848.0,1017,1827,1,3.0,9,4.0,1.0,1.0,240.0,0.0
3,1930,1950,4.0,3.0,728.0,728,1162,1,3.0,6,0.0,1.0,1.0,258.0,0.0
5,1930,1984,3.0,3.0,741.0,741,1324,1,4.0,7,0.0,1.0,1.0,180.0,0.0
5,1925,1950,3.0,3.0,816.0,816,816,1,3.0,4,0.0,1.0,1.0,210.0,0.0
6,1962,1962,3.0,3.0,1595.0,1611,2486,2,3.0,8,4.0,1.0,2.0,576.0,0.0
4,1924,1950,3.0,3.0,596.0,834,1430,2,2.0,7,0.0,1.0,2.0,370.0,0.0
5,1910,2004,2.0,2.0,396.0,665,1330,1,3.0,7,0.0,1.0,1.0,390.0,0.0
5,1919,1950,3.0,3.0,610.0,819,819,1,4.0,4,0.0,0.0,0.0,0.0,0.0
6,1930,1950,3.0,3.0,984.0,984,984,1,3.0,6,0.0,1.0,1.0,308.0,0.0
5,1951,1951,3.0,3.0,806.0,1081,1422,1,3.0,7,3.0,1.0,1.0,288.0,0.0
6,1964,1964,3.0,3.0,1921.0,1921,1921,2,3.0,8,0.0,1.0,2.0,576.0,0.0
5,1950,1950,3.0,0.0,0.0,1640,1640,1,3.0,7,4.0,2.0,2.0,394.0,0.0
5,1935,1950,3.0,0.0,0.0,1032,1032,1,3.0,6,3.0,1.0,1.0,260.0,0.0
5,1936,1950,3.0,3.0,830.0,879,879,1,3.0,4,0.0,1.0,1.0,180.0,0.0
7,2004,2004,3.0,4.0,1073.0,1073,1073,2,3.0,4,0.0,1.0,1.0,246.0,0.0
5,1967,1967,3.0,3.0,1064.0,1064,1064,1,3.0,6,3.0,1.0,2.0,528.0,0.0
6,1964,1964,3.0,3.0,912.0,934,934,1,3.0,4,0.0,1.0,1.0,336.0,0.0
5,1966,1966,3.0,3.0,1059.0,1059,1059,1,3.0,6,0.0,3.0,1.0,286.0,0.0
5,1967,1967,3.0,3.0,1176.0,1458,1458,1,3.0,7,3.0,1.0,2.0,512.0,0.0
6,1978,1978,3.0,3.0,960.0,1040,1040,1,3.0,6,2.0,1.0,2.0,616.0,0.0
5,1977,1977,3.0,4.0,1967.0,1967,1967,2,3.0,10,0.0,3.0,2.0,580.0,0.0
5,1977,1977,3.0,3.0,1949.0,1949,1949,2,3.0,10,0.0,2.0,2.0,586.0,0.0
5,1924,1950,3.0,3.0,872.0,872,872,1,2.0,5,4.0,1.0,1.0,322.0,0.0
7,1967,1967,3.0,4.0,1865.0,1830,1830,1,3.0,6,4.0,1.0,2.0,521.0,0.0
5,1963,1963,3.0,4.0,1000.0,1000,1000,1,3.0,4,3.0,1.0,2.0,575.0,0.0
5,1971,1972,3.0,4.0,782.0,810,810,1,3.0,4,0.0,1.0,2.0,576.0,0.0
7,1980,1981,4.0,4.0,430.0,880,1700,2,4.0,7,0.0,3.0,1.0,450.0,0.0
4,1954,1954,3.0,3.0,967.0,1350,1350,1,3.0,6,4.0,2.0,2.0,504.0,0.0
5,1942,1950,3.0,3.0,799.0,799,1150,1,3.0,6,3.0,1.0,1.0,215.0,0.0
6,1928,1950,3.0,3.0,672.0,1337,2009,2,3.0,8,4.0,1.0,3.0,795.0,0.0
6,1935,1990,3.0,3.0,1836.0,1836,3672,3,4.0,7,4.0,1.0,2.0,836.0,0.0
5,1962,1962,3.0,3.0,1776.0,1560,1560,2,3.0,6,2.0,3.0,2.0,528.0,0.0
5,1952,2002,3.0,0.0,0.0,1488,1488,1,3.0,7,5.0,2.0,2.0,569.0,0.0
5,1955,1999,3.0,3.0,1057.0,1057,1057,1,4.0,6,0.0,1.0,1.0,288.0,0.0
6,1953,1953,3.0,3.0,1000.0,1068,1609,1,3.0,7,0.0,1.0,1.0,305.0,0.0
6,1989,1989,4.0,4.0,868.0,1313,2559,2,5.0,9,3.0,2.0,2.0,506.0,0.0
6,1993,1993,4.0,4.0,1344.0,1440,1440,2,4.0,8,0.0,1.0,4.0,920.0,0.0
7,2005,2006,4.0,4.0,1308.0,1308,1876,2,4.0,7,0.0,2.0,3.0,848.0,0.0
7,2005,2005,4.0,4.0,1208.0,1208,1208,2,4.0,6,0.0,2.0,2.0,632.0,0.0
6,2006,2006,4.0,4.0,1836.0,1846,1846,2,4.0,7,4.0,2.0,2.0,495.0,0.0
8,2005,2006,4.0,5.0,1570.0,1590,1590,2,5.0,6,0.0,3.0,3.0,754.0,0.0
7,2005,2006,4.0,4.0,945.0,945,1809,2,4.0,8,0.0,2.0,2.0,638.0,0.0
7,2005,2005,4.0,4.0,1614.0,1614,1614,2,4.0,7,4.0,3.0,2.0,576.0,0.0
7,2005,2005,4.0,4.0,784.0,784,1596,2,4.0,6,0.0,2.0,2.0,610.0,0.0
6,1968,1968,3.0,4.0,1388.0,1388,1388,2,3.0,6,1.0,2.0,2.0,522.0,0.0
5,1996,1996,3.0,4.0,1100.0,1100,1100,1,3.0,5,0.0,2.0,2.0,462.0,0.0
6,1995,1995,4.0,4.0,781.0,795,1499,2,4.0,6,3.0,2.0,2.0,473.0,0.0
7,1998,1998,3.0,4.0,1425.0,1425,1425,2,3.0,5,0.0,2.0,2.0,591.0,0.0
7,1999,1999,4.0,4.0,842.0,856,1749,2,4.0,7,0.0,2.0,2.0,515.0,0.0
7,1999,2000,4.0,4.0,951.0,951,1779,2,4.0,7,3.0,3.0,2.0,586.0,0.0
6,1977,1977,3.0,4.0,675.0,686,1388,1,3.0,6,0.0,1.0,1.0,317.0,0.0
6,1978,1978,3.0,3.0,995.0,1282,1282,2,3.0,6,0.0,1.0,3.0,672.0,0.0
5,1972,1972,3.0,3.0,864.0,864,864,1,3.0,5,0.0,1.0,1.0,297.0,0.0
7,2002,2002,4.0,4.0,826.0,878,1762,2,4.0,6,0.0,3.0,2.0,591.0,0.0
6,1999,1999,3.0,4.0,840.0,840,1755,2,3.0,7,3.0,2.0,2.0,530.0,0.0
8,2002,2002,4.0,4.0,1348.0,1358,1358,1,4.0,5,3.0,1.0,2.0,418.0,0.0
7,2002,2002,4.0,4.0,872.0,872,1909,2,4.0,8,0.0,2.0,2.0,529.0,0.0
8,1999,1999,4.0,4.0,1090.0,1090,2214,2,4.0,8,3.0,3.0,3.0,646.0,0.0
7,1996,1997,4.0,4.0,1065.0,1065,2049,2,4.0,9,3.0,1.0,2.0,467.0,0.0
7,1998,1998,3.0,4.0,1054.0,1070,1939,2,4.0,8,3.0,2.0,3.0,555.0,0.0
7,1995,1996,4.0,4.0,930.0,950,1995,2,4.0,8,3.0,2.0,2.0,610.0,0.0
6,2003,2003,4.0,4.0,848.0,848,848,1,4.0,4,0.0,3.0,2.0,420.0,0.0
7,2003,2003,4.0,4.0,1390.0,1390,1390,2,4.0,7,0.0,2.0,2.0,545.0,0.0
7,2006,2006,4.0,4.0,851.0,851,1737,2,4.0,7,0.0,2.0,2.0,578.0,0.0
7,2005,2005,4.0,4.0,784.0,784,1611,2,4.0,6,0.0,2.0,2.0,572.0,0.0
7,2005,2006,4.0,4.0,1336.0,1336,1336,2,4.0,6,0.0,1.0,2.0,502.0,0.0
4,1910,2000,3.0,4.0,676.0,760,1436,2,3.0,6,0.0,1.0,2.0,528.0,0.0
6,1975,1975,3.0,4.0,976.0,1012,1012,2,3.0,4,0.0,0.0,0.0,0.0,0.0
5,1969,1969,3.0,4.0,1176.0,1176,1176,1,3.0,5,0.0,1.0,1.0,360.0,0.0
7,2003,2004,4.0,4.0,796.0,806,1724,2,4.0,8,4.0,3.0,2.0,616.0,0.0
6,2002,2002,3.0,4.0,914.0,914,914,1,4.0,4,0.0,0.0,0.0,0.0,0.0
7,2003,2005,4.0,5.0,1150.0,1164,2314,2,4.0,9,5.0,3.0,2.0,502.0,0.0
6,2005,2006,3.0,4.0,547.0,1072,1072,1,3.0,5,0.0,3.0,2.0,525.0,0.0
7,2004,2004,4.0,4.0,970.0,970,1709,2,4.0,7,0.0,1.0,2.0,380.0,0.0
4,1948,1950,3.0,2.0,624.0,624,936,1,3.0,5,0.0,1.0,1.0,265.0,0.0
6,1915,1950,3.0,2.0,832.0,846,1338,2,3.0,7,0.0,1.0,2.0,528.0,0.0
4,1924,1950,3.0,3.0,1093.0,1093,1669,1,3.0,9,0.0,1.0,1.0,288.0,0.0
4,1954,1968,3.0,3.0,954.0,1482,1482,2,3.0,6,4.0,1.0,2.0,609.0,0.0
4,1922,1950,3.0,3.0,864.0,964,1414,1,3.0,8,4.0,0.0,0.0,0.0,0.0
2,1922,1955,3.0,3.0,498.0,498,498,1,3.0,3,0.0,1.0,1.0,216.0,0.0
4,1910,1993,3.0,3.0,616.0,1055,1273,1,4.0,5,0.0,1.0,1.0,275.0,0.0
5,1938,1950,3.0,2.0,1058.0,1058,1551,2,2.0,6,0.0,1.0,1.0,240.0,0.0
6,1945,1950,3.0,3.0,780.0,816,1340,1,3.0,6,0.0,1.0,1.0,440.0,0.0
7,1926,1997,3.0,3.0,624.0,743,1479,1,4.0,6,4.0,1.0,1.0,312.0,0.0
6,1920,1950,3.0,3.0,755.0,755,1510,1,3.0,6,0.0,1.0,1.0,216.0,0.0
7,1919,1950,3.0,3.0,818.0,818,1636,1,4.0,7,4.0,1.0,1.0,288.0,0.0
5,1939,1950,3.0,3.0,992.0,992,1465,2,3.0,6,3.0,1.0,1.0,240.0,0.0
5,1941,1950,3.0,2.0,824.0,824,1288,1,3.0,6,0.0,1.0,1.0,240.0,0.0
6,1920,1950,3.0,3.0,817.0,940,1550,1,3.0,7,3.0,1.0,1.0,318.0,0.0
5,1940,1950,3.0,4.0,901.0,1125,1717,1,3.0,7,4.0,1.0,1.0,410.0,0.0
7,1929,1950,4.0,3.0,1022.0,1122,1671,2,3.0,7,4.0,1.0,2.0,451.0,0.0
7,1932,1990,3.0,3.0,637.0,959,1609,1,4.0,8,4.0,1.0,3.0,579.0,0.0
6,1930,1959,3.0,3.0,697.0,1104,1801,1,3.0,8,4.0,1.0,2.0,365.0,0.0
5,1950,1963,3.0,4.0,1168.0,1278,2315,2,3.0,9,4.0,3.0,1.0,342.0,0.0
5,1942,1950,3.0,3.0,976.0,976,976,1,3.0,5,0.0,1.0,1.0,215.0,0.0
6,1926,1950,3.0,3.0,861.0,861,1285,1,3.0,6,0.0,3.0,2.0,506.0,0.0
4,1925,1950,3.0,2.0,432.0,672,672,1,3.0,4,0.0,0.0,0.0,0.0,0.0
4,1925,1950,3.0,3.0,641.0,641,641,1,2.0,4,0.0,1.0,1.0,272.0,0.0
6,1957,1957,3.0,3.0,967.0,967,1638,2,4.0,6,0.0,1.0,1.0,384.0,0.0
3,1945,1950,3.0,0.0,0.0,729,729,1,3.0,5,0.0,0.0,0.0,0.0,0.0
5,1951,1951,2.0,3.0,660.0,1060,1396,2,3.0,8,0.0,0.0,0.0,0.0,0.0
3,1916,1950,3.0,2.0,216.0,576,936,1,3.0,6,0.0,0.0,0.0,0.0,0.0
8,2005,2006,4.0,5.0,1573.0,1778,1778,2,5.0,5,4.0,3.0,2.0,495.0,0.0
8,2004,2005,4.0,5.0,1594.0,1646,1646,2,4.0,5,4.0,3.0,2.0,525.0,0.0
6,1979,1979,3.0,4.0,1625.0,1625,1625,2,2.0,6,3.0,3.0,2.0,576.0,0.0
6,1978,1978,3.0,3.0,1664.0,1664,1664,2,3.0,10,0.0,1.0,2.0,616.0,0.0
8,2001,2001,4.0,5.0,1491.0,1491,1491,2,4.0,7,0.0,2.0,2.0,490.0,0.0
6,1975,1975,3.0,3.0,1128.0,1210,1210,2,3.0,6,0.0,1.0,2.0,528.0,0.0
6,1958,1958,3.0,4.0,1632.0,1650,1650,1,3.0,6,4.0,1.0,2.0,518.0,0.0
6,2000,2000,4.0,4.0,1381.0,1403,1403,2,4.0,5,0.0,1.0,2.0,470.0,0.0
8,2005,2006,4.0,5.0,1728.0,1960,1960,2,4.0,8,4.0,3.0,3.0,714.0,0.0
9,2005,2006,5.0,4.0,1838.0,1838,1838,2,5.0,9,4.0,3.0,3.0,682.0,0.0
1,1951,1951,3.0,0.0,0.0,1600,1600,1,3.0,6,0.0,1.0,1.0,270.0,0.0
7,1997,1997,3.0,4.0,1288.0,1368,1368,2,3.0,8,0.0,3.0,4.0,784.0,0.0
5,1977,1977,3.0,4.0,264.0,616,1304,1,3.0,5,3.0,2.0,1.0,336.0,0.0
5,1968,2003,3.0,3.0,864.0,874,874,1,3.0,5,0.0,2.0,1.0,288.0,0.0
5,1970,1970,3.0,3.0,1652.0,1652,1652,2,3.0,8,0.0,1.0,3.0,928.0,0.0
4,1970,1970,3.0,4.0,630.0,630,630,1,3.0,3,0.0,0.0,0.0,0.0,0.0
4,1972,1972,3.0,3.0,546.0,546,1092,1,3.0,5,0.0,1.0,1.0,253.0,0.0
5,1969,1979,3.0,3.0,1104.0,1360,1360,1,3.0,8,3.0,2.0,1.0,336.0,0.0
4,1970,1970,3.0,3.0,546.0,546,1092,1,3.0,5,0.0,1.0,1.0,286.0,0.0
4,1970,1970,3.0,3.0,546.0,546,1092,1,3.0,5,0.0,0.0,0.0,0.0,0.0
4,1970,1970,3.0,3.0,546.0,546,1092,1,3.0,5,0.0,0.0,0.0,0.0,0.0
4,1970,1970,3.0,3.0,546.0,546,1092,1,3.0,6,0.0,1.0,1.0,286.0,0.0
5,1960,1996,3.0,3.0,1224.0,1224,1224,1,3.0,7,3.0,1.0,2.0,576.0,0.0
5,1992,1992,3.0,4.0,912.0,970,970,1,3.0,6,0.0,0.0,0.0,0.0,0.0
7,1993,1994,3.0,4.0,996.0,996,2000,2,3.0,9,3.0,3.0,3.0,650.0,0.0
