SalePrice,Neighborhood_StoneBr,LandContour_HLS,Neighborhood_NoRidge,SaleType_New,Neighborhood_NridgHt,Neighborhood_CollgCr,MasVnrArea,GarageArea,Neighborhood_Gilbert,OverallQual,Condition1_Artery,KitchenQual,ExterQual,Neighborhood_Timber,FullBath,Neighborhood_Crawfor,LotShape,GrLivArea,WoodDeckSF,FireplaceQu
208500.0,0,0,0,0,0,1,196.0,548.0,0,7,0,4.0,4.0,0,2,0,1.0,1710,0,0.0
181500.0,0,0,0,0,0,0,0.0,460.0,0,6,0,3.0,3.0,0,2,0,1.0,1262,298,3.0
223500.0,0,0,0,0,0,1,162.0,608.0,0,7,0,4.0,4.0,0,2,0,2.0,1786,0,3.0
140000.0,0,0,0,0,0,0,0.0,642.0,0,7,0,4.0,3.0,0,1,1,2.0,1717,0,4.0
250000.0,0,0,1,0,0,0,350.0,836.0,0,8,0,4.0,4.0,0,2,0,2.0,2198,192,3.0
143000.0,0,0,0,0,0,0,0.0,480.0,0,5,0,3.0,3.0,0,1,0,2.0,1362,40,0.0
307000.0,0,0,0,0,0,0,186.0,636.0,0,8,0,4.0,4.0,0,2,0,1.0,1694,255,4.0
200000.0,0,0,0,0,0,0,240.0,484.0,0,7,0,3.0,3.0,0,2,0,2.0,2090,235,3.0
129900.0,0,0,0,0,0,0,0.0,468.0,0,7,1,3.0,3.0,0,2,0,1.0,1774,90,3.0
118000.0,0,0,0,0,0,0,0.0,205.0,0,5,1,3.0,3.0,0,1,0,1.0,1077,0,3.0
129500.0,0,0,0,0,0,0,0.0,384.0,0,5,0,3.0,3.0,0,1,0,1.0,1040,0,0.0
345000.0,0,0,0,1,1,0,286.0,736.0,0,9,0,5.0,5.0,0,3,0,2.0,2324,147,4.0
144000.0,0,0,0,0,0,0,0.0,352.0,0,5,0,3.0,3.0,0,1,0,3.0,912,140,0.0
279500.0,0,0,0,1,0,1,306.0,840.0,0,7,0,4.0,4.0,0,2,0,2.0,1494,160,4.0
157000.0,0,0,0,0,0,0,212.0,352.0,0,6,0,3.0,3.0,0,1,0,2.0,1253,0,2.0
132000.0,0,0,0,0,0,0,0.0,576.0,0,7,0,3.0,3.0,0,1,0,1.0,854,48,0.0
149000.0,0,0,0,0,0,0,180.0,480.0,0,6,0,3.0,3.0,0,1,0,2.0,1004,0,3.0
90000.0,0,0,0,0,0,0,0.0,516.0,0,4,0,3.0,3.0,0,2,0,1.0,1296,0,0.0
159000.0,0,0,0,0,0,0,0.0,576.0,0,5,0,4.0,3.0,0,1,0,1.0,1114,0,0.0
139000.0,0,0,0,0,0,0,0.0,294.0,0,5,0,3.0,3.0,0,1,0,1.0,1339,0,0.0
325300.0,0,0,0,1,1,0,380.0,853.0,0,8,0,4.0,4.0,0,3,0,2.0,2376,240,4.0
139400.0,0,0,0,0,0,0,0.0,280.0,0,7,0,4.0,3.0,0,1,0,1.0,1108,0,4.0
230000.0,0,0,0,0,0,1,281.0,534.0,0,8,0,4.0,4.0,0,2,0,1.0,1795,171,4.0
129900.0,0,0,0,0,0,0,0.0,572.0,0,5,0,3.0,3.0,0,1,0,1.0,1060,100,3.0
154000.0,0,0,0,0,0,0,0.0,270.0,0,5,0,4.0,3.0,0,1,0,2.0,1060,406,3.0
256300.0,0,0,0,0,1,0,640.0,890.0,0,8,0,4.0,4.0,0,2,0,1.0,1600,0,4.0
134800.0,0,0,0,0,0,0,0.0,576.0,0,5,0,4.0,3.0,0,1,0,1.0,900,222,0.0
306000.0,0,0,0,0,1,0,200.0,772.0,0,8,0,4.0,4.0,0,2,0,1.0,1704,0,4.0
207500.0,0,0,0,0,0,0,0.0,319.0,0,5,0,3.0,3.0,0,1,0,2.0,1600,288,4.0
68500.0,0,0,0,0,0,0,0.0,240.0,0,4,0,2.0,3.0,0,1,0,2.0,520,49,0.0
40000.0,0,0,0,0,0,0,0.0,250.0,0,4,0,3.0,3.0,0,1,0,1.0,1317,0,0.0
149350.0,0,0,0,0,0,0,0.0,271.0,0,5,0,4.0,3.0,0,1,0,2.0,1228,0,0.0
179900.0,0,0,0,0,0,1,0.0,484.0,0,8,0,4.0,4.0,0,2,0,1.0,1234,0,0.0
165500.0,0,0,0,0,0,0,0.0,447.0,0,5,0,4.0,3.0,0,1,0,2.0,1700,0,4.0
277500.0,0,0,0,0,1,0,246.0,556.0,0,9,0,5.0,5.0,0,2,0,1.0,1561,203,4.0
309000.0,0,0,0,0,1,0,132.0,691.0,0,8,0,4.0,4.0,0,3,0,1.0,2452,113,4.0
145000.0,0,0,0,0,0,1,0.0,672.0,0,5,0,3.0,3.0,0,1,0,1.0,1097,392,0.0
153000.0,0,0,0,0,0,0,650.0,498.0,0,5,0,3.0,3.0,0,1,0,1.0,1297,0,3.0
109000.0,0,0,0,0,0,0,0.0,246.0,0,5,0,4.0,3.0,0,1,0,1.0,1057,0,0.0
82000.0,0,0,0,0,0,0,0.0,0.0,0,4,0,2.0,3.0,0,2,0,1.0,1152,0,0.0
160000.0,0,0,0,0,0,0,101.0,440.0,0,6,0,3.0,3.0,0,2,0,1.0,1324,0,3.0
170000.0,0,0,0,0,0,0,0.0,308.0,0,5,0,3.0,3.0,1,1,0,1.0,1328,0,4.0
144000.0,0,0,0,0,0,0,0.0,504.0,0,5,0,4.0,3.0,0,1,0,2.0,884,240,0.0
130250.0,0,0,0,0,0,1,0.0,308.0,0,5,0,3.0,3.0,0,1,0,2.0,938,145,0.0
141000.0,0,0,0,0,0,0,0.0,300.0,0,5,0,3.0,3.0,0,1,0,1.0,1150,0,0.0
319900.0,0,0,0,0,1,0,412.0,576.0,0,9,0,5.0,5.0,0,2,0,1.0,1752,196,4.0
239686.0,0,0,0,0,0,0,0.0,670.0,0,7,0,4.0,4.0,0,1,0,2.0,2149,168,5.0
249700.0,0,0,0,0,0,0,0.0,826.0,0,8,0,4.0,4.0,0,2,0,1.0,1656,0,0.0
113000.0,0,0,0,1,0,0,0.0,0.0,0,4,0,3.0,3.0,0,2,0,1.0,1452,0,0.0
127000.0,0,0,0,0,0,0,0.0,386.0,0,5,0,3.0,3.0,0,1,0,1.0,955,0,0.0
177000.0,0,0,0,0,0,0,0.0,388.0,1,6,0,3.0,3.0,0,2,0,3.0,1470,0,0.0
114500.0,0,0,0,0,0,0,0.0,528.0,0,6,0,3.0,3.0,0,1,0,1.0,1176,112,4.0
110000.0,0,0,0,0,0,0,0.0,516.0,0,5,0,3.0,2.0,0,1,0,3.0,816,106,0.0
385000.0,0,0,0,0,0,0,0.0,894.0,0,9,0,4.0,4.0,0,0,0,2.0,1842,857,4.0
130000.0,0,0,0,0,0,0,0.0,572.0,0,5,0,3.0,3.0,0,1,0,1.0,1360,0,3.0
180500.0,0,0,0,0,0,0,272.0,576.0,0,6,0,3.0,3.0,0,2,0,2.0,1425,0,4.0
172500.0,0,0,0,0,0,0,456.0,480.0,0,8,0,4.0,4.0,0,2,0,1.0,1739,115,0.0
196500.0,0,0,0,0,0,1,0.0,565.0,0,7,0,4.0,4.0,0,2,0,2.0,1720,0,0.0
438780.0,1,1,0,1,0,0,1031.0,641.0,0,10,0,4.0,5.0,0,3,0,3.0,2945,192,4.0
124900.0,0,0,0,0,0,1,0.0,352.0,0,5,0,3.0,3.0,0,1,0,1.0,780,196,0.0
158000.0,0,0,0,1,0,0,0.0,576.0,0,6,0,4.0,3.0,0,1,0,1.0,1158,0,0.0
101000.0,0,0,0,0,0,0,0.0,288.0,0,5,0,2.0,3.0,0,1,0,1.0,1111,0,0.0
202500.0,0,0,0,0,1,0,178.0,484.0,0,8,0,4.0,4.0,0,2,0,2.0,1370,120,4.0
140000.0,0,0,0,0,0,0,0.0,480.0,0,7,0,3.0,3.0,0,2,0,2.0,1710,12,0.0
219500.0,0,0,0,0,0,1,573.0,645.0,0,7,0,4.0,3.0,0,2,0,1.0,2034,576,0.0
317000.0,0,0,0,0,1,0,344.0,852.0,0,8,0,4.0,4.0,0,2,0,1.0,2473,192,4.0
180000.0,0,0,0,0,0,0,287.0,576.0,0,7,0,3.0,3.0,0,2,0,1.0,2207,301,4.0
226000.0,0,0,0,0,0,1,167.0,558.0,0,7,0,4.0,4.0,0,2,0,2.0,1479,144,0.0
80000.0,0,0,0,0,0,0,0.0,220.0,0,4,1,3.0,3.0,0,1,0,1.0,747,0,0.0
225000.0,0,0,0,0,0,0,0.0,667.0,0,7,0,3.0,4.0,0,2,0,1.0,2287,0,3.0
244000.0,0,0,0,0,0,0,1115.0,516.0,0,7,0,3.0,3.0,0,2,0,2.0,2223,300,4.0
129500.0,0,0,0,0,0,0,0.0,360.0,0,4,0,3.0,3.0,0,1,0,1.0,845,0,0.0
185000.0,0,0,0,0,0,0,40.0,427.0,1,7,0,3.0,3.0,0,2,0,2.0,1718,0,3.0
144900.0,0,0,0,0,0,0,104.0,490.0,0,5,0,3.0,3.0,0,1,0,1.0,1086,0,0.0
107400.0,0,0,0,0,0,0,0.0,379.0,0,3,0,3.0,4.0,0,2,0,1.0,1605,0,0.0
91000.0,0,0,0,0,0,0,0.0,297.0,0,4,0,3.0,3.0,0,1,0,1.0,988,120,0.0
135750.0,0,0,0,0,0,0,0.0,283.0,0,4,0,3.0,3.0,0,1,0,2.0,952,0,0.0
127000.0,0,0,0,0,0,0,0.0,240.0,0,5,0,3.0,3.0,0,1,0,1.0,1285,0,0.0
136500.0,0,0,0,0,0,0,0.0,0.0,0,4,0,3.0,3.0,0,2,0,1.0,1768,0,0.0
110000.0,0,0,0,0,0,0,0.0,440.0,0,5,0,3.0,3.0,0,1,0,1.0,1230,74,0.0
193500.0,0,0,0,0,0,0,576.0,509.0,0,6,0,4.0,3.0,0,2,0,1.0,2142,0,4.0
153500.0,0,0,0,0,0,0,443.0,405.0,0,6,0,3.0,3.0,0,2,0,1.0,1337,0,0.0
245000.0,0,0,0,0,0,0,468.0,758.0,0,8,0,4.0,3.0,0,2,0,1.0,1563,144,4.0
126500.0,0,0,0,0,0,0,66.0,461.0,0,5,0,3.0,3.0,0,1,0,2.0,1065,74,0.0
168500.0,0,0,0,0,0,0,22.0,400.0,1,7,0,3.0,3.0,0,2,0,2.0,1474,120,3.0
260000.0,0,0,1,0,0,0,284.0,462.0,0,8,0,4.0,4.0,0,2,0,1.0,2417,127,3.0
174000.0,0,0,0,0,0,0,0.0,400.0,1,6,0,4.0,4.0,0,2,0,3.0,1560,100,4.0
164500.0,0,0,0,1,0,0,76.0,528.0,0,6,0,4.0,4.0,0,2,0,1.0,1224,0,0.0
85000.0,0,0,0,0,0,0,0.0,0.0,0,3,0,2.0,2.0,0,1,0,2.0,1526,0,0.0
123600.0,0,0,0,0,0,1,0.0,0.0,0,4,0,3.0,3.0,0,1,0,1.0,990,0,0.0
109900.0,0,0,0,0,0,0,0.0,420.0,0,4,0,3.0,3.0,0,1,0,1.0,1040,0,0.0
98600.0,0,0,0,0,0,0,203.0,480.0,0,5,0,3.0,3.0,0,1,0,1.0,1235,0,0.0
163500.0,0,1,0,0,0,0,0.0,432.0,0,5,0,3.0,3.0,0,1,1,2.0,964,0,0.0
133900.0,0,0,0,0,0,0,0.0,506.0,0,6,0,3.0,3.0,0,2,0,1.0,2291,0,4.0
204750.0,0,0,0,0,0,1,0.0,684.0,0,6,0,4.0,3.0,0,2,0,2.0,1786,0,0.0
185000.0,0,0,0,0,0,0,68.0,420.0,1,6,0,3.0,5.0,0,2,0,3.0,1470,232,3.0
214000.0,0,0,0,0,0,1,183.0,472.0,0,7,0,4.0,4.0,0,2,0,2.0,1588,158,0.0
94750.0,0,1,0,0,0,0,48.0,432.0,0,4,0,3.0,3.0,0,1,0,1.0,960,120,0.0
83000.0,0,0,0,0,0,0,0.0,366.0,0,5,0,3.0,3.0,0,1,0,1.0,835,0,0.0
128950.0,0,0,0,0,0,0,0.0,0.0,0,4,0,3.0,3.0,0,1,0,2.0,1225,352,0.0
205000.0,0,0,0,0,0,0,28.0,480.0,0,6,0,4.0,3.0,0,2,0,2.0,1610,168,3.0
178000.0,0,0,0,0,0,0,336.0,476.0,0,6,0,4.0,4.0,0,2,0,1.0,1732,192,3.0
118964.0,0,0,0,0,0,0,0.0,410.0,0,5,0,3.0,3.0,0,2,0,1.0,1535,0,0.0
198900.0,0,0,0,0,0,1,0.0,740.0,0,7,0,4.0,3.0,0,2,0,2.0,1226,0,0.0
169500.0,0,0,0,0,0,0,600.0,240.0,0,7,0,3.0,3.0,0,1,0,1.0,1818,0,3.0
250000.0,0,0,0,0,0,0,768.0,648.0,0,8,0,4.0,4.0,0,2,0,1.0,1992,140,4.0
100000.0,0,0,0,0,0,0,0.0,273.0,0,4,0,3.0,3.0,0,1,0,1.0,1047,0,0.0
115000.0,0,0,0,0,0,0,0.0,250.0,0,5,0,3.0,3.0,0,1,0,1.0,789,0,0.0
115000.0,0,0,0,0,0,0,0.0,0.0,0,5,1,2.0,3.0,0,2,0,1.0,1517,0,0.0
190000.0,0,0,0,0,0,0,480.0,546.0,0,6,0,3.0,3.0,0,2,0,2.0,1844,0,3.0
136900.0,0,0,0,0,0,0,0.0,325.0,0,6,0,3.0,3.0,0,2,0,1.0,1855,182,0.0
180000.0,0,0,0,0,0,0,0.0,400.0,1,7,0,3.0,3.0,0,2,0,2.0,1430,180,3.0
383970.0,0,0,0,1,0,1,220.0,792.0,0,7,0,5.0,4.0,0,2,0,1.0,2696,120,4.0
217000.0,0,0,0,0,0,0,184.0,450.0,0,6,0,4.0,3.0,0,2,1,1.0,2259,166,4.0
259500.0,0,0,0,0,0,0,0.0,180.0,0,6,0,4.0,3.0,0,2,1,2.0,2320,224,3.0
176000.0,0,0,0,0,0,0,1129.0,440.0,0,6,0,3.0,3.0,0,2,0,1.0,1458,0,2.0
139000.0,0,0,0,0,0,0,116.0,288.0,0,5,0,3.0,3.0,0,1,0,1.0,1092,0,1.0
155000.0,0,0,0,1,0,0,0.0,430.0,0,5,0,3.0,3.0,0,1,0,1.0,1125,80,0.0
320000.0,0,0,0,0,0,0,0.0,594.0,0,7,0,4.0,3.0,0,3,0,1.0,3222,367,3.0
163990.0,0,0,0,1,0,1,0.0,390.0,0,6,0,4.0,4.0,0,2,0,1.0,1456,0,4.0
180000.0,0,0,0,0,0,0,0.0,540.0,0,6,0,3.0,3.0,0,1,0,2.0,988,0,3.0
100000.0,0,0,0,0,0,0,0.0,264.0,0,4,0,3.0,3.0,0,1,0,1.0,1123,0,0.0
136000.0,0,0,0,0,0,0,135.0,288.0,0,6,0,3.0,3.0,0,1,0,1.0,1080,0,0.0
153900.0,0,0,0,0,0,0,0.0,530.0,0,6,0,4.0,4.0,0,2,0,1.0,1199,0,0.0
181000.0,0,0,0,0,0,0,0.0,435.0,0,6,0,3.0,3.0,0,2,0,2.0,1586,192,3.0
84500.0,0,0,0,0,0,0,0.0,0.0,0,6,0,3.0,3.0,0,1,0,1.0,754,53,0.0
128000.0,0,0,0,0,0,0,0.0,440.0,0,6,0,3.0,3.0,0,2,0,2.0,958,0,3.0
87000.0,0,0,0,0,0,0,0.0,0.0,0,5,0,3.0,3.0,0,1,0,2.0,840,0,3.0
155000.0,0,0,0,0,0,0,266.0,453.0,0,6,0,3.0,3.0,0,1,0,1.0,1348,188,2.0
150000.0,0,0,0,0,0,0,85.0,750.0,0,5,0,5.0,3.0,0,1,0,1.0,1053,0,0.0
226000.0,0,0,0,0,0,0,309.0,487.0,0,7,0,4.0,3.0,0,2,0,1.0,2157,105,4.0
244000.0,0,0,0,0,0,0,40.0,390.0,1,6,0,4.0,4.0,0,2,0,2.0,2054,24,3.0
150750.0,0,0,0,0,0,0,0.0,624.0,0,5,0,4.0,3.0,0,1,0,1.0,1327,0,0.0
220000.0,0,0,0,0,0,0,136.0,471.0,0,8,0,4.0,4.0,1,2,0,2.0,1296,192,0.0
180000.0,0,0,0,0,0,0,0.0,440.0,0,5,0,3.0,3.0,0,2,0,2.0,1721,0,3.0
174000.0,0,0,0,0,0,0,288.0,530.0,0,7,0,3.0,3.0,0,2,0,1.0,1682,98,4.0
143000.0,0,0,0,0,0,0,196.0,318.0,0,5,0,3.0,3.0,0,2,0,2.0,1214,0,2.0
171000.0,0,0,0,0,0,0,70.0,766.0,0,7,0,3.0,3.0,0,3,0,1.0,1959,0,0.0
230000.0,0,0,0,0,0,1,320.0,660.0,0,8,0,4.0,4.0,0,2,0,2.0,1852,224,3.0
231500.0,0,0,0,0,0,1,0.0,470.0,0,6,0,4.0,3.0,0,2,0,2.0,1764,276,0.0
115000.0,0,0,0,0,0,0,0.0,0.0,0,4,0,3.0,3.0,0,1,0,1.0,864,0,1.0
260000.0,0,0,0,0,0,1,0.0,660.0,0,7,0,4.0,4.0,0,2,0,1.0,1734,160,0.0
166000.0,0,0,0,0,0,0,0.0,720.0,0,5,1,3.0,3.0,0,2,0,1.0,1385,0,0.0
204000.0,0,0,0,0,0,1,183.0,577.0,0,7,0,4.0,4.0,0,2,0,2.0,1501,144,0.0
125000.0,0,0,0,0,0,0,336.0,504.0,0,5,0,3.0,3.0,0,2,0,1.0,1728,0,0.0
130000.0,0,0,0,0,0,0,50.0,380.0,0,6,0,4.0,4.0,0,2,0,1.0,1709,0,0.0
105000.0,0,0,0,0,0,0,0.0,180.0,0,5,0,3.0,3.0,0,1,0,1.0,875,48,0.0
222500.0,0,0,0,0,0,0,180.0,434.0,1,7,0,4.0,4.0,0,2,0,2.0,2035,144,4.0
141000.0,0,0,0,0,0,0,120.0,0.0,0,7,0,4.0,3.0,0,1,0,1.0,1080,0,0.0
115000.0,0,0,0,0,0,0,0.0,240.0,0,5,0,3.0,3.0,0,1,0,1.0,1344,200,0.0
122000.0,0,0,0,0,0,1,0.0,440.0,0,5,0,3.0,3.0,0,1,0,1.0,969,0,0.0
372402.0,0,0,0,1,1,0,436.0,866.0,0,8,0,4.0,4.0,0,2,0,1.0,1710,0,4.0
190000.0,0,0,0,0,0,0,252.0,495.0,0,6,0,3.0,3.0,0,2,0,2.0,1993,0,4.0
235000.0,0,0,0,0,0,0,0.0,564.0,0,6,0,3.0,3.0,0,1,0,1.0,1252,409,4.0
125000.0,0,0,0,0,0,0,0.0,312.0,0,6,0,3.0,3.0,0,1,0,1.0,1200,0,0.0
79000.0,0,0,0,0,0,0,0.0,0.0,0,6,1,3.0,3.0,0,1,0,1.0,1096,0,0.0
109500.0,0,0,0,0,0,0,0.0,625.0,0,5,0,3.0,3.0,0,1,0,1.0,1040,0,0.0
269500.0,0,0,0,1,0,0,84.0,680.0,0,8,0,5.0,4.0,1,2,0,1.0,1968,0,4.0
254900.0,0,0,0,0,0,0,0.0,678.0,0,7,0,4.0,4.0,0,2,0,1.0,1947,0,4.0
320000.0,0,1,0,1,0,0,456.0,576.0,1,7,0,4.0,4.0,0,2,0,2.0,2462,239,4.0
162500.0,0,0,0,0,0,0,0.0,516.0,0,6,0,3.0,3.0,0,2,0,2.0,1232,0,0.0
412500.0,0,0,0,0,1,0,664.0,726.0,0,9,0,5.0,4.0,0,2,0,2.0,2668,400,4.0
220000.0,0,0,0,1,1,0,226.0,532.0,0,7,0,4.0,4.0,0,2,0,1.0,1541,0,4.0
103200.0,0,0,0,0,0,0,0.0,0.0,0,4,0,3.0,3.0,0,1,0,1.0,882,0,0.0
152000.0,0,0,0,0,0,0,0.0,216.0,0,6,0,4.0,3.0,0,2,0,1.0,1616,0,0.0
127500.0,0,0,0,0,0,0,0.0,0.0,0,5,0,3.0,3.0,0,2,0,1.0,1355,140,0.0
190000.0,0,0,0,0,0,0,0.0,303.0,0,5,0,3.0,4.0,0,1,0,2.0,1867,476,4.0
325624.0,0,0,0,1,1,0,300.0,789.0,0,8,0,5.0,4.0,0,1,0,1.0,2161,178,4.0
183500.0,0,0,0,0,0,0,0.0,440.0,1,7,0,4.0,4.0,0,2,0,2.0,1720,100,4.0
228000.0,0,0,0,0,0,0,653.0,511.0,0,8,0,3.0,4.0,1,2,0,2.0,1707,574,3.0
128500.0,0,0,0,0,0,0,0.0,660.0,0,5,0,3.0,3.0,0,1,0,2.0,1382,237,0.0
215000.0,0,0,0,0,0,0,112.0,528.0,0,6,0,3.0,3.0,0,1,0,2.0,1656,210,4.0
239000.0,1,0,0,0,0,0,0.0,504.0,0,7,0,4.0,4.0,0,2,0,2.0,1767,441,3.0
163000.0,0,0,0,0,0,0,491.0,504.0,0,6,0,3.0,3.0,0,1,0,2.0,1362,0,3.0
184000.0,0,0,0,0,0,0,132.0,616.0,0,6,0,3.0,3.0,1,2,0,2.0,1651,192,3.0
243000.0,0,0,0,0,0,0,0.0,576.0,0,6,0,4.0,3.0,0,2,0,1.0,2158,0,4.0
211000.0,0,0,0,0,0,0,268.0,521.0,0,6,0,3.0,4.0,0,2,0,2.0,2060,0,3.0
172500.0,0,0,0,0,0,0,0.0,451.0,0,5,0,4.0,4.0,0,2,0,1.0,1920,0,4.0
501837.0,1,0,0,1,0,0,748.0,1166.0,0,9,0,5.0,5.0,0,2,0,2.0,2234,0,4.0
100000.0,0,0,0,0,0,0,0.0,480.0,0,5,0,3.0,4.0,0,1,0,1.0,968,0,0.0
177000.0,0,0,0,0,0,0,456.0,440.0,0,6,0,4.0,4.0,0,2,0,1.0,1525,0,3.0
200100.0,0,0,0,0,0,0,0.0,216.0,0,7,0,3.0,3.0,0,1,1,1.0,1802,0,4.0
120000.0,0,0,0,0,0,0,98.0,252.0,0,5,1,3.0,3.0,0,1,0,1.0,1340,116,4.0
200000.0,0,0,0,0,0,0,0.0,484.0,0,7,0,4.0,3.0,0,2,0,1.0,2082,280,0.0
127000.0,0,0,0,0,0,0,0.0,576.0,0,5,0,3.0,3.0,0,1,0,2.0,1252,104,0.0
475000.0,0,0,0,0,0,0,0.0,840.0,0,10,1,5.0,4.0,0,2,0,3.0,3608,0,3.0
173000.0,0,0,0,0,0,0,0.0,497.0,0,7,0,4.0,3.0,0,2,0,2.0,1217,168,0.0
135000.0,0,0,0,0,0,0,0.0,180.0,0,5,0,3.0,3.0,0,2,0,1.0,1656,0,0.0
153337.0,0,0,0,0,0,0,275.0,528.0,0,5,0,3.0,3.0,0,0,0,1.0,1224,120,3.0
286000.0,1,0,0,0,0,0,0.0,682.0,0,8,0,5.0,4.0,0,1,0,1.0,1593,0,4.0
315000.0,0,0,0,0,0,0,0.0,440.0,0,8,0,4.0,4.0,0,2,1,1.0,2727,0,3.0
184000.0,0,0,0,0,0,0,138.0,484.0,0,7,0,4.0,3.0,0,1,0,2.0,1479,0,0.0
192000.0,0,0,0,0,0,1,0.0,666.0,0,7,0,4.0,4.0,0,2,0,2.0,1431,0,0.0
130000.0,0,0,0,0,0,0,50.0,380.0,0,7,0,4.0,4.0,0,2,0,1.0,1709,0,0.0
127000.0,0,0,0,0,0,1,0.0,352.0,0,5,0,3.0,3.0,0,1,0,2.0,864,0,0.0
148500.0,0,0,0,0,0,0,0.0,440.0,0,6,0,3.0,3.0,0,2,0,1.0,1456,87,3.0
311872.0,0,0,0,1,0,0,205.0,786.0,0,7,0,5.0,5.0,0,2,0,1.0,1726,171,4.0
235000.0,0,0,0,0,0,0,0.0,795.0,0,8,1,4.0,4.0,0,2,0,1.0,3112,0,5.0
104000.0,0,0,0,0,0,0,0.0,0.0,0,6,0,3.0,3.0,0,1,0,1.0,2229,0,0.0
274900.0,0,0,0,0,1,0,262.0,856.0,0,8,0,5.0,4.0,0,2,0,1.0,1713,0,4.0
140000.0,0,0,0,0,0,0,0.0,440.0,0,4,0,3.0,3.0,0,2,0,1.0,1121,132,0.0
171500.0,0,0,0,0,0,0,0.0,473.0,0,6,0,3.0,3.0,0,2,0,1.0,1279,238,2.0
112000.0,0,0,0,0,0,0,0.0,398.0,0,6,1,3.0,3.0,0,2,0,1.0,1310,0,0.0
149000.0,0,0,0,0,0,1,205.0,420.0,0,6,0,4.0,4.0,0,1,0,1.0,848,149,4.0
110000.0,0,0,0,0,0,0,0.0,240.0,0,5,0,3.0,3.0,0,1,0,1.0,1284,0,0.0
180500.0,0,0,0,0,0,0,0.0,500.0,1,7,0,3.0,3.0,0,2,0,1.0,1442,0,0.0
143900.0,0,0,0,0,0,0,0.0,349.0,0,5,0,3.0,3.0,0,1,0,2.0,1696,0,3.0
141000.0,0,0,0,0,0,0,0.0,312.0,0,4,0,3.0,3.0,0,1,0,2.0,1100,355,1.0
277000.0,0,0,0,0,0,0,128.0,454.0,0,7,0,3.0,4.0,0,2,0,2.0,2062,60,4.0
145000.0,0,0,0,0,0,0,260.0,504.0,0,6,0,3.0,3.0,0,1,0,1.0,1092,0,0.0
98000.0,0,0,0,0,0,0,0.0,0.0,0,5,0,3.0,3.0,0,1,0,1.0,864,0,0.0
186000.0,0,0,0,0,0,0,0.0,460.0,0,6,0,4.0,3.0,0,2,0,1.0,1212,100,0.0
252678.0,0,0,0,1,0,0,0.0,644.0,0,7,0,4.0,3.0,0,2,0,1.0,1852,168,3.0
156000.0,0,0,0,0,0,1,0.0,576.0,0,5,0,3.0,3.0,0,1,0,3.0,990,224,0.0
161750.0,0,0,0,0,0,1,153.0,299.0,0,6,0,3.0,3.0,0,1,0,2.0,1392,0,0.0
134450.0,0,0,0,0,0,0,64.0,447.0,0,5,0,4.0,3.0,0,1,0,2.0,1236,0,2.0
210000.0,0,0,0,0,0,1,266.0,484.0,0,7,0,4.0,4.0,0,2,0,1.0,1436,139,0.0
107000.0,0,0,0,0,0,0,0.0,210.0,0,4,0,3.0,3.0,0,1,0,1.0,1328,0,0.0
311500.0,0,0,0,0,0,0,312.0,431.0,0,7,0,4.0,4.0,0,1,1,2.0,1954,0,3.0
167240.0,0,0,0,1,0,0,16.0,438.0,0,7,0,4.0,4.0,0,2,0,1.0,1248,108,0.0
204900.0,0,0,0,1,0,1,0.0,675.0,0,7,0,4.0,4.0,0,2,0,2.0,1498,351,0.0
200000.0,0,0,0,0,0,0,0.0,390.0,1,6,0,4.0,4.0,0,2,0,2.0,2267,120,3.0
179900.0,0,0,0,0,0,0,0.0,434.0,0,6,0,3.0,3.0,0,2,0,1.0,1552,209,3.0
97000.0,0,0,0,0,0,0,0.0,576.0,0,4,0,3.0,3.0,0,1,0,1.0,864,216,0.0
386250.0,0,0,0,0,1,0,922.0,968.0,0,10,0,5.0,5.0,0,2,0,1.0,2392,248,5.0
112000.0,0,0,0,0,0,0,142.0,280.0,0,5,0,3.0,3.0,0,2,0,1.0,1302,0,0.0
290000.0,0,0,1,0,0,0,290.0,721.0,0,7,0,4.0,4.0,0,2,0,2.0,2520,224,3.0
106000.0,0,0,0,0,0,0,127.0,280.0,0,6,0,3.0,3.0,0,1,0,1.0,987,0,0.0
125000.0,0,0,0,0,0,0,0.0,336.0,0,5,0,3.0,3.0,0,1,0,1.0,912,0,2.0
192500.0,0,0,0,0,0,0,16.0,430.0,0,7,0,4.0,4.0,0,2,0,1.0,1555,143,3.0
148000.0,0,0,0,0,0,0,220.0,312.0,0,6,0,3.0,3.0,0,1,0,1.0,1194,0,0.0
403000.0,0,0,1,0,0,0,506.0,810.0,0,8,0,5.0,4.0,0,2,0,2.0,2794,0,3.0
94500.0,0,0,0,0,0,0,297.0,288.0,0,6,0,3.0,3.0,0,1,0,1.0,987,0,1.0
128200.0,0,0,0,0,0,1,0.0,308.0,0,5,0,3.0,3.0,0,1,0,1.0,894,365,0.0
216500.0,0,0,0,0,0,0,0.0,440.0,1,6,0,4.0,4.0,0,2,0,1.0,1960,288,3.0
89500.0,0,0,0,0,0,0,604.0,264.0,0,6,0,3.0,3.0,0,1,0,1.0,987,0,0.0
185500.0,0,0,0,0,0,1,98.0,494.0,0,7,0,4.0,4.0,0,2,0,1.0,1414,132,0.0
194500.0,0,0,0,0,0,0,0.0,457.0,0,7,0,4.0,4.0,0,2,0,2.0,1744,370,0.0
318000.0,0,0,0,1,1,0,254.0,818.0,0,8,0,4.0,5.0,0,2,0,1.0,1694,168,0.0
113000.0,0,0,0,0,0,0,0.0,220.0,0,6,0,3.0,3.0,0,1,0,1.0,1487,0,4.0
262500.0,0,0,0,0,0,0,36.0,750.0,0,8,0,4.0,4.0,0,2,0,1.0,1566,144,0.0
110500.0,0,0,0,0,0,0,0.0,0.0,0,5,0,4.0,3.0,0,1,0,1.0,866,58,0.0
79000.0,0,0,0,0,0,0,0.0,352.0,0,5,0,3.0,3.0,0,1,0,1.0,1440,0,0.0
120000.0,0,0,0,0,0,0,0.0,288.0,0,6,0,3.0,3.0,0,1,0,1.0,1217,0,3.0
205000.0,0,0,0,0,0,0,0.0,463.0,0,7,0,4.0,4.0,0,2,0,2.0,2110,0,2.0
241500.0,0,0,0,0,0,0,102.0,604.0,0,7,0,3.0,3.0,0,2,0,1.0,1872,197,3.0
137000.0,0,0,0,0,0,0,0.0,440.0,0,6,0,2.0,3.0,0,2,0,1.0,1928,0,0.0
140000.0,0,0,0,0,0,0,0.0,451.0,0,6,0,3.0,3.0,0,1,0,1.0,1375,0,3.0
180000.0,0,0,0,0,0,1,101.0,500.0,0,7,0,4.0,4.0,0,2,0,1.0,1668,144,0.0
277000.0,0,0,0,0,0,0,472.0,389.0,0,6,0,4.0,4.0,0,2,0,3.0,2144,0,3.0
76500.0,0,0,0,0,0,0,0.0,0.0,0,3,0,2.0,3.0,0,1,0,2.0,1306,263,0.0
235000.0,0,1,0,0,0,0,481.0,538.0,0,8,0,4.0,4.0,0,2,1,2.0,1625,123,4.0
173000.0,0,0,0,0,0,0,0.0,520.0,0,6,0,4.0,4.0,0,2,0,2.0,1640,138,0.0
158000.0,0,0,0,0,0,0,108.0,309.0,0,6,0,4.0,3.0,0,2,0,1.0,1302,333,0.0
145000.0,0,0,0,0,0,0,0.0,294.0,0,5,0,3.0,3.0,0,1,0,1.0,1314,250,0.0
230000.0,0,0,0,0,0,0,302.0,429.0,1,7,0,4.0,4.0,0,2,0,2.0,2291,192,3.0
207500.0,0,0,0,0,0,0,0.0,673.0,0,6,0,4.0,4.0,0,2,0,2.0,1728,216,0.0
220000.0,0,0,0,0,0,1,180.0,660.0,0,7,0,4.0,4.0,0,2,0,1.0,1604,123,4.0
231500.0,0,0,0,0,0,1,172.0,564.0,0,7,0,4.0,4.0,0,2,0,1.0,1792,0,3.0
97000.0,0,0,0,0,0,0,0.0,308.0,0,5,0,3.0,3.0,0,1,0,1.0,882,0,0.0
176000.0,0,0,0,0,0,0,399.0,884.0,0,6,1,3.0,3.0,0,1,0,1.0,1382,0,3.0
276000.0,0,0,0,1,0,1,270.0,868.0,0,8,0,5.0,4.0,0,2,0,2.0,2574,0,4.0
151000.0,0,0,0,0,0,0,46.0,492.0,0,6,0,3.0,3.0,0,1,0,2.0,1212,292,3.0
130000.0,0,0,0,0,0,0,0.0,484.0,0,5,0,3.0,3.0,0,1,0,1.0,1316,0,0.0
73000.0,0,0,0,0,0,0,0.0,504.0,0,5,1,3.0,3.0,0,1,0,4.0,764,0,0.0
175500.0,0,0,0,0,0,0,210.0,576.0,0,6,0,4.0,3.0,0,2,0,2.0,1422,276,3.0
185000.0,0,1,0,0,0,0,0.0,413.0,1,6,0,3.0,3.0,0,2,0,2.0,1511,95,3.0
179500.0,0,0,0,0,0,0,0.0,240.0,0,5,0,4.0,3.0,0,2,0,1.0,2192,262,4.0
120500.0,0,0,0,0,0,0,0.0,924.0,0,5,0,3.0,3.0,0,1,0,1.0,778,0,4.0
148000.0,0,0,0,0,0,0,174.0,504.0,0,6,0,3.0,3.0,0,1,0,2.0,1113,370,2.0
266000.0,0,0,0,1,0,0,0.0,1053.0,0,8,0,4.0,4.0,0,2,0,1.0,1939,192,4.0
241500.0,0,0,0,0,0,0,0.0,439.0,0,7,0,3.0,3.0,0,1,0,2.0,1363,81,3.0
290000.0,0,0,1,0,0,0,348.0,671.0,0,8,0,4.0,4.0,0,2,0,2.0,2270,132,4.0
139000.0,0,0,0,0,0,0,183.0,338.0,0,6,0,3.0,3.0,0,2,0,1.0,1632,289,4.0
124500.0,0,0,0,0,0,0,0.0,264.0,0,5,0,3.0,3.0,0,1,0,1.0,816,168,0.0
205000.0,0,0,0,0,0,0,0.0,672.0,0,7,0,5.0,4.0,0,2,0,1.0,1548,74,0.0
201000.0,0,0,0,0,0,0,0.0,573.0,0,7,0,4.0,4.0,0,2,0,2.0,1560,100,0.0
141000.0,0,0,0,0,0,0,0.0,400.0,1,4,0,3.0,3.0,0,1,0,1.0,864,0,0.0
415298.0,0,0,0,1,1,0,315.0,732.0,0,9,0,5.0,5.0,0,2,0,1.0,2121,124,5.0
192000.0,0,0,0,0,0,0,299.0,505.0,0,7,0,3.0,3.0,0,2,0,1.0,2022,288,3.0
228500.0,0,0,0,0,0,0,340.0,575.0,0,7,0,4.0,4.0,0,2,0,1.0,1982,0,3.0
185000.0,0,0,0,1,0,0,68.0,572.0,0,6,0,4.0,4.0,0,2,0,1.0,1262,0,0.0
207500.0,0,0,0,0,1,0,166.0,626.0,0,7,0,4.0,4.0,0,2,0,1.0,1314,172,4.0
244600.0,0,0,0,1,0,0,72.0,898.0,0,8,0,4.0,4.0,0,2,0,1.0,1468,210,4.0
179200.0,0,0,0,0,0,0,0.0,529.0,0,6,0,4.0,4.0,0,2,0,1.0,1575,0,0.0
164700.0,0,0,0,1,0,0,0.0,528.0,0,7,0,4.0,4.0,0,2,0,2.0,1250,0,0.0
159000.0,0,0,0,0,0,0,0.0,440.0,0,6,0,4.0,3.0,0,1,0,2.0,1734,0,4.0
88000.0,0,0,0,0,0,0,0.0,0.0,0,4,0,3.0,3.0,0,1,0,2.0,858,0,0.0
122000.0,0,0,0,0,0,0,31.0,280.0,0,5,0,3.0,3.0,0,1,0,2.0,900,0,0.0
153575.0,0,0,0,0,0,0,0.0,384.0,0,6,0,3.0,3.0,0,1,0,1.0,1396,0,0.0
233230.0,0,0,0,1,0,1,0.0,685.0,0,8,0,4.0,4.0,0,2,0,1.0,1919,0,4.0
135900.0,0,0,0,0,0,0,0.0,0.0,0,5,0,2.0,3.0,0,2,0,1.0,1716,0,0.0
131000.0,0,0,0,0,0,0,0.0,281.0,0,5,0,3.0,3.0,0,1,0,1.0,1716,0,4.0
235000.0,0,0,0,0,0,0,34.0,539.0,0,7,0,4.0,3.0,0,2,0,2.0,2263,0,3.0
167000.0,0,0,0,0,0,0,238.0,418.0,0,6,0,3.0,3.0,0,1,0,1.0,1644,110,4.0
142500.0,0,0,0,0,0,0,0.0,588.0,0,6,0,3.0,3.0,0,1,0,2.0,1003,120,0.0
152000.0,0,0,0,0,0,0,0.0,282.0,0,5,0,3.0,3.0,0,1,0,1.0,1558,289,0.0
239000.0,0,0,0,0,0,0,1600.0,576.0,0,7,0,4.0,4.0,0,2,0,2.0,1950,0,3.0
175000.0,0,0,0,0,0,0,365.0,539.0,0,6,0,3.0,4.0,0,1,0,1.0,1743,224,4.0
158500.0,0,0,0,0,0,0,0.0,300.0,0,6,0,4.0,3.0,0,1,1,1.0,1152,0,4.0
157000.0,0,0,0,0,0,0,56.0,375.0,0,5,0,3.0,3.0,0,1,1,1.0,1336,0,4.0
267000.0,0,0,0,0,0,1,0.0,683.0,0,8,0,4.0,4.0,0,2,0,4.0,2452,208,3.0
205000.0,0,0,0,0,0,1,150.0,843.0,0,7,0,4.0,4.0,0,2,0,2.0,1541,468,3.0
149900.0,0,0,0,0,0,1,0.0,552.0,0,5,0,3.0,3.0,0,1,0,1.0,894,256,0.0
295000.0,0,0,0,0,0,0,0.0,870.0,0,7,0,4.0,3.0,0,3,0,1.0,3493,302,5.0
305900.0,0,0,0,0,0,1,246.0,888.0,0,8,0,4.0,4.0,0,2,0,1.0,2000,168,0.0
225000.0,0,0,0,0,0,0,246.0,746.0,0,7,0,4.0,4.0,0,2,0,1.0,2243,127,3.0
89500.0,0,0,0,0,0,0,0.0,0.0,0,6,1,2.0,3.0,0,1,0,2.0,1406,0,0.0
82500.0,0,0,0,0,0,0,0.0,539.0,0,4,0,3.0,3.0,0,1,0,2.0,861,158,0.0
360000.0,0,0,0,0,1,0,0.0,708.0,0,9,0,5.0,4.0,0,2,0,2.0,1944,208,5.0
165600.0,0,0,0,0,0,0,112.0,420.0,1,6,0,4.0,3.0,0,2,0,2.0,1501,190,3.0
132000.0,0,0,0,0,0,0,0.0,240.0,0,6,0,3.0,3.0,0,1,0,1.0,972,0,4.0
119900.0,0,0,0,0,0,0,0.0,410.0,0,5,1,3.0,3.0,0,1,0,1.0,1118,0,4.0
375000.0,0,0,0,0,0,0,0.0,513.0,0,7,0,3.0,3.0,1,2,0,4.0,2036,0,4.0
178000.0,0,0,0,0,0,0,0.0,546.0,0,7,0,5.0,3.0,0,1,0,1.0,1641,0,4.0
188500.0,0,0,0,0,0,0,0.0,432.0,1,7,0,4.0,4.0,0,2,0,2.0,1432,100,4.0
260000.0,0,0,0,0,0,0,278.0,484.0,0,7,0,5.0,4.0,0,2,0,2.0,2353,288,3.0
270000.0,0,0,0,0,0,0,0.0,1025.0,0,8,0,4.0,4.0,0,2,0,1.0,1959,208,4.0
260000.0,0,0,1,0,0,0,256.0,656.0,0,7,0,4.0,4.0,0,2,0,1.0,2646,340,3.0
187500.0,0,0,0,0,0,0,225.0,588.0,0,7,0,3.0,3.0,0,2,0,1.0,1472,233,3.0
342643.0,0,0,0,1,1,0,370.0,840.0,0,9,0,4.0,3.0,0,3,0,1.0,2596,240,0.0
354000.0,0,0,0,0,1,0,388.0,872.0,0,8,0,4.0,4.0,0,2,0,2.0,2468,184,4.0
301000.0,0,0,0,0,0,0,172.0,576.0,0,7,0,4.0,4.0,0,2,0,2.0,2730,201,3.0
126175.0,0,0,0,0,0,0,0.0,220.0,0,3,0,3.0,3.0,0,1,0,1.0,1163,142,0.0
242000.0,0,0,0,0,0,0,300.0,564.0,0,7,0,4.0,4.0,0,2,0,1.0,2978,240,4.0
87000.0,0,0,0,0,0,0,0.0,360.0,0,5,0,3.0,3.0,0,1,0,1.0,803,0,0.0
324000.0,0,0,0,0,0,0,0.0,473.0,0,8,0,4.0,4.0,0,1,0,2.0,1719,122,4.0
145250.0,0,0,0,0,0,0,175.0,292.0,0,6,0,3.0,3.0,0,1,0,1.0,1383,0,0.0
214500.0,0,0,0,0,0,0,0.0,441.0,0,6,0,4.0,3.0,0,2,0,2.0,2134,0,0.0
78000.0,0,0,0,0,0,0,0.0,189.0,0,5,0,3.0,3.0,0,1,0,1.0,1192,0,0.0
119000.0,0,0,0,0,0,0,84.0,352.0,0,5,0,3.0,3.0,0,2,0,2.0,1728,155,0.0
139000.0,0,0,0,0,0,0,0.0,308.0,0,5,0,3.0,3.0,0,1,0,1.0,1056,0,0.0
284000.0,0,0,0,0,1,0,296.0,880.0,0,8,0,4.0,4.0,0,2,0,2.0,1629,0,4.0
207000.0,0,0,0,0,1,0,146.0,484.0,0,7,0,4.0,4.0,0,2,0,1.0,1358,192,4.0
192000.0,0,0,0,0,0,0,0.0,472.0,1,6,0,3.0,3.0,0,2,0,2.0,1638,100,3.0
228950.0,0,1,0,0,0,0,0.0,529.0,0,5,0,3.0,3.0,1,2,0,2.0,1786,670,4.0
377426.0,1,1,0,0,0,0,200.0,676.0,0,9,0,4.0,4.0,0,2,0,2.0,1922,178,4.0
214000.0,0,0,0,0,0,1,113.0,532.0,0,7,0,4.0,4.0,0,2,0,1.0,1536,192,0.0
202500.0,0,0,0,0,0,0,0.0,440.0,0,7,0,4.0,4.0,0,2,0,1.0,1621,108,0.0
155000.0,0,0,0,0,0,0,176.0,297.0,0,6,0,3.0,3.0,0,1,0,2.0,1215,0,0.0
202900.0,0,0,0,0,0,0,0.0,431.0,0,8,0,4.0,4.0,1,2,0,1.0,1908,135,0.0
82000.0,0,0,0,0,0,0,0.0,294.0,0,4,0,3.0,2.0,0,1,0,1.0,841,250,0.0
87500.0,0,0,0,0,0,0,340.0,400.0,0,3,0,3.0,3.0,0,2,0,1.0,1040,0,0.0
266000.0,0,0,0,0,1,0,616.0,564.0,0,9,0,5.0,5.0,0,2,0,2.0,1684,495,5.0
85000.0,0,0,0,0,0,0,0.0,336.0,0,5,0,3.0,3.0,0,1,0,1.0,1112,182,0.0
140200.0,0,0,0,0,0,0,0.0,312.0,0,6,0,2.0,3.0,0,1,0,1.0,1577,0,4.0
151500.0,0,0,0,0,0,0,0.0,301.0,0,6,0,3.0,3.0,0,1,0,2.0,958,0,0.0
157500.0,0,0,0,0,0,0,30.0,498.0,0,6,0,3.0,3.0,0,2,0,2.0,1478,0,4.0
154000.0,0,0,0,0,1,0,106.0,474.0,0,7,0,4.0,4.0,0,2,0,1.0,1626,0,0.0
437154.0,0,0,0,1,1,0,870.0,706.0,0,9,0,5.0,5.0,0,2,0,3.0,2728,0,5.0
318061.0,0,0,0,1,1,0,362.0,617.0,0,9,0,5.0,5.0,0,2,0,2.0,1869,210,4.0
190000.0,0,0,0,0,0,0,0.0,445.0,0,7,0,4.0,3.0,0,1,0,2.0,1453,0,3.0
95000.0,0,0,0,0,0,0,0.0,200.0,0,5,1,3.0,3.0,0,1,0,1.0,1111,48,0.0
105900.0,0,0,0,0,0,0,0.0,484.0,0,6,0,3.0,3.0,0,1,0,1.0,720,106,0.0
140000.0,0,0,0,0,0,0,0.0,240.0,0,6,0,3.0,3.0,0,1,0,1.0,1595,0,4.0
177500.0,0,0,0,0,0,1,0.0,521.0,0,6,0,4.0,4.0,0,2,0,3.0,1200,0,0.0
173000.0,0,0,0,0,0,0,106.0,400.0,1,6,0,4.0,3.0,0,2,0,2.0,1167,120,0.0
134000.0,0,0,0,0,0,0,0.0,528.0,0,5,0,3.0,3.0,0,1,0,1.0,1142,536,1.0
130000.0,0,0,0,0,0,0,120.0,288.0,0,5,0,4.0,3.0,0,1,0,2.0,1352,168,0.0
280000.0,0,0,1,0,0,0,530.0,592.0,0,8,0,4.0,4.0,0,2,0,2.0,1924,208,3.0
156000.0,0,0,0,0,0,0,0.0,470.0,0,6,0,3.0,3.0,0,1,0,2.0,912,0,3.0
145000.0,0,0,0,0,0,0,0.0,240.0,0,5,0,3.0,3.0,0,1,0,1.0,1505,0,0.0
198500.0,0,0,0,0,0,0,500.0,672.0,0,7,0,4.0,4.0,0,3,0,1.0,1922,0,5.0
118000.0,0,0,0,0,0,0,510.0,264.0,0,6,0,4.0,3.0,0,1,0,1.0,987,250,0.0
190000.0,0,0,0,0,0,0,120.0,566.0,0,6,0,3.0,3.0,0,2,0,2.0,1574,306,3.0
147000.0,0,0,0,0,0,0,0.0,468.0,0,5,0,3.0,3.0,0,1,0,1.0,1344,0,0.0
159000.0,0,0,0,0,0,0,247.0,514.0,0,6,0,3.0,3.0,0,1,0,2.0,1394,0,4.0
165000.0,0,0,0,0,0,0,305.0,296.0,0,6,0,3.0,3.0,0,1,0,2.0,1431,64,4.0
132000.0,0,0,0,0,0,0,200.0,244.0,0,5,0,3.0,3.0,0,1,0,1.0,1268,0,4.0
162000.0,0,0,0,0,0,0,0.0,576.0,0,5,0,4.0,3.0,0,1,0,2.0,1287,364,4.0
172400.0,0,0,0,0,0,0,0.0,460.0,1,6,0,3.0,3.0,0,2,0,2.0,1664,100,3.0
134432.0,0,0,0,0,0,0,0.0,680.0,0,4,0,3.0,3.0,0,2,0,1.0,1588,0,4.0
125000.0,0,0,0,0,0,0,0.0,264.0,0,6,0,3.0,3.0,0,1,0,1.0,752,353,0.0
123000.0,0,0,0,0,0,0,0.0,270.0,0,5,0,3.0,3.0,0,1,0,1.0,1319,66,0.0
219500.0,0,0,0,0,0,1,0.0,434.0,0,7,0,4.0,4.0,0,2,0,1.0,1928,100,4.0
61000.0,0,0,0,0,0,0,0.0,0.0,0,1,0,2.0,2.0,0,0,0,2.0,904,0,0.0
148000.0,0,0,0,0,0,1,0.0,576.0,0,5,0,3.0,4.0,0,1,0,2.0,914,0,0.0
340000.0,0,0,0,0,0,0,0.0,610.0,0,8,0,4.0,4.0,0,3,0,2.0,2466,159,4.0
394432.0,1,0,0,1,0,0,350.0,834.0,0,9,0,5.0,4.0,0,1,0,1.0,1856,113,5.0
179000.0,0,0,0,0,0,0,16.0,463.0,1,6,0,3.0,3.0,0,2,0,2.0,1800,100,3.0
127000.0,0,0,0,0,0,0,0.0,308.0,0,5,0,4.0,3.0,0,2,0,1.0,1691,0,4.0
187750.0,0,0,0,1,0,0,0.0,572.0,0,7,0,4.0,4.0,0,2,0,1.0,1301,216,4.0
213500.0,0,0,0,0,0,1,0.0,639.0,0,7,0,4.0,4.0,0,2,0,2.0,1797,144,0.0
76000.0,0,0,0,0,0,0,0.0,360.0,0,6,0,3.0,3.0,0,1,0,1.0,784,0,0.0
240000.0,0,0,0,0,0,0,0.0,501.0,0,6,0,4.0,4.0,0,2,0,3.0,1953,216,2.0
192000.0,0,0,0,0,0,0,16.0,430.0,0,8,0,4.0,4.0,0,2,0,1.0,1269,146,3.0
81000.0,0,0,0,0,0,0,0.0,0.0,0,5,0,3.0,3.0,0,1,0,1.0,1184,0,0.0
125000.0,0,0,0,0,0,0,255.0,352.0,0,6,0,3.0,3.0,0,1,0,1.0,1125,296,2.0
191000.0,0,0,0,0,0,1,125.0,577.0,0,7,0,4.0,4.0,0,2,0,2.0,1479,120,0.0
426000.0,0,0,0,1,1,0,272.0,846.0,0,10,0,5.0,5.0,0,2,0,1.0,2332,196,5.0
119000.0,0,0,0,0,0,0,0.0,384.0,0,5,0,3.0,3.0,0,1,0,1.0,1367,0,0.0
215000.0,0,0,0,0,0,0,0.0,560.0,0,6,0,4.0,3.0,0,2,0,2.0,1961,125,3.0
106500.0,0,0,0,0,0,0,0.0,294.0,0,5,0,3.0,3.0,0,1,0,2.0,882,0,0.0
100000.0,0,0,0,0,0,0,0.0,0.0,0,4,0,3.0,3.0,0,1,0,1.0,788,0,3.0
109000.0,0,0,0,0,0,0,0.0,240.0,0,5,0,3.0,3.0,0,1,0,1.0,1034,0,0.0
129000.0,0,0,0,0,0,0,0.0,596.0,0,5,0,3.0,3.0,0,1,0,1.0,1144,44,0.0
123000.0,0,0,0,0,0,1,0.0,600.0,0,5,0,3.0,3.0,0,1,0,1.0,894,215,0.0
169500.0,0,0,0,0,0,0,288.0,264.0,0,5,0,3.0,3.0,0,2,0,1.0,1812,0,3.0
67000.0,0,0,0,0,0,0,0.0,338.0,0,5,0,3.0,3.0,0,1,0,1.0,1077,0,0.0
241000.0,0,0,0,0,0,0,100.0,438.0,0,7,0,4.0,4.0,0,2,0,1.0,1550,0,0.0
245500.0,0,0,0,0,0,0,0.0,500.0,0,8,0,5.0,4.0,0,1,0,3.0,1288,120,4.0
164990.0,0,0,0,1,0,1,0.0,400.0,0,7,0,4.0,4.0,0,2,0,2.0,1310,0,4.0
108000.0,0,0,0,0,0,0,0.0,240.0,0,5,0,3.0,3.0,0,1,0,1.0,672,168,0.0
258000.0,0,0,1,0,0,0,650.0,420.0,0,8,0,4.0,4.0,0,2,0,1.0,2263,144,3.0
168000.0,0,0,0,0,0,0,0.0,373.0,1,6,0,3.0,3.0,0,2,0,2.0,1572,0,3.0
150000.0,0,0,0,0,0,0,0.0,490.0,0,4,0,3.0,3.0,0,2,0,2.0,1620,120,3.0
115000.0,0,0,0,0,0,0,0.0,240.0,0,6,0,3.0,3.0,0,1,0,1.0,1639,0,0.0
177000.0,0,0,0,0,0,0,0.0,308.0,0,6,0,3.0,3.0,0,2,1,1.0,1680,0,0.0
280000.0,0,0,0,1,1,0,350.0,947.0,0,7,0,4.0,4.0,0,2,0,1.0,2172,192,4.0
339750.0,0,0,0,1,0,0,100.0,836.0,0,8,0,5.0,4.0,0,2,0,1.0,2078,0,4.0
60000.0,0,0,0,0,0,0,0.0,350.0,0,5,0,3.0,3.0,0,1,0,1.0,1276,0,0.0
145000.0,0,0,0,0,0,0,0.0,572.0,1,5,0,3.0,3.0,0,1,0,1.0,1056,264,0.0
222000.0,0,0,0,1,0,0,432.0,484.0,0,7,0,4.0,5.0,0,2,0,3.0,1478,0,4.0
115000.0,0,0,0,0,0,0,0.0,360.0,0,5,1,3.0,3.0,0,1,0,1.0,1028,0,4.0
228000.0,0,0,0,0,0,0,0.0,678.0,0,7,0,4.0,4.0,0,2,0,3.0,2097,196,3.0
181134.0,0,0,0,1,0,0,0.0,396.0,1,7,0,4.0,4.0,0,2,0,2.0,1340,100,0.0
149500.0,0,0,0,0,0,0,203.0,440.0,0,6,0,3.0,3.0,0,1,0,1.0,1400,0,3.0
239000.0,0,0,0,0,0,0,0.0,864.0,0,6,0,3.0,3.0,0,2,1,2.0,2624,0,4.0
126000.0,0,0,0,0,0,0,0.0,240.0,0,5,0,3.0,3.0,0,1,0,1.0,1134,0,0.0
142000.0,0,0,0,0,0,0,0.0,304.0,0,5,0,3.0,3.0,0,1,0,1.0,1056,0,2.0
206300.0,0,0,0,0,0,0,200.0,784.0,0,7,0,3.0,3.0,0,2,0,1.0,1344,0,0.0
215000.0,0,0,0,0,0,0,126.0,529.0,0,6,0,4.0,4.0,0,2,0,2.0,1602,240,3.0
113000.0,0,1,0,0,0,0,0.0,520.0,0,5,1,3.0,3.0,0,1,0,1.0,988,0,0.0
315000.0,0,0,1,0,0,0,473.0,696.0,0,8,0,4.0,4.0,0,2,0,1.0,2630,0,3.0
139000.0,0,0,0,0,0,0,74.0,297.0,0,6,0,3.0,3.0,0,1,0,1.0,1196,0,4.0
135000.0,0,1,0,0,0,0,0.0,240.0,0,7,0,3.0,3.0,0,1,0,1.0,1389,0,4.0
275000.0,0,0,0,0,0,0,145.0,569.0,0,7,0,4.0,4.0,0,2,0,1.0,1644,80,3.0
109008.0,0,0,0,0,0,0,0.0,352.0,0,4,0,3.0,3.0,0,1,0,2.0,907,0,0.0
195400.0,0,0,0,1,0,1,108.0,628.0,0,7,0,4.0,4.0,0,2,0,1.0,1208,105,0.0
175000.0,0,0,0,0,0,0,0.0,576.0,0,6,0,4.0,3.0,1,2,0,2.0,1412,0,3.0
85400.0,0,0,0,0,0,0,232.0,264.0,0,6,0,3.0,3.0,0,1,0,1.0,987,0,0.0
79900.0,0,0,0,0,0,0,0.0,0.0,0,6,0,3.0,3.0,0,1,0,2.0,1198,0,0.0
122500.0,0,0,0,0,0,0,376.0,440.0,0,5,0,3.0,3.0,0,1,0,1.0,1365,240,0.0
181000.0,0,0,0,0,0,0,0.0,470.0,1,6,0,3.0,3.0,0,2,0,2.0,1604,0,3.0
81000.0,0,0,0,0,0,0,0.0,0.0,0,4,0,3.0,3.0,0,1,0,1.0,630,88,0.0
212000.0,0,0,0,0,0,1,0.0,550.0,0,7,0,4.0,4.0,0,2,0,3.0,1661,158,3.0
116000.0,0,0,0,0,0,0,0.0,440.0,0,6,0,3.0,3.0,0,1,0,1.0,1118,0,0.0
119000.0,0,0,0,0,0,0,0.0,180.0,0,6,0,3.0,4.0,0,1,0,1.0,904,0,0.0
90350.0,0,0,0,0,0,0,0.0,352.0,0,5,0,4.0,3.0,0,1,1,1.0,694,0,4.0
110000.0,0,0,0,0,0,0,0.0,528.0,0,6,0,4.0,3.0,0,1,0,1.0,1196,0,0.0
555000.0,0,0,0,0,1,0,200.0,672.0,0,10,0,5.0,5.0,0,2,0,1.0,2402,0,4.0
118000.0,0,0,0,0,0,0,270.0,0.0,0,4,0,2.0,3.0,0,2,0,1.0,1440,0,0.0
162900.0,0,0,0,0,0,0,0.0,360.0,0,5,0,3.0,3.0,0,2,0,1.0,1573,0,4.0
172500.0,0,0,0,1,0,0,72.0,648.0,0,7,0,4.0,4.0,0,2,0,1.0,1258,144,4.0
210000.0,0,0,0,0,0,1,0.0,493.0,0,7,0,4.0,4.0,0,2,0,1.0,1908,144,3.0
127500.0,0,0,0,0,0,0,0.0,480.0,0,6,0,3.0,3.0,0,1,0,1.0,1689,0,4.0
190000.0,0,0,0,0,0,0,0.0,578.0,0,6,0,4.0,4.0,0,2,0,2.0,1888,0,4.0
199900.0,0,0,0,0,0,0,0.0,431.0,1,7,0,4.0,4.0,0,2,0,2.0,1886,89,3.0
119500.0,0,0,0,0,0,0,0.0,198.0,0,6,0,3.0,3.0,0,2,0,1.0,1376,0,4.0
120000.0,0,0,0,0,0,0,0.0,308.0,0,3,0,3.0,3.0,0,1,0,1.0,1183,0,0.0
110000.0,0,0,0,0,0,0,0.0,270.0,0,6,0,4.0,3.0,0,1,0,1.0,813,0,0.0
280000.0,0,0,0,0,0,0,0.0,576.0,0,7,0,4.0,3.0,0,2,0,2.0,1533,200,3.0
204000.0,0,0,0,0,0,0,42.0,422.0,0,6,0,3.0,4.0,1,2,0,2.0,1756,144,0.0
210000.0,0,0,0,0,0,0,0.0,676.0,0,8,0,4.0,4.0,0,2,0,1.0,1590,0,0.0
188000.0,0,0,0,0,0,0,0.0,560.0,0,5,0,3.0,3.0,0,2,0,1.0,1728,0,0.0
175500.0,0,0,0,0,0,0,320.0,528.0,0,7,0,3.0,3.0,0,1,0,1.0,1242,0,3.0
98000.0,0,0,0,0,0,0,0.0,513.0,0,5,0,3.0,3.0,0,1,0,1.0,1344,0,0.0
256000.0,0,0,0,0,0,0,0.0,529.0,0,4,0,4.0,3.0,0,1,0,2.0,1663,224,4.0
161000.0,0,0,0,0,0,0,0.0,228.0,0,8,0,4.0,3.0,0,1,0,1.0,1666,192,4.0
110000.0,0,0,0,0,0,0,161.0,352.0,0,5,0,4.0,3.0,0,1,0,2.0,1203,0,3.0
263435.0,0,0,0,1,0,0,110.0,552.0,0,8,0,3.0,4.0,0,2,0,2.0,1935,0,0.0
155000.0,0,0,0,0,0,0,0.0,576.0,0,7,0,4.0,4.0,0,1,0,1.0,1135,256,0.0
62383.0,0,0,0,0,0,0,0.0,360.0,0,5,0,3.0,3.0,0,1,0,2.0,864,0,1.0
188700.0,0,1,0,0,0,0,0.0,240.0,0,6,0,3.0,3.0,0,1,1,2.0,1660,0,4.0
124000.0,0,1,0,0,0,1,136.0,0.0,0,5,0,3.0,3.0,0,2,0,1.0,1040,0,0.0
178740.0,0,0,0,0,0,0,18.0,398.0,0,7,0,4.0,4.0,0,2,0,1.0,1414,144,3.0
167000.0,0,0,0,0,0,0,0.0,526.0,0,7,0,3.0,3.0,0,1,0,1.0,1277,0,1.0
146500.0,0,0,0,0,0,0,224.0,312.0,0,5,1,4.0,3.0,0,1,0,1.0,1644,168,4.0
250000.0,0,0,0,0,1,0,248.0,866.0,0,8,0,4.0,4.0,0,2,0,2.0,1634,0,4.0
187000.0,0,0,0,0,0,0,120.0,506.0,0,6,0,4.0,4.0,0,2,0,2.0,1710,144,0.0
212000.0,1,0,0,0,0,0,0.0,528.0,0,8,0,4.0,4.0,0,1,0,2.0,1502,0,0.0
190000.0,0,0,0,0,0,0,0.0,534.0,0,7,0,3.0,3.0,0,2,0,1.0,1969,0,4.0
148000.0,0,0,0,0,0,0,80.0,525.0,0,6,0,3.0,3.0,0,1,0,1.0,1072,0,0.0
440000.0,0,0,0,1,1,0,304.0,908.0,0,8,0,4.0,4.0,0,2,0,2.0,1976,250,5.0
251000.0,1,0,0,0,0,0,0.0,499.0,0,8,0,5.0,4.0,0,2,0,1.0,1652,96,0.0
132500.0,0,0,0,0,0,0,0.0,624.0,0,5,0,3.0,3.0,0,1,0,1.0,970,0,0.0
208900.0,0,0,0,0,0,1,215.0,508.0,0,6,0,4.0,3.0,0,2,0,1.0,1493,140,3.0
380000.0,0,0,0,0,1,0,772.0,694.0,0,9,0,5.0,5.0,0,2,0,1.0,2643,414,4.0
297000.0,0,0,0,0,0,1,336.0,826.0,0,8,0,4.0,4.0,0,2,0,1.0,1718,208,4.0
89471.0,0,0,0,0,0,0,435.0,672.0,0,4,0,3.0,3.0,0,1,0,1.0,1131,0,0.0
326000.0,0,0,0,0,1,0,378.0,772.0,0,9,0,4.0,4.0,0,2,0,2.0,1850,519,4.0
374000.0,0,1,0,0,1,0,562.0,874.0,0,9,0,5.0,4.0,0,2,0,2.0,1792,206,4.0
155000.0,0,0,0,0,0,0,0.0,164.0,0,7,0,5.0,4.0,0,1,0,1.0,1826,0,4.0
164000.0,0,0,0,0,0,0,116.0,402.0,0,6,0,3.0,3.0,0,2,0,1.0,1216,0,0.0
132500.0,0,0,0,0,0,0,0.0,264.0,0,5,0,4.0,3.0,0,1,0,2.0,999,0,0.0
147000.0,0,0,0,0,0,0,0.0,264.0,0,5,0,4.0,4.0,0,1,0,1.0,1113,0,4.0
156000.0,0,0,0,0,0,0,168.0,515.0,0,5,0,3.0,3.0,0,1,0,1.0,1073,0,0.0
175000.0,0,0,0,0,0,0,0.0,487.0,0,5,0,3.0,3.0,0,2,0,2.0,1484,224,3.0
160000.0,0,0,0,0,0,0,0.0,520.0,0,5,0,3.0,3.0,0,2,0,1.0,2414,142,4.0
86000.0,0,0,0,0,0,0,0.0,286.0,0,4,0,4.0,3.0,0,1,0,1.0,630,0,0.0
115000.0,0,0,0,0,0,0,0.0,336.0,0,5,0,3.0,3.0,0,1,0,1.0,1304,141,4.0
133000.0,0,0,0,0,0,0,0.0,240.0,0,6,1,2.0,3.0,0,1,0,1.0,1578,0,3.0
172785.0,0,0,0,1,0,0,0.0,429.0,1,6,0,3.0,4.0,0,2,0,2.0,1456,0,0.0
155000.0,0,0,0,0,0,0,0.0,308.0,0,5,0,3.0,3.0,0,1,0,1.0,1269,0,2.0
91300.0,0,0,0,0,0,0,0.0,273.0,0,5,1,3.0,3.0,0,1,0,1.0,886,144,0.0
34900.0,0,0,0,0,0,0,0.0,0.0,0,4,0,3.0,3.0,0,1,0,1.0,720,0,0.0
430000.0,0,0,1,0,0,0,0.0,546.0,0,8,0,4.0,4.0,0,3,0,2.0,3228,264,4.0
184000.0,0,0,0,0,0,0,0.0,240.0,0,7,0,3.0,3.0,0,2,0,1.0,1820,0,0.0
130000.0,0,0,0,0,0,0,89.0,288.0,0,5,0,4.0,3.0,0,1,0,1.0,899,64,0.0
120000.0,0,0,0,0,0,0,0.0,297.0,0,5,0,3.0,3.0,0,1,0,2.0,912,12,0.0
113000.0,0,0,0,0,0,0,285.0,264.0,0,6,0,3.0,3.0,0,1,0,1.0,1218,144,0.0
226700.0,0,0,0,0,0,0,0.0,603.0,0,7,0,4.0,4.0,0,2,0,1.0,1768,0,0.0
140000.0,0,0,0,0,0,0,0.0,461.0,0,5,0,3.0,3.0,0,1,0,1.0,1214,0,0.0
289000.0,0,0,0,0,0,0,0.0,484.0,0,7,0,3.0,3.0,0,2,1,2.0,1801,0,3.0
147000.0,0,0,0,0,0,0,0.0,440.0,0,6,0,3.0,3.0,0,2,0,1.0,1322,260,2.0
124500.0,0,0,0,0,0,0,360.0,400.0,0,5,1,3.0,3.0,0,2,0,1.0,1960,0,0.0
215000.0,0,0,0,0,0,0,125.0,471.0,0,8,0,4.0,4.0,0,2,0,2.0,1911,182,3.0
208300.0,0,0,0,1,0,0,0.0,676.0,0,6,0,4.0,4.0,0,2,0,2.0,1218,0,0.0
161000.0,0,0,0,0,0,0,0.0,360.0,0,7,0,4.0,3.0,0,2,0,1.0,1378,0,4.0
124500.0,0,0,0,0,0,0,132.0,270.0,0,5,0,3.0,3.0,0,1,0,1.0,1041,224,0.0
164900.0,0,0,0,0,0,0,70.0,288.0,0,5,0,3.0,4.0,0,1,0,1.0,1363,324,3.0
202665.0,0,0,0,1,1,0,94.0,474.0,0,7,0,4.0,4.0,0,2,0,2.0,1368,132,4.0
129900.0,0,0,0,0,0,0,0.0,624.0,0,5,0,3.0,3.0,0,1,0,1.0,864,0,0.0
134000.0,0,0,0,0,0,0,0.0,484.0,0,6,0,3.0,3.0,0,1,0,1.0,1080,120,0.0
96500.0,0,0,0,0,0,0,0.0,200.0,0,5,0,3.0,3.0,0,1,1,1.0,789,0,0.0
402861.0,0,0,0,1,1,0,305.0,900.0,0,10,0,5.0,5.0,0,2,0,1.0,2020,156,4.0
158000.0,0,0,0,0,0,0,333.0,583.0,0,6,0,3.0,3.0,0,2,0,2.0,2119,0,3.0
265000.0,0,0,1,0,0,0,921.0,889.0,0,7,0,4.0,4.0,0,2,0,2.0,2344,220,3.0
211000.0,0,0,0,0,0,1,0.0,546.0,0,6,0,3.0,3.0,0,2,0,2.0,1796,0,0.0
234000.0,0,0,0,0,0,0,0.0,282.0,0,7,0,4.0,4.0,0,1,1,1.0,2080,0,4.0
106250.0,0,0,0,0,0,0,0.0,0.0,0,4,0,3.0,3.0,0,2,0,1.0,1294,220,0.0
150000.0,0,0,0,0,0,0,0.0,336.0,0,6,0,3.0,3.0,0,1,0,2.0,1244,0,4.0
159000.0,0,0,0,0,0,0,0.0,420.0,0,6,0,3.0,3.0,0,2,0,1.0,1664,0,4.0
184750.0,0,0,0,1,0,0,762.0,884.0,0,10,0,5.0,5.0,0,3,0,2.0,4676,208,4.0
315750.0,0,0,1,0,0,0,594.0,834.0,0,7,0,4.0,4.0,0,2,0,2.0,2398,239,3.0
176000.0,0,0,0,0,0,0,0.0,453.0,0,7,0,4.0,4.0,0,2,0,1.0,1266,38,3.0
132000.0,0,0,0,0,0,0,0.0,252.0,0,5,0,3.0,3.0,0,1,0,1.0,928,261,0.0
446261.0,0,0,0,1,1,0,268.0,858.0,0,9,0,5.0,5.0,0,2,0,2.0,2713,126,4.0
86000.0,0,0,0,0,0,0,0.0,0.0,0,4,0,3.0,3.0,0,1,0,2.0,605,0,0.0
200624.0,0,0,0,0,0,0,0.0,484.0,0,6,0,3.0,4.0,0,3,1,2.0,2515,0,3.0
175000.0,0,0,0,0,0,0,219.0,600.0,0,6,0,4.0,4.0,1,2,0,1.0,1509,224,2.0
128000.0,0,0,0,0,0,0,0.0,502.0,0,6,0,3.0,3.0,0,2,0,2.0,1362,0,0.0
107500.0,0,0,0,0,0,0,0.0,392.0,0,5,0,3.0,3.0,0,1,0,1.0,827,0,1.0
39300.0,0,0,0,0,0,0,0.0,0.0,0,1,0,2.0,2.0,0,1,0,1.0,334,0,0.0
178000.0,0,0,0,0,0,0,0.0,403.0,1,8,0,4.0,4.0,0,2,0,2.0,1414,100,4.0
107500.0,0,0,0,0,0,0,0.0,0.0,0,5,0,3.0,3.0,0,1,0,1.0,1347,85,0.0
188000.0,0,0,0,0,0,1,0.0,527.0,0,7,0,4.0,3.0,0,2,0,2.0,1724,120,0.0
111250.0,0,0,0,0,0,0,0.0,576.0,0,4,0,3.0,3.0,0,1,0,2.0,864,216,0.0
158000.0,0,0,0,0,0,0,188.0,336.0,0,5,0,3.0,3.0,0,1,0,2.0,1159,466,2.0
272000.0,0,0,0,0,0,1,479.0,670.0,0,8,0,4.0,4.0,0,2,0,1.0,1601,180,3.0
315000.0,0,0,0,0,0,0,584.0,765.0,0,9,0,5.0,5.0,1,2,0,1.0,1838,270,4.0
248000.0,0,0,1,0,0,0,72.0,648.0,0,8,0,4.0,4.0,0,2,0,1.0,2285,0,3.0
213250.0,0,0,0,0,0,0,0.0,583.0,0,7,0,4.0,4.0,0,2,0,1.0,1680,78,3.0
133000.0,0,0,0,0,0,0,182.0,367.0,0,7,0,3.0,3.0,0,1,0,1.0,767,120,0.0
179665.0,0,0,0,1,0,0,0.0,426.0,1,7,0,4.0,4.0,0,2,0,2.0,1496,100,4.0
229000.0,0,0,0,0,0,0,178.0,786.0,0,7,0,4.0,4.0,0,2,0,2.0,2183,0,0.0
210000.0,0,0,0,0,0,0,0.0,440.0,0,6,0,3.0,3.0,0,1,0,2.0,1635,0,4.0
129500.0,0,0,0,0,0,0,0.0,624.0,0,5,0,3.0,3.0,0,1,0,1.0,768,104,0.0
125000.0,0,1,0,0,0,0,0.0,720.0,0,5,0,3.0,3.0,0,1,0,2.0,825,140,0.0
263000.0,0,0,0,0,0,0,0.0,615.0,0,7,0,4.0,4.0,0,2,0,1.0,2094,182,4.0
140000.0,0,0,0,0,0,0,0.0,440.0,0,6,0,3.0,3.0,0,2,0,1.0,1069,0,0.0
112500.0,0,0,0,0,0,0,0.0,288.0,0,5,0,3.0,3.0,0,1,0,1.0,928,0,0.0
255500.0,0,0,0,0,1,0,250.0,908.0,0,8,0,4.0,4.0,0,2,0,2.0,1717,169,4.0
108000.0,0,0,0,0,0,0,0.0,520.0,0,4,0,4.0,3.0,0,2,0,1.0,1126,0,0.0
284000.0,0,0,0,0,1,0,292.0,871.0,0,7,0,4.0,4.0,0,2,0,1.0,2046,320,4.0
113000.0,0,0,0,0,0,0,0.0,280.0,0,5,0,3.0,3.0,0,1,0,1.0,1048,0,4.0
141000.0,0,0,0,0,0,0,0.0,299.0,0,5,0,3.0,3.0,0,1,0,2.0,1092,268,3.0
108000.0,0,0,0,0,0,0,0.0,570.0,0,4,0,3.0,3.0,0,1,0,1.0,1336,0,0.0
175000.0,0,1,0,0,0,0,0.0,406.0,1,7,0,3.0,3.0,0,2,0,3.0,1446,264,3.0
234000.0,0,0,0,0,0,0,18.0,420.0,0,7,0,4.0,4.0,0,2,0,1.0,1557,143,3.0
121500.0,0,0,0,0,0,0,180.0,528.0,0,5,0,3.0,3.0,0,1,0,2.0,1392,0,4.0
170000.0,0,0,0,0,0,0,0.0,418.0,0,5,0,3.0,3.0,0,1,0,1.0,1389,240,3.0
108000.0,0,0,0,0,0,0,0.0,0.0,0,5,0,3.0,3.0,0,1,0,1.0,996,144,4.0
185000.0,0,0,0,0,0,0,0.0,396.0,0,6,0,3.0,3.0,0,2,0,1.0,1674,72,4.0
268000.0,0,0,1,0,0,0,0.0,590.0,0,7,0,4.0,4.0,0,2,0,2.0,2295,0,3.0
128000.0,0,0,0,0,0,0,0.0,216.0,0,6,0,2.0,3.0,0,1,0,1.0,1647,0,0.0
325000.0,1,0,0,0,0,0,245.0,656.0,0,9,0,5.0,4.0,0,2,0,2.0,2504,144,4.0
214000.0,0,0,0,0,1,0,168.0,532.0,0,7,0,4.0,4.0,0,2,0,2.0,1535,0,0.0
316600.0,0,0,0,0,0,0,0.0,612.0,0,8,0,4.0,4.0,0,1,0,2.0,2132,349,4.0
135960.0,0,0,0,0,0,0,0.0,600.0,0,5,0,3.0,3.0,0,1,0,2.0,943,42,3.0
142600.0,0,0,0,0,0,0,108.0,576.0,0,5,0,3.0,3.0,0,2,0,2.0,1728,0,0.0
120000.0,0,0,0,0,0,0,207.0,288.0,0,6,0,4.0,3.0,0,1,0,1.0,864,168,0.0
224500.0,0,1,0,1,0,0,0.0,650.0,0,7,0,4.0,3.0,1,2,0,2.0,1692,208,0.0
170000.0,0,0,0,0,0,0,0.0,400.0,1,7,0,3.0,3.0,0,2,0,2.0,1430,100,3.0
139000.0,0,0,0,0,0,0,82.0,288.0,0,5,0,3.0,3.0,0,1,0,1.0,1109,35,0.0
118500.0,0,0,0,0,0,0,0.0,336.0,0,5,0,3.0,3.0,0,1,0,1.0,1216,158,0.0
145000.0,0,0,0,0,0,0,0.0,216.0,0,7,0,3.0,3.0,0,2,0,1.0,1477,0,4.0
164500.0,0,0,0,0,0,0,97.0,564.0,0,5,0,3.0,3.0,0,1,0,2.0,1320,160,2.0
146000.0,0,0,0,0,0,0,0.0,540.0,0,7,0,4.0,4.0,0,2,0,1.0,1392,0,0.0
131500.0,0,0,0,0,0,0,335.0,352.0,0,5,0,3.0,3.0,0,2,0,1.0,1795,0,0.0
181900.0,0,0,0,0,0,0,85.0,572.0,0,6,0,4.0,3.0,0,1,0,2.0,1429,216,4.0
253293.0,0,0,0,1,1,0,306.0,1390.0,0,8,0,5.0,5.0,0,2,0,1.0,2042,0,4.0
118500.0,0,0,0,0,0,0,104.0,0.0,0,6,0,3.0,3.0,0,1,0,1.0,816,0,0.0
325000.0,0,0,0,0,0,0,0.0,880.0,0,10,1,4.0,5.0,0,3,0,1.0,2775,105,4.0
133000.0,0,0,0,0,0,0,0.0,240.0,0,4,0,4.0,3.0,0,1,0,1.0,1573,0,0.0
369900.0,0,0,0,1,0,0,208.0,880.0,0,8,0,4.0,4.0,1,2,0,1.0,2028,326,4.0
130000.0,0,0,0,0,0,0,0.0,275.0,0,6,0,2.0,3.0,0,1,0,1.0,838,0,0.0
137000.0,0,0,0,0,0,0,0.0,528.0,0,5,0,3.0,3.0,0,1,0,2.0,860,0,0.0
143000.0,0,0,0,0,0,0,0.0,452.0,0,5,0,5.0,3.0,0,1,0,2.0,1473,0,4.0
79500.0,0,0,0,0,0,0,0.0,308.0,0,5,0,3.0,3.0,0,1,0,1.0,935,0,0.0
185900.0,0,0,0,0,0,1,0.0,520.0,0,7,0,4.0,4.0,0,2,0,1.0,1582,0,0.0
451950.0,0,0,0,0,1,0,420.0,842.0,0,10,0,5.0,5.0,0,2,0,2.0,2296,382,4.0
138000.0,0,0,0,0,0,0,0.0,816.0,0,5,0,3.0,3.0,0,1,0,1.0,816,0,0.0
140000.0,0,0,0,0,0,1,170.0,420.0,0,6,0,4.0,4.0,0,1,0,1.0,848,140,0.0
110000.0,0,0,0,0,0,1,0.0,280.0,0,5,0,3.0,3.0,0,1,0,2.0,924,0,0.0
319000.0,1,0,0,1,0,0,238.0,758.0,0,8,0,4.0,4.0,0,2,0,2.0,1826,180,3.0
114504.0,0,0,0,0,0,0,0.0,216.0,0,6,0,3.0,3.0,0,1,0,1.0,1368,0,0.0
194201.0,0,0,0,1,0,0,72.0,648.0,0,7,0,4.0,4.0,0,0,0,1.0,1402,120,4.0
217500.0,0,0,0,0,0,0,459.0,621.0,0,5,0,4.0,3.0,0,2,1,1.0,1647,0,3.0
151000.0,0,0,0,0,0,0,0.0,452.0,0,6,0,3.0,3.0,0,2,0,1.0,1556,161,3.0
275000.0,0,0,0,0,1,0,280.0,736.0,0,8,0,5.0,4.0,0,2,0,1.0,1904,179,4.0
141000.0,0,0,0,0,0,0,0.0,544.0,0,6,0,4.0,3.0,0,1,0,1.0,1375,0,4.0
220000.0,0,0,0,0,0,0,0.0,506.0,0,8,0,4.0,4.0,0,2,0,2.0,1915,120,3.0
151000.0,0,0,0,0,0,0,0.0,480.0,0,7,0,4.0,4.0,0,2,0,1.0,1200,0,0.0
221000.0,0,0,0,0,0,1,99.0,530.0,0,7,0,4.0,4.0,0,2,0,2.0,1494,192,3.0
205000.0,0,0,0,0,0,0,176.0,486.0,0,7,0,3.0,3.0,0,2,0,1.0,1986,0,2.0
152000.0,0,0,0,0,0,1,0.0,576.0,0,5,0,4.0,3.0,0,1,0,3.0,1040,168,0.0
225000.0,0,0,0,0,0,0,0.0,230.0,0,5,0,5.0,3.0,0,3,0,1.0,2008,103,0.0
359100.0,0,1,0,0,0,0,0.0,380.0,0,8,0,3.0,3.0,0,2,1,1.0,3194,0,4.0
118500.0,0,0,0,0,0,0,192.0,261.0,0,4,0,3.0,3.0,0,1,0,1.0,1029,64,0.0
313000.0,0,0,0,0,0,1,204.0,736.0,0,9,0,5.0,4.0,0,2,0,1.0,2153,253,5.0
148000.0,0,0,0,0,0,0,233.0,564.0,0,6,0,3.0,3.0,0,2,0,2.0,1032,0,3.0
261500.0,0,0,0,0,0,1,108.0,531.0,0,8,0,5.0,4.0,0,2,0,1.0,1872,160,3.0
147000.0,0,0,0,1,0,0,0.0,0.0,0,5,0,3.0,3.0,0,1,0,1.0,1120,0,0.0
75500.0,0,0,0,0,0,0,0.0,0.0,0,4,0,3.0,3.0,0,1,0,1.0,630,96,0.0
137500.0,0,0,0,0,0,0,156.0,480.0,0,6,0,4.0,3.0,0,1,0,1.0,1054,120,0.0
183200.0,0,0,0,0,0,0,0.0,393.0,1,6,0,4.0,4.0,0,2,0,2.0,1509,100,4.0
105500.0,0,1,0,0,0,0,0.0,528.0,0,6,1,4.0,3.0,0,1,0,1.0,832,0,0.0
314813.0,0,0,0,1,1,0,452.0,774.0,0,9,0,4.0,5.0,0,2,0,1.0,1828,0,4.0
305000.0,0,0,0,0,0,0,226.0,749.0,0,8,0,4.0,4.0,1,2,0,1.0,2262,168,4.0
67000.0,0,0,0,0,0,0,0.0,0.0,0,3,0,3.0,3.0,0,1,0,1.0,864,0,0.0
240000.0,0,0,0,0,0,0,0.0,624.0,0,6,0,3.0,3.0,0,2,0,1.0,2614,38,3.0
135000.0,0,0,0,0,0,0,153.0,484.0,0,5,0,3.0,3.0,0,1,0,1.0,980,192,0.0
168500.0,0,0,0,0,0,0,513.0,440.0,0,6,0,4.0,4.0,0,2,0,1.0,1512,0,3.0
165150.0,0,0,0,0,0,0,288.0,484.0,0,6,0,3.0,3.0,0,1,0,1.0,1790,148,3.0
160000.0,0,0,0,0,0,0,261.0,440.0,0,6,0,3.0,3.0,0,1,0,2.0,1116,0,0.0
139900.0,0,0,0,0,0,0,0.0,286.0,0,5,0,3.0,3.0,0,1,0,2.0,1422,0,3.0
153000.0,0,0,0,0,0,0,164.0,364.0,0,6,0,3.0,3.0,0,1,0,1.0,1520,0,4.0
135000.0,0,1,0,0,0,0,192.0,504.0,0,5,0,2.0,3.0,0,1,0,2.0,2080,335,3.0
168500.0,0,0,0,0,0,0,259.0,520.0,0,6,0,3.0,3.0,0,1,0,1.0,1350,176,0.0
124000.0,0,0,0,0,0,0,0.0,240.0,0,5,1,5.0,3.0,0,1,0,1.0,1750,0,0.0
209500.0,0,0,0,0,1,0,108.0,627.0,0,8,0,4.0,4.0,0,2,0,1.0,1554,156,4.0
82500.0,0,0,0,0,0,0,209.0,544.0,0,7,0,3.0,3.0,0,2,0,1.0,1411,192,3.0
139400.0,0,0,0,0,0,0,0.0,260.0,0,5,0,3.0,3.0,0,1,0,1.0,1056,390,0.0
144000.0,0,0,0,0,0,0,0.0,576.0,0,6,0,3.0,3.0,0,0,0,1.0,1056,264,0.0
200000.0,0,0,0,0,0,0,0.0,0.0,0,6,0,2.0,2.0,0,2,0,1.0,3395,0,0.0
60000.0,0,0,0,0,0,0,0.0,0.0,0,2,0,2.0,2.0,0,1,0,1.0,800,0,1.0
93000.0,0,0,0,0,0,0,0.0,256.0,0,5,0,4.0,3.0,0,2,0,1.0,1387,0,0.0
85000.0,0,0,0,0,0,0,0.0,0.0,0,5,0,3.0,3.0,0,1,0,1.0,796,328,0.0
264561.0,0,0,0,1,0,0,0.0,648.0,0,8,0,5.0,4.0,0,2,0,1.0,1567,312,4.0
274000.0,0,0,0,0,1,0,472.0,588.0,0,8,0,5.0,5.0,0,1,0,2.0,1518,185,4.0
226000.0,0,0,0,0,0,0,0.0,650.0,0,7,0,4.0,4.0,0,2,0,1.0,1929,0,3.0
345000.0,0,0,0,0,0,0,0.0,538.0,0,8,0,5.0,4.0,0,2,0,1.0,2704,269,3.0
152000.0,0,0,0,0,0,0,263.0,462.0,0,5,0,3.0,3.0,0,2,0,1.0,1620,208,0.0
370878.0,0,0,0,1,0,0,162.0,478.0,0,9,0,5.0,5.0,0,2,0,1.0,1766,195,4.0
143250.0,0,0,0,0,0,0,0.0,576.0,0,6,0,3.0,3.0,0,1,0,2.0,981,0,0.0
98300.0,0,0,0,0,0,0,0.0,420.0,0,5,0,3.0,3.0,0,1,0,1.0,1048,0,0.0
155000.0,0,0,0,0,0,0,216.0,495.0,0,6,0,3.0,3.0,0,1,0,2.0,1094,0,4.0
155000.0,0,0,0,0,0,0,351.0,442.0,0,6,0,3.0,3.0,0,1,0,1.0,1839,0,3.0
84500.0,0,0,0,0,0,0,0.0,0.0,0,4,0,3.0,3.0,0,1,0,1.0,630,0,0.0
205950.0,0,0,0,0,0,0,0.0,562.0,0,7,0,4.0,4.0,0,2,0,1.0,1665,0,0.0
108000.0,0,0,0,0,0,0,0.0,296.0,0,4,1,3.0,3.0,0,1,0,1.0,1510,120,4.0
191000.0,0,0,0,0,0,1,0.0,512.0,0,7,0,4.0,4.0,0,2,0,1.0,1716,0,3.0
135000.0,0,0,0,0,0,0,0.0,216.0,0,6,0,3.0,3.0,0,1,0,1.0,1469,57,0.0
350000.0,0,0,1,0,0,0,660.0,839.0,0,8,0,4.0,4.0,0,2,0,2.0,2113,236,3.0
88000.0,0,0,0,0,0,0,381.0,264.0,0,6,0,3.0,3.0,0,1,0,1.0,1092,0,0.0
145500.0,0,0,0,0,0,0,54.0,312.0,0,5,0,4.0,4.0,0,1,0,2.0,1053,0,0.0
149000.0,0,1,0,0,0,0,0.0,270.0,0,7,0,3.0,3.0,0,1,1,1.0,1502,0,4.0
97500.0,0,0,0,0,0,0,0.0,330.0,0,6,1,3.0,3.0,0,1,0,1.0,1458,192,4.0
167000.0,0,0,0,0,0,0,0.0,480.0,0,5,0,3.0,3.0,0,1,0,1.0,1486,0,0.0
197900.0,0,0,0,0,0,0,233.0,550.0,0,7,0,3.0,3.0,0,2,0,1.0,1935,0,3.0
402000.0,0,0,1,0,0,0,528.0,711.0,0,8,0,4.0,4.0,0,2,0,3.0,2448,517,3.0
110000.0,0,0,0,0,0,0,216.0,576.0,0,6,0,3.0,3.0,0,1,0,1.0,1392,0,3.0
137500.0,0,0,0,0,0,0,0.0,588.0,0,4,0,3.0,3.0,0,2,0,1.0,1181,0,0.0
423000.0,0,0,0,1,0,0,0.0,1134.0,0,8,0,5.0,4.0,0,1,0,3.0,2097,192,5.0
230500.0,0,0,0,0,0,0,40.0,504.0,1,8,0,4.0,4.0,0,2,0,2.0,1936,188,3.0
129000.0,0,0,0,0,0,0,113.0,596.0,0,6,0,3.0,3.0,0,2,0,2.0,2380,0,1.0
193500.0,0,0,0,0,0,0,258.0,575.0,0,6,0,4.0,3.0,0,2,0,1.0,1679,224,2.0
168000.0,0,0,0,0,0,0,0.0,576.0,0,5,0,3.0,3.0,0,1,0,1.0,1437,304,3.0
137500.0,0,0,0,0,0,0,0.0,252.0,0,4,0,2.0,3.0,0,1,1,1.0,1180,0,4.0
173500.0,0,0,0,0,0,1,0.0,540.0,0,6,0,4.0,4.0,0,2,0,1.0,1476,100,0.0
103600.0,0,0,0,0,0,0,0.0,300.0,0,6,1,3.0,3.0,0,2,0,1.0,1369,147,0.0
165000.0,0,0,0,0,0,0,0.0,546.0,0,6,0,3.0,4.0,0,1,0,2.0,1208,198,3.0
257500.0,0,0,0,0,0,0,106.0,416.0,0,6,0,4.0,3.0,0,2,1,1.0,1839,0,3.0
140000.0,0,0,0,0,0,0,0.0,384.0,0,6,0,3.0,3.0,0,1,0,1.0,1136,426,4.0
148500.0,0,0,0,0,0,0,0.0,440.0,0,6,0,3.0,3.0,0,2,0,1.0,1441,28,3.0
87000.0,0,0,0,0,0,0,0.0,779.0,0,4,0,3.0,3.0,0,2,0,1.0,1774,0,0.0
109500.0,0,0,0,0,0,0,0.0,240.0,0,5,0,4.0,4.0,0,1,0,1.0,792,316,0.0
372500.0,1,0,0,1,0,0,464.0,834.0,0,8,0,4.0,4.0,0,2,0,2.0,2046,322,4.0
128500.0,0,0,0,0,0,0,57.0,572.0,0,5,0,3.0,3.0,0,1,0,2.0,988,0,0.0
143000.0,0,0,0,0,0,0,0.0,264.0,0,6,0,3.0,3.0,0,2,0,1.0,923,80,3.0
159434.0,0,0,0,0,0,0,0.0,281.0,0,5,0,3.0,3.0,0,1,0,3.0,1520,0,0.0
173000.0,0,1,0,0,0,0,0.0,431.0,0,6,0,4.0,3.0,0,1,0,1.0,1291,307,4.0
285000.0,0,0,0,0,0,1,215.0,702.0,0,9,0,4.0,4.0,0,2,0,2.0,1668,257,3.0
221000.0,0,0,1,0,0,0,30.0,486.0,0,7,0,3.0,4.0,0,2,0,3.0,1839,0,0.0
207500.0,1,0,0,0,0,0,0.0,577.0,0,7,0,4.0,4.0,0,2,0,2.0,2090,219,3.0
227875.0,0,0,0,1,0,0,0.0,578.0,0,7,0,4.0,4.0,0,3,0,1.0,1761,144,0.0
148800.0,0,0,0,0,0,0,0.0,480.0,0,7,0,4.0,4.0,0,2,0,3.0,1102,0,0.0
392000.0,1,1,0,1,0,0,0.0,567.0,0,8,0,4.0,4.0,0,2,0,1.0,1419,140,4.0
194700.0,0,0,0,0,1,0,256.0,460.0,0,6,0,4.0,4.0,0,2,0,2.0,1362,192,4.0
141000.0,0,0,0,0,0,1,147.0,420.0,0,6,0,4.0,4.0,0,1,0,1.0,848,149,3.0
755000.0,0,0,1,0,0,0,1170.0,832.0,0,10,0,5.0,5.0,0,3,0,2.0,4316,382,5.0
335000.0,0,0,0,0,0,0,293.0,628.0,0,7,0,4.0,4.0,1,2,0,2.0,2519,320,4.0
108480.0,0,0,0,0,0,0,0.0,326.0,0,5,0,3.0,3.0,0,1,0,1.0,1073,0,0.0
141500.0,0,0,0,0,0,0,0.0,576.0,0,5,0,3.0,3.0,0,1,0,1.0,1539,112,0.0
176000.0,0,0,0,0,0,0,72.0,551.0,0,6,0,4.0,3.0,1,2,0,2.0,1137,125,3.0
89000.0,0,0,0,0,0,0,0.0,205.0,0,5,0,3.0,3.0,0,1,0,1.0,616,0,0.0
123500.0,0,0,0,0,0,0,0.0,308.0,0,5,0,3.0,3.0,0,1,0,2.0,1148,0,0.0
138500.0,0,0,0,0,0,0,0.0,336.0,0,5,0,3.0,3.0,0,1,0,1.0,894,416,4.0
196000.0,0,0,0,0,0,0,0.0,530.0,0,7,0,4.0,4.0,0,2,0,3.0,1391,156,0.0
312500.0,0,0,0,0,0,0,630.0,765.0,0,8,0,4.0,4.0,1,2,0,1.0,1800,270,4.0
140000.0,0,0,0,0,0,0,168.0,528.0,0,7,0,3.0,3.0,0,1,0,1.0,1164,0,0.0
361919.0,1,0,0,1,0,0,466.0,666.0,0,8,0,5.0,5.0,0,2,0,2.0,2576,324,4.0
140000.0,0,0,0,0,0,0,0.0,672.0,0,5,0,4.0,3.0,0,2,0,1.0,1812,344,1.0
213000.0,0,0,0,0,0,1,109.0,606.0,0,7,0,4.0,4.0,0,2,0,1.0,1484,0,0.0
55000.0,0,0,0,0,0,0,0.0,0.0,0,4,0,2.0,2.0,0,2,0,1.0,1092,0,0.0
302000.0,0,0,0,0,0,0,351.0,739.0,0,7,0,4.0,3.0,0,2,0,3.0,1824,380,3.0
254000.0,0,0,0,0,1,0,176.0,550.0,0,8,0,4.0,4.0,0,2,0,1.0,1324,192,4.0
179540.0,0,0,0,1,0,0,0.0,400.0,1,7,0,4.0,4.0,0,2,0,2.0,1456,100,4.0
109900.0,0,0,0,0,0,0,41.0,408.0,0,5,0,3.0,3.0,0,1,0,2.0,904,0,0.0
52000.0,0,0,0,0,0,0,0.0,0.0,0,3,0,3.0,4.0,0,1,0,2.0,729,0,0.0
102776.0,0,1,0,0,0,0,0.0,384.0,0,4,0,3.0,3.0,0,1,0,1.0,1178,68,0.0
189000.0,1,1,0,0,0,0,0.0,472.0,0,8,0,4.0,4.0,0,2,0,2.0,1228,168,4.0
129000.0,0,0,0,0,0,0,160.0,576.0,0,4,0,3.0,3.0,0,1,0,1.0,960,0,0.0
130500.0,0,0,0,0,0,0,289.0,475.0,0,6,0,4.0,4.0,0,2,0,2.0,1479,0,0.0
165000.0,0,0,0,0,0,0,174.0,478.0,0,6,0,3.0,3.0,0,2,0,1.0,1350,0,3.0
159500.0,0,0,0,0,0,0,0.0,704.0,0,7,0,3.0,3.0,0,1,0,1.0,2554,0,0.0
157000.0,0,0,0,0,0,0,0.0,439.0,0,5,0,4.0,3.0,0,1,0,1.0,1178,224,2.0
341000.0,0,0,1,0,0,0,651.0,983.0,0,7,0,4.0,4.0,0,2,0,1.0,2418,250,3.0
128500.0,0,0,0,0,0,1,0.0,300.0,0,5,0,3.0,3.0,0,1,0,2.0,971,0,1.0
275000.0,1,0,0,0,0,0,0.0,564.0,0,8,0,4.0,4.0,0,2,0,2.0,1742,114,3.0
143000.0,0,0,0,0,0,1,169.0,420.0,0,6,0,4.0,4.0,0,1,0,1.0,848,160,0.0
124500.0,0,0,0,0,0,0,0.0,463.0,0,4,0,3.0,3.0,0,1,0,1.0,864,0,0.0
135000.0,0,0,0,0,0,0,0.0,548.0,0,4,0,3.0,3.0,0,2,0,1.0,1470,0,0.0
320000.0,0,0,0,0,0,0,340.0,768.0,0,9,0,5.0,5.0,0,2,0,2.0,1698,327,4.0
120500.0,0,0,0,0,0,0,0.0,660.0,0,4,0,4.0,3.0,0,1,0,1.0,864,96,0.0
222000.0,0,0,0,0,0,0,260.0,540.0,0,6,0,4.0,4.0,0,2,1,2.0,1680,292,4.0
194500.0,0,0,0,0,0,1,82.0,632.0,0,7,0,4.0,4.0,0,2,0,1.0,1232,132,0.0
110000.0,0,0,0,0,0,0,95.0,888.0,0,5,0,3.0,3.0,0,2,0,1.0,1776,0,0.0
103000.0,0,0,0,0,0,0,0.0,539.0,0,4,0,3.0,3.0,0,1,0,1.0,1208,0,0.0
236500.0,1,0,0,0,0,0,0.0,608.0,0,8,0,4.0,4.0,0,2,0,2.0,1616,237,3.0
187500.0,0,0,0,0,0,0,442.0,438.0,0,7,0,4.0,4.0,1,2,0,2.0,1146,160,4.0
222500.0,0,0,0,0,0,1,202.0,541.0,0,7,0,4.0,4.0,0,2,0,2.0,2031,192,3.0
131400.0,0,0,0,0,0,0,0.0,264.0,0,5,0,3.0,3.0,0,1,0,1.0,1144,165,3.0
108000.0,0,0,0,0,0,0,0.0,300.0,0,5,0,3.0,3.0,0,1,0,2.0,948,147,0.0
163000.0,0,0,0,0,0,0,0.0,320.0,0,7,0,3.0,3.0,0,1,0,1.0,1768,0,3.0
93500.0,0,0,0,0,0,0,0.0,400.0,0,3,0,3.0,3.0,0,2,0,1.0,1040,0,0.0
239900.0,0,1,0,0,0,0,0.0,800.0,1,8,0,4.0,4.0,0,2,0,2.0,1801,0,4.0
179000.0,0,0,0,0,0,0,0.0,0.0,0,5,0,3.0,3.0,0,3,0,1.0,1200,120,0.0
190000.0,0,0,0,0,0,1,0.0,572.0,0,7,0,4.0,4.0,0,2,0,2.0,1728,187,0.0
132000.0,0,0,0,0,0,0,0.0,360.0,0,5,0,3.0,3.0,0,2,0,1.0,1432,270,0.0
142000.0,0,0,0,0,0,0,0.0,288.0,0,6,0,4.0,3.0,0,1,0,2.0,912,168,0.0
179000.0,0,0,0,0,0,0,108.0,539.0,0,7,0,3.0,3.0,0,2,0,1.0,1349,120,0.0
175000.0,0,0,0,0,0,0,0.0,480.0,0,5,0,3.0,3.0,0,2,0,2.0,1464,302,3.0
180000.0,1,1,0,0,0,0,0.0,462.0,0,8,0,4.0,4.0,0,2,0,2.0,1337,96,3.0
299800.0,0,0,0,0,0,0,289.0,831.0,0,8,0,4.0,5.0,0,3,0,2.0,2715,0,3.0
236000.0,0,0,0,0,0,0,0.0,554.0,1,7,0,4.0,4.0,0,2,0,2.0,2256,224,3.0
265979.0,0,0,0,0,0,0,0.0,864.0,0,7,0,4.0,4.0,0,1,0,2.0,2640,181,4.0
260400.0,0,0,1,0,0,0,338.0,527.0,0,7,0,4.0,4.0,0,2,0,2.0,1720,240,3.0
98000.0,0,0,0,0,0,0,0.0,240.0,0,4,0,3.0,3.0,0,2,0,1.0,1529,92,0.0
96500.0,0,0,0,0,0,0,0.0,0.0,0,4,0,3.0,3.0,0,1,0,1.0,1140,0,0.0
162000.0,0,0,0,0,0,0,0.0,400.0,1,7,0,4.0,4.0,0,2,0,1.0,1320,0,0.0
217000.0,0,0,0,0,0,1,0.0,576.0,0,6,0,4.0,3.0,0,2,0,2.0,1494,168,0.0
275500.0,0,0,0,0,1,0,178.0,878.0,0,8,0,5.0,4.0,0,2,0,1.0,2098,192,4.0
156000.0,0,0,0,0,0,0,0.0,440.0,0,6,0,4.0,3.0,0,1,0,1.0,1026,171,0.0
172500.0,0,0,0,0,0,0,894.0,440.0,0,6,0,3.0,3.0,0,2,0,1.0,1471,0,0.0
212000.0,0,0,0,0,0,1,0.0,578.0,0,8,0,4.0,4.0,0,2,0,2.0,1768,144,0.0
158900.0,0,0,0,0,0,0,328.0,440.0,0,6,0,3.0,3.0,0,2,0,2.0,1386,335,3.0
179400.0,0,0,0,0,0,0,360.0,440.0,0,7,0,3.0,3.0,0,2,0,1.0,1501,0,0.0
290000.0,0,0,1,0,0,0,513.0,752.0,0,8,0,4.0,4.0,0,2,0,2.0,2531,222,3.0
127500.0,0,0,0,0,0,0,0.0,300.0,0,6,0,3.0,3.0,0,1,0,1.0,864,0,0.0
100000.0,0,0,0,0,0,0,0.0,440.0,0,5,0,2.0,3.0,0,1,0,1.0,1301,0,0.0
215200.0,0,0,0,0,0,0,0.0,614.0,0,7,0,4.0,3.0,0,2,0,1.0,1547,169,0.0
337000.0,0,0,1,0,0,0,673.0,856.0,0,8,0,4.0,4.0,0,2,0,1.0,2365,0,4.0
270000.0,0,0,0,0,0,0,0.0,481.0,0,8,0,5.0,4.0,0,1,0,2.0,1494,0,4.0
264132.0,0,0,0,1,0,0,284.0,592.0,0,9,0,5.0,4.0,0,2,0,2.0,1506,0,4.0
196500.0,0,0,0,0,0,0,42.0,496.0,0,7,0,3.0,3.0,0,2,0,1.0,1714,228,3.0
160000.0,0,0,0,0,0,0,0.0,423.0,0,6,0,3.0,3.0,0,2,0,2.0,1750,245,0.0
216837.0,0,0,0,0,0,1,0.0,484.0,0,7,0,4.0,4.0,0,2,0,1.0,1836,120,4.0
538000.0,1,1,0,0,0,0,603.0,841.0,0,8,0,5.0,5.0,0,3,0,3.0,3279,503,4.0
134900.0,0,0,0,0,0,0,0.0,576.0,0,5,0,3.0,3.0,0,1,0,2.0,858,120,0.0
102000.0,0,0,0,0,0,0,0.0,396.0,0,4,0,3.0,3.0,0,1,0,1.0,1220,0,0.0
107000.0,0,0,0,0,0,0,0.0,672.0,0,6,0,3.0,3.0,0,1,0,1.0,1117,144,3.0
114500.0,0,0,0,0,0,0,1.0,275.0,0,5,0,3.0,3.0,0,1,0,1.0,912,0,0.0
395000.0,0,0,0,1,1,0,375.0,895.0,0,8,0,4.0,4.0,0,2,0,1.0,1973,315,4.0
162000.0,0,0,0,0,0,0,320.0,412.0,0,6,0,3.0,3.0,0,2,0,1.0,1204,0,0.0
221500.0,0,0,0,1,0,1,240.0,865.0,0,7,0,4.0,4.0,0,2,0,2.0,1614,144,0.0
142500.0,0,0,0,0,0,0,0.0,440.0,0,5,0,3.0,3.0,0,1,0,2.0,894,241,2.0
144000.0,0,0,0,0,0,0,320.0,630.0,0,5,0,3.0,3.0,0,2,0,1.0,2020,0,3.0
135000.0,0,0,0,0,0,0,90.0,504.0,0,6,0,3.0,3.0,0,1,0,1.0,1004,0,0.0
176000.0,0,0,0,0,0,0,38.0,402.0,1,7,0,3.0,3.0,0,2,0,1.0,1253,220,3.0
175900.0,0,0,0,0,0,0,0.0,484.0,0,6,0,4.0,4.0,0,2,0,1.0,1603,0,0.0
187100.0,0,0,0,0,0,1,0.0,605.0,0,7,0,4.0,4.0,0,2,0,3.0,1430,0,0.0
165500.0,0,0,0,0,0,0,104.0,602.0,0,5,0,4.0,3.0,0,1,0,2.0,1110,303,3.0
128000.0,0,0,0,0,0,0,0.0,0.0,0,6,0,3.0,3.0,0,2,0,1.0,1484,0,4.0
161500.0,0,0,0,0,0,0,0.0,457.0,0,6,0,3.0,3.0,0,2,0,1.0,1342,0,4.0
139000.0,0,0,0,0,0,0,0.0,416.0,0,5,1,3.0,3.0,0,2,0,1.0,1652,0,0.0
233000.0,0,0,0,0,0,0,0.0,618.0,0,7,0,4.0,4.0,0,2,0,2.0,2084,0,0.0
107900.0,0,0,0,0,0,0,0.0,281.0,0,4,0,3.0,3.0,0,1,0,1.0,901,0,0.0
187500.0,0,0,0,0,0,0,157.0,444.0,0,6,0,4.0,3.0,0,2,0,2.0,2087,133,0.0
160200.0,0,0,0,0,0,0,11.0,397.0,0,7,0,4.0,4.0,0,2,0,1.0,1145,100,4.0
146800.0,0,0,0,0,0,0,0.0,539.0,0,6,0,3.0,3.0,0,1,0,2.0,1062,120,3.0
269790.0,0,0,1,0,0,0,0.0,455.0,0,7,0,3.0,4.0,0,2,0,2.0,2013,180,3.0
225000.0,0,0,0,1,0,0,140.0,474.0,0,8,0,4.0,4.0,0,2,0,1.0,1496,168,0.0
194500.0,0,0,0,0,0,0,0.0,409.0,1,7,0,4.0,4.0,0,2,0,2.0,1895,143,3.0
171000.0,0,0,0,0,0,0,130.0,476.0,0,6,0,3.0,3.0,0,2,0,1.0,1564,0,3.0
143500.0,0,0,0,0,0,0,148.0,528.0,0,6,0,3.0,3.0,0,1,0,1.0,1285,138,3.0
110000.0,0,0,0,0,0,0,0.0,240.0,0,5,0,3.0,3.0,0,1,0,1.0,773,0,0.0
485000.0,0,0,0,1,1,0,860.0,820.0,0,9,0,5.0,5.0,0,3,0,1.0,3140,144,4.0
175000.0,0,0,0,0,0,0,252.0,240.0,0,5,0,4.0,3.0,0,1,0,1.0,1768,0,3.0
200000.0,0,1,0,0,0,0,0.0,603.0,0,6,0,4.0,3.0,0,2,0,2.0,1688,403,0.0
109900.0,0,0,0,0,0,0,0.0,440.0,0,4,0,3.0,3.0,0,1,0,1.0,1196,0,0.0
189000.0,0,0,0,0,0,1,0.0,410.0,0,7,0,4.0,4.0,0,2,0,1.0,1456,36,4.0
582933.0,0,0,0,1,1,0,424.0,1020.0,0,9,0,5.0,5.0,0,3,0,1.0,2822,52,4.0
118000.0,0,0,0,0,0,0,0.0,286.0,0,5,0,3.0,3.0,0,1,0,1.0,1128,0,0.0
227680.0,0,0,0,1,0,0,256.0,554.0,0,7,0,5.0,4.0,0,2,0,2.0,1428,0,0.0
135500.0,0,0,0,0,0,0,0.0,384.0,0,5,0,3.0,3.0,0,2,0,1.0,980,68,0.0
223500.0,0,0,0,0,0,0,0.0,528.0,0,5,0,4.0,3.0,0,1,0,1.0,1576,0,3.0
159950.0,0,0,0,0,0,0,1047.0,484.0,0,5,0,3.0,3.0,0,1,0,1.0,1086,0,4.0
106000.0,0,0,0,0,0,0,0.0,360.0,0,5,0,3.0,3.0,0,2,0,1.0,2138,40,0.0
181000.0,0,0,0,0,0,0,99.0,484.0,0,6,0,4.0,3.0,0,1,0,1.0,1309,265,2.0
144500.0,0,0,0,0,0,1,169.0,420.0,0,6,0,4.0,4.0,0,1,0,1.0,848,140,4.0
55993.0,0,0,0,0,0,0,0.0,504.0,0,5,0,2.0,2.0,0,1,0,1.0,1044,0,0.0
157900.0,0,0,0,0,0,0,243.0,301.0,0,6,0,3.0,3.0,0,1,0,1.0,1442,0,0.0
116000.0,0,0,0,0,0,0,0.0,280.0,0,5,0,2.0,3.0,0,1,0,1.0,1250,207,0.0
224900.0,0,0,0,0,0,1,442.0,598.0,0,7,0,4.0,3.0,0,2,0,3.0,1661,0,0.0
137000.0,0,0,0,0,0,0,0.0,275.0,0,5,0,3.0,3.0,0,1,0,2.0,1008,0,4.0
271000.0,0,0,0,0,0,0,148.0,857.0,0,8,0,4.0,4.0,0,2,0,2.0,1689,150,4.0
155000.0,0,0,0,0,0,0,80.0,440.0,0,6,0,3.0,3.0,0,1,0,1.0,1052,0,0.0
224000.0,0,0,0,1,1,0,128.0,484.0,0,7,0,4.0,4.0,0,2,0,2.0,1358,192,4.0
183000.0,0,0,0,0,0,1,0.0,595.0,0,7,0,4.0,4.0,0,2,0,2.0,1640,0,0.0
93000.0,0,0,0,0,0,0,0.0,576.0,0,4,0,3.0,2.0,0,1,0,1.0,936,0,0.0
225000.0,0,0,0,0,0,0,0.0,433.0,1,7,0,4.0,4.0,0,2,0,2.0,1733,100,4.0
139500.0,0,0,0,0,0,0,0.0,240.0,0,6,0,3.0,3.0,0,2,0,1.0,1489,335,4.0
232600.0,0,0,0,1,0,0,0.0,776.0,0,8,0,4.0,4.0,0,2,0,1.0,1489,0,4.0
385000.0,0,0,0,1,1,0,816.0,1220.0,0,10,0,5.0,5.0,0,2,0,1.0,2084,188,4.0
109500.0,0,0,0,0,0,0,0.0,0.0,0,5,0,4.0,3.0,0,1,0,1.0,784,0,0.0
189000.0,0,0,0,0,0,0,0.0,527.0,0,7,0,4.0,4.0,0,2,0,2.0,1434,290,3.0
185000.0,0,0,0,0,0,0,0.0,538.0,0,5,0,3.0,3.0,0,2,0,3.0,2126,486,0.0
147400.0,0,0,0,0,0,0,0.0,480.0,0,7,0,4.0,4.0,0,2,0,1.0,1223,0,0.0
166000.0,0,0,0,0,0,0,387.0,458.0,0,6,0,3.0,3.0,0,1,0,2.0,1392,0,4.0
151000.0,0,0,0,0,0,0,0.0,480.0,0,7,0,4.0,3.0,0,2,0,1.0,1200,0,0.0
237000.0,0,0,0,0,0,1,223.0,613.0,0,7,0,4.0,4.0,0,2,0,2.0,1829,192,3.0
167000.0,0,0,0,0,0,0,180.0,472.0,0,6,0,3.0,3.0,0,1,0,1.0,1516,0,0.0
139950.0,0,0,0,0,0,0,136.0,456.0,0,5,0,3.0,3.0,0,1,0,1.0,1144,0,0.0
128000.0,0,0,0,0,0,0,0.0,436.0,0,4,0,4.0,3.0,0,2,0,1.0,1067,290,0.0
153500.0,0,0,0,0,0,0,0.0,812.0,0,5,0,3.0,3.0,0,1,0,1.0,1559,0,0.0
100000.0,0,0,0,0,0,0,158.0,264.0,0,6,0,3.0,3.0,0,1,0,1.0,987,0,0.0
144000.0,0,0,0,0,0,1,0.0,352.0,0,5,0,4.0,3.0,0,1,0,1.0,1099,278,0.0
130500.0,0,0,0,0,0,0,0.0,240.0,0,5,0,3.0,3.0,0,1,0,1.0,1200,0,0.0
140000.0,0,0,0,0,0,0,0.0,400.0,0,6,0,2.0,3.0,0,2,0,2.0,1482,0,0.0
157500.0,0,0,0,0,0,0,0.0,686.0,0,5,0,4.0,3.0,0,2,0,1.0,1539,70,1.0
174900.0,0,0,0,0,0,0,183.0,490.0,0,6,0,3.0,3.0,0,1,0,1.0,1165,0,0.0
141000.0,0,0,0,0,0,0,0.0,0.0,0,5,1,3.0,3.0,0,2,0,1.0,1800,0,0.0
153900.0,0,0,0,0,0,0,0.0,720.0,0,5,1,3.0,3.0,0,1,0,2.0,1416,418,4.0
171000.0,0,0,0,0,0,0,0.0,611.0,0,5,0,3.0,3.0,0,2,0,2.0,1701,0,3.0
213000.0,0,0,0,0,0,0,137.0,425.0,0,7,0,4.0,4.0,0,2,0,1.0,1775,234,3.0
133500.0,0,0,0,0,0,1,0.0,338.0,0,5,0,3.0,3.0,0,1,0,2.0,864,0,2.0
240000.0,0,0,0,0,0,0,0.0,360.0,0,6,0,3.0,3.0,0,3,0,3.0,2358,486,4.0
187000.0,0,0,0,0,0,0,360.0,512.0,0,6,0,3.0,4.0,0,2,0,1.0,1855,113,3.0
131500.0,0,0,0,0,0,1,170.0,420.0,0,6,0,4.0,4.0,0,1,0,1.0,848,140,0.0
215000.0,0,0,0,0,0,0,40.0,400.0,0,8,0,4.0,4.0,0,2,0,1.0,1456,143,3.0
164000.0,0,0,0,0,0,0,0.0,240.0,0,7,0,3.0,3.0,0,2,1,1.0,1646,0,4.0
158000.0,0,0,0,0,0,0,115.0,645.0,0,6,0,3.0,3.0,0,1,0,2.0,1445,180,2.0
170000.0,0,0,0,0,0,0,0.0,454.0,0,5,0,3.0,3.0,0,1,0,1.0,1779,0,4.0
127000.0,0,0,0,0,0,0,0.0,260.0,0,5,0,3.0,3.0,0,1,0,2.0,1040,0,0.0
147000.0,0,0,0,0,0,1,0.0,576.0,0,6,0,3.0,3.0,0,1,0,2.0,1026,0,0.0
174000.0,0,0,0,0,0,0,0.0,343.0,1,6,0,3.0,3.0,0,2,0,1.0,1481,0,3.0
152000.0,0,0,0,0,0,0,189.0,479.0,0,7,0,3.0,3.0,0,2,0,1.0,1370,0,3.0
250000.0,0,0,0,0,0,0,220.0,619.0,0,6,0,4.0,3.0,0,2,0,2.0,2654,0,4.0
189950.0,0,0,0,0,0,0,0.0,216.0,0,7,0,4.0,4.0,0,1,1,1.0,1426,0,4.0
131500.0,0,0,0,0,0,0,0.0,504.0,0,5,0,3.0,3.0,0,1,0,1.0,1039,0,0.0
152000.0,0,0,0,0,0,0,0.0,480.0,0,6,0,3.0,3.0,0,2,0,1.0,1097,0,0.0
132500.0,0,0,0,0,0,0,0.0,672.0,0,5,0,3.0,3.0,0,1,0,1.0,1148,0,0.0
250580.0,0,0,0,1,0,0,0.0,529.0,0,7,0,4.0,4.0,0,2,0,1.0,1372,0,0.0
148500.0,0,0,0,0,0,0,76.0,902.0,0,5,0,3.0,3.0,0,1,0,2.0,1002,0,0.0
248900.0,0,1,0,1,0,0,274.0,870.0,0,8,0,4.0,4.0,1,2,0,2.0,1646,192,4.0
129000.0,0,0,0,0,0,0,0.0,544.0,0,4,0,2.0,3.0,0,1,0,1.0,1120,168,0.0
169000.0,0,0,0,0,0,0,0.0,672.0,1,5,0,3.0,3.0,0,2,0,3.0,2320,120,3.0
236000.0,0,0,0,0,0,0,246.0,574.0,0,7,0,4.0,4.0,0,2,0,1.0,1949,156,3.0
109500.0,0,0,0,0,0,0,0.0,308.0,0,5,0,3.0,3.0,0,1,0,1.0,894,0,0.0
200500.0,0,0,0,0,0,1,116.0,523.0,0,6,0,4.0,3.0,0,2,0,1.0,1682,0,0.0
116000.0,0,0,0,0,0,0,0.0,414.0,0,5,0,4.0,4.0,0,1,0,1.0,910,196,0.0
133000.0,0,0,0,0,0,0,0.0,288.0,0,5,0,3.0,4.0,0,1,0,1.0,1268,0,4.0
66500.0,0,0,0,0,0,0,0.0,200.0,0,5,1,3.0,3.0,0,1,0,1.0,1131,26,0.0
303477.0,0,0,0,1,0,0,0.0,550.0,0,8,0,5.0,4.0,0,2,0,1.0,2610,208,4.0
132250.0,0,1,0,0,0,0,0.0,648.0,0,4,0,3.0,3.0,0,1,0,1.0,1040,0,0.0
350000.0,0,0,0,0,1,0,216.0,738.0,0,9,0,5.0,4.0,0,2,0,1.0,2224,184,4.0
148000.0,0,0,0,0,0,0,0.0,576.0,0,5,0,4.0,3.0,0,1,0,2.0,1155,192,0.0
136500.0,0,0,0,0,0,1,90.0,336.0,0,5,0,3.0,4.0,0,1,0,2.0,864,0,0.0
157000.0,0,0,0,0,0,0,0.0,450.0,0,5,0,3.0,3.0,0,1,0,1.0,1090,0,0.0
187500.0,0,0,0,0,0,0,117.0,400.0,0,7,0,4.0,4.0,1,2,0,2.0,1717,168,3.0
178000.0,0,0,0,0,0,0,0.0,389.0,1,6,0,3.0,3.0,0,2,0,2.0,1593,342,3.0
118500.0,0,0,0,0,0,0,0.0,440.0,0,4,0,3.0,4.0,0,1,0,1.0,2230,0,0.0
100000.0,0,0,0,0,0,0,60.0,288.0,0,5,0,3.0,3.0,0,1,0,1.0,892,0,0.0
328900.0,0,0,0,0,0,0,60.0,506.0,0,9,0,4.0,4.0,0,2,0,2.0,1709,97,3.0
145000.0,0,0,0,0,0,0,122.0,588.0,0,5,0,3.0,3.0,0,2,0,1.0,1712,272,0.0
135500.0,0,0,0,0,0,0,0.0,300.0,0,5,0,3.0,3.0,0,1,0,2.0,1393,121,0.0
268000.0,0,0,0,0,0,0,0.0,621.0,0,8,0,4.0,4.0,0,2,0,2.0,2217,81,3.0
149500.0,0,0,0,0,0,0,90.0,505.0,0,6,0,3.0,3.0,0,1,0,1.0,1505,0,3.0
122900.0,0,0,0,0,0,0,0.0,576.0,0,5,1,3.0,3.0,0,1,0,1.0,924,0,1.0
172500.0,0,0,0,0,0,0,92.0,440.0,0,6,0,3.0,3.0,0,2,0,1.0,1683,243,3.0
154500.0,0,0,0,0,0,0,0.0,264.0,0,6,0,3.0,3.0,0,1,0,1.0,1068,192,0.0
165000.0,0,0,0,0,0,0,0.0,354.0,0,5,0,3.0,3.0,0,1,0,1.0,1383,511,4.0
118858.0,0,0,0,0,0,0,0.0,400.0,0,5,0,3.0,3.0,0,2,0,1.0,1535,0,0.0
140000.0,0,0,0,0,0,0,415.0,483.0,0,6,0,3.0,3.0,0,1,0,1.0,1796,0,3.0
106500.0,0,0,0,0,0,0,0.0,327.0,0,4,0,3.0,3.0,0,1,0,1.0,951,0,0.0
142953.0,0,0,0,0,0,0,0.0,528.0,0,5,0,3.0,3.0,0,2,0,1.0,2240,154,0.0
611657.0,0,0,0,1,1,0,760.0,820.0,0,9,0,5.0,5.0,0,2,0,2.0,2364,0,4.0
135000.0,0,0,0,0,0,0,0.0,288.0,0,5,0,3.0,3.0,0,1,0,1.0,1236,0,3.0
110000.0,0,0,0,0,0,0,0.0,684.0,0,4,0,3.0,3.0,0,1,0,2.0,858,0,0.0
153000.0,0,0,0,0,0,0,0.0,756.0,0,5,0,3.0,3.0,0,1,0,2.0,1306,0,0.0
180000.0,0,0,0,0,0,0,0.0,393.0,1,7,0,4.0,4.0,0,2,0,1.0,1509,0,4.0
240000.0,0,1,0,1,0,0,27.0,690.0,1,7,0,4.0,4.0,0,2,0,2.0,1670,144,4.0
125500.0,0,0,0,0,0,0,75.0,288.0,0,5,0,3.0,3.0,0,1,0,2.0,902,0,0.0
128000.0,0,0,0,0,0,0,110.0,280.0,0,5,0,3.0,3.0,0,1,0,1.0,1063,0,0.0
255000.0,0,0,0,0,0,0,208.0,865.0,0,8,0,4.0,4.0,0,2,0,2.0,1636,0,4.0
250000.0,0,0,0,0,0,0,0.0,180.0,0,7,0,4.0,4.0,0,1,1,2.0,2057,0,4.0
131000.0,0,0,0,0,0,0,0.0,484.0,0,5,0,3.0,3.0,0,1,0,2.0,902,164,0.0
174000.0,0,0,0,0,0,0,0.0,390.0,1,6,0,4.0,4.0,0,2,0,3.0,1484,36,4.0
154300.0,0,0,0,0,0,0,361.0,480.0,0,5,0,3.0,3.0,0,2,0,1.0,2274,0,0.0
143500.0,0,0,0,0,0,1,0.0,252.0,0,5,0,4.0,3.0,0,1,0,2.0,1268,173,0.0
88000.0,0,0,0,0,0,0,0.0,450.0,0,5,0,3.0,3.0,0,1,0,1.0,1015,0,0.0
145000.0,0,1,0,0,0,0,0.0,871.0,0,5,0,3.0,3.0,0,2,1,1.0,2002,0,0.0
173733.0,0,0,0,1,0,0,76.0,528.0,0,6,0,4.0,4.0,0,2,0,1.0,1224,0,0.0
75000.0,0,0,0,0,0,0,80.0,286.0,0,4,0,3.0,3.0,0,1,0,1.0,1092,0,0.0
35311.0,0,0,0,0,0,0,0.0,308.0,0,2,0,3.0,3.0,0,0,0,1.0,480,0,0.0
135000.0,0,0,0,0,0,0,0.0,284.0,0,4,0,3.0,3.0,0,1,0,1.0,1229,0,0.0
238000.0,0,0,0,0,0,0,0.0,833.0,0,7,0,4.0,4.0,0,2,0,2.0,2127,72,3.0
176500.0,0,0,0,0,0,0,0.0,601.0,0,6,0,3.0,5.0,0,1,0,2.0,1414,0,3.0
201000.0,0,0,0,0,0,0,105.0,471.0,0,6,0,4.0,4.0,0,2,0,2.0,1721,300,0.0
145900.0,0,0,0,0,0,0,0.0,0.0,0,5,0,3.0,3.0,0,2,0,1.0,2200,0,0.0
169990.0,0,0,0,1,0,0,0.0,397.0,1,6,0,4.0,4.0,0,2,0,1.0,1316,100,4.0
193000.0,0,0,0,0,0,0,0.0,533.0,0,6,0,4.0,4.0,0,2,0,1.0,1617,0,2.0
207500.0,0,0,0,0,0,0,157.0,612.0,0,6,0,3.0,3.0,0,2,0,1.0,1686,384,3.0
175000.0,0,0,0,0,0,0,0.0,540.0,0,5,0,5.0,3.0,0,2,0,2.0,1126,180,0.0
285000.0,0,0,0,0,1,0,340.0,656.0,0,8,0,5.0,4.0,0,2,0,1.0,2374,104,4.0
176000.0,0,0,0,0,0,0,342.0,486.0,0,7,0,3.0,3.0,0,2,0,1.0,1978,0,4.0
236500.0,0,0,0,0,0,1,0.0,522.0,0,8,0,5.0,4.0,0,2,0,1.0,1788,202,3.0
222000.0,0,0,0,0,0,0,285.0,642.0,1,7,0,4.0,3.0,0,2,0,2.0,2236,0,3.0
201000.0,0,1,0,0,0,0,0.0,610.0,0,8,0,4.0,4.0,1,2,0,2.0,1466,100,0.0
117500.0,0,0,0,0,0,0,0.0,429.0,0,5,0,3.0,3.0,0,1,0,1.0,925,0,0.0
320000.0,0,0,0,0,0,0,302.0,788.0,0,9,0,5.0,5.0,0,2,0,2.0,1905,0,4.0
190000.0,0,0,0,0,0,1,210.0,570.0,0,7,0,4.0,4.0,0,2,0,1.0,1500,192,0.0
242000.0,0,1,0,0,0,0,0.0,505.0,0,7,0,4.0,3.0,0,2,0,3.0,2069,0,4.0
79900.0,0,0,0,0,0,0,108.0,528.0,0,4,0,3.0,3.0,0,1,0,2.0,747,0,0.0
184900.0,0,0,0,0,0,0,0.0,555.0,0,7,0,4.0,4.0,0,2,0,1.0,1200,0,0.0
253000.0,0,0,0,0,0,0,0.0,689.0,0,7,0,4.0,4.0,0,2,0,1.0,1971,0,4.0
239799.0,0,0,0,1,0,1,0.0,868.0,0,7,0,4.0,4.0,0,2,0,1.0,1962,0,0.0
244400.0,0,0,0,0,0,0,0.0,349.0,0,7,0,3.0,3.0,0,2,0,1.0,2403,56,3.0
150900.0,0,0,0,0,0,0,0.0,574.0,0,6,0,3.0,3.0,0,2,0,2.0,1728,40,0.0
214000.0,0,0,0,0,0,0,298.0,390.0,1,7,0,4.0,4.0,0,2,0,2.0,2060,0,3.0
150000.0,0,0,0,0,0,0,0.0,0.0,0,4,0,3.0,3.0,0,2,0,2.0,1440,321,0.0
143000.0,0,0,0,0,0,0,0.0,576.0,0,5,0,3.0,3.0,0,2,0,1.0,1632,0,0.0
137500.0,0,0,0,0,0,0,541.0,525.0,0,6,0,4.0,3.0,1,1,0,2.0,1344,0,4.0
124900.0,0,0,0,0,0,0,0.0,456.0,0,5,0,3.0,3.0,0,1,0,1.0,1869,48,0.0
143000.0,0,0,0,0,0,0,128.0,796.0,0,5,0,3.0,3.0,0,1,0,1.0,1144,86,3.0
270000.0,0,0,0,0,0,0,236.0,808.0,0,8,0,4.0,4.0,1,2,0,1.0,1629,0,4.0
192500.0,0,0,0,0,0,1,144.0,474.0,0,7,0,4.0,4.0,0,2,0,2.0,1776,144,3.0
197500.0,0,0,0,0,0,0,0.0,676.0,0,6,0,4.0,3.0,0,1,0,1.0,1381,0,3.0
129000.0,0,0,0,0,0,0,0.0,720.0,0,5,0,4.0,3.0,0,1,0,1.0,864,194,0.0
119900.0,0,0,0,0,0,0,0.0,300.0,0,5,0,3.0,3.0,0,1,0,1.0,965,421,0.0
133900.0,0,0,0,0,0,1,0.0,396.0,0,5,0,3.0,3.0,0,1,0,1.0,768,192,0.0
172000.0,0,0,0,0,0,0,232.0,530.0,0,5,0,3.0,3.0,0,2,0,2.0,1968,305,1.0
127500.0,0,0,0,0,0,0,250.0,0.0,0,6,0,3.0,3.0,0,2,0,2.0,980,0,0.0
145000.0,0,1,0,0,0,0,423.0,492.0,0,6,0,3.0,3.0,0,2,1,2.0,1958,0,0.0
124000.0,0,0,0,0,0,0,0.0,462.0,0,6,0,3.0,3.0,0,1,0,1.0,1229,150,3.0
132000.0,0,0,0,0,0,0,0.0,576.0,0,5,0,3.0,3.0,0,1,0,1.0,1057,0,0.0
185000.0,0,0,0,0,0,1,0.0,531.0,0,7,0,4.0,4.0,0,2,0,1.0,1337,0,0.0
155000.0,0,0,0,0,0,0,0.0,484.0,0,7,0,4.0,4.0,0,2,0,1.0,1416,0,0.0
116500.0,0,0,0,0,0,0,0.0,0.0,0,5,0,3.0,3.0,0,1,0,2.0,858,117,0.0
272000.0,0,0,0,0,0,0,424.0,619.0,0,6,0,3.0,3.0,0,2,0,2.0,2872,550,3.0
155000.0,0,0,0,0,0,0,0.0,440.0,0,6,0,4.0,3.0,0,2,0,1.0,1548,48,3.0
239000.0,0,0,0,0,0,1,0.0,702.0,0,9,0,5.0,4.0,0,2,0,2.0,1800,288,0.0
214900.0,0,0,0,0,0,0,44.0,510.0,0,7,0,4.0,4.0,1,2,0,1.0,1894,0,4.0
178900.0,0,0,0,1,0,0,0.0,393.0,1,6,0,4.0,4.0,0,2,0,1.0,1484,0,4.0
160000.0,0,1,0,0,0,0,0.0,256.0,0,5,0,3.0,4.0,0,1,1,2.0,1308,0,3.0
135000.0,0,0,0,0,0,0,151.0,260.0,0,5,0,3.0,3.0,0,1,0,2.0,1098,0,0.0
37900.0,0,0,0,0,0,0,0.0,0.0,0,3,0,3.0,3.0,0,1,0,1.0,968,0,0.0
140000.0,0,0,0,0,0,0,105.0,264.0,0,6,0,3.0,3.0,0,1,0,1.0,1095,0,0.0
135000.0,0,0,0,0,0,0,0.0,0.0,0,4,0,3.0,3.0,0,1,0,1.0,1192,0,0.0
173000.0,0,0,0,0,1,0,106.0,474.0,0,7,0,4.0,4.0,0,2,0,1.0,1626,0,0.0
99500.0,0,0,0,0,0,0,0.0,264.0,0,6,0,3.0,3.0,0,2,0,1.0,918,28,3.0
182000.0,0,0,0,1,0,0,0.0,480.0,0,7,0,4.0,4.0,0,2,0,1.0,1428,0,0.0
167500.0,0,0,0,0,0,0,0.0,532.0,0,7,0,4.0,3.0,0,1,0,2.0,2019,509,0.0
165000.0,0,0,0,0,0,0,0.0,490.0,0,7,0,4.0,4.0,0,2,0,1.0,1382,153,0.0
85500.0,0,0,0,0,0,0,0.0,0.0,0,4,0,2.0,3.0,0,1,0,2.0,869,0,0.0
199900.0,0,0,0,1,0,0,0.0,569.0,0,7,0,4.0,4.0,0,1,0,2.0,1241,0,0.0
110000.0,0,0,0,0,0,0,0.0,400.0,0,4,0,3.0,3.0,0,1,0,1.0,894,0,0.0
139000.0,0,0,0,0,0,0,0.0,480.0,0,5,0,3.0,3.0,0,1,0,1.0,1121,0,0.0
178400.0,0,0,0,0,0,0,210.0,588.0,0,7,0,5.0,5.0,0,1,0,2.0,999,144,0.0
336000.0,0,0,1,0,0,0,975.0,676.0,0,8,0,4.0,4.0,0,2,0,2.0,2612,250,3.0
159895.0,0,0,0,0,0,0,16.0,388.0,0,7,0,4.0,4.0,0,2,0,1.0,1266,100,4.0
255900.0,0,0,0,0,0,1,0.0,779.0,0,8,0,4.0,4.0,0,2,0,1.0,2290,0,4.0
126000.0,0,0,0,0,0,0,0.0,539.0,0,5,0,4.0,3.0,0,2,0,1.0,1734,0,0.0
125000.0,0,0,0,0,0,0,0.0,240.0,0,5,0,3.0,3.0,0,1,0,1.0,1164,0,0.0
117000.0,0,0,0,0,0,0,0.0,255.0,0,6,0,4.0,3.0,0,1,0,1.0,1635,394,0.0
395192.0,0,0,0,1,1,0,450.0,606.0,0,9,0,5.0,5.0,0,2,0,2.0,1940,168,4.0
195000.0,0,0,0,0,0,0,298.0,551.0,0,6,0,4.0,3.0,0,2,0,2.0,2030,0,3.0
197000.0,0,0,0,1,0,0,0.0,614.0,0,7,0,4.0,4.0,0,2,0,1.0,1576,0,0.0
348000.0,0,0,1,0,0,0,423.0,870.0,0,8,0,4.0,4.0,0,2,0,1.0,2392,0,3.0
168000.0,0,0,0,0,0,0,0.0,424.0,0,8,1,4.0,4.0,0,1,0,1.0,1742,0,4.0
187000.0,0,0,0,0,0,0,340.0,440.0,0,6,0,4.0,3.0,0,2,0,1.0,1851,239,2.0
173900.0,0,0,0,1,0,1,0.0,564.0,0,6,0,4.0,3.0,0,2,0,1.0,1500,0,0.0
337500.0,0,0,0,0,1,0,230.0,786.0,0,10,0,5.0,5.0,0,2,0,1.0,1718,216,4.0
121600.0,0,0,0,0,0,0,0.0,305.0,0,4,0,3.0,3.0,0,1,0,2.0,1230,0,0.0
136500.0,0,0,0,0,0,0,0.0,368.0,0,5,0,3.0,3.0,0,1,0,2.0,1050,0,0.0
185000.0,0,0,0,0,0,0,571.0,615.0,0,6,0,3.0,3.0,0,2,0,2.0,1442,371,3.0
91000.0,0,0,0,0,0,0,0.0,210.0,0,3,0,3.0,3.0,0,1,0,1.0,1077,0,4.0
206000.0,0,0,0,0,0,1,24.0,632.0,0,7,0,4.0,4.0,0,2,0,1.0,1208,105,0.0
82000.0,0,0,0,0,0,0,0.0,528.0,0,3,0,2.0,3.0,0,1,0,1.0,944,0,0.0
86000.0,0,0,0,0,0,0,0.0,216.0,0,5,0,5.0,3.0,0,1,0,1.0,691,0,0.0
232000.0,0,0,0,0,0,0,53.0,824.0,0,8,0,4.0,4.0,0,2,0,2.0,1574,144,4.0
136905.0,0,0,0,0,0,0,164.0,528.0,0,5,0,3.0,3.0,0,2,0,2.0,1680,0,0.0
181000.0,0,0,0,0,0,0,16.0,457.0,0,7,0,4.0,4.0,0,2,0,1.0,1504,156,4.0
149900.0,0,0,0,0,0,1,220.0,328.0,0,5,0,3.0,4.0,0,2,0,1.0,985,210,0.0
163500.0,0,0,0,0,0,0,0.0,484.0,0,6,0,3.0,3.0,0,2,0,4.0,1657,0,3.0
88000.0,0,0,0,0,0,0,0.0,286.0,0,4,0,3.0,3.0,0,1,0,1.0,1092,238,0.0
240000.0,0,0,0,0,0,0,108.0,550.0,0,7,0,4.0,4.0,0,2,0,2.0,1710,100,4.0
102000.0,0,0,0,0,0,0,0.0,0.0,0,5,0,3.0,3.0,0,2,0,1.0,1522,0,0.0
135000.0,0,0,0,0,0,0,0.0,312.0,0,5,0,3.0,3.0,0,2,0,1.0,1271,0,4.0
100000.0,0,0,0,0,0,0,0.0,0.0,0,5,0,3.0,3.0,0,2,0,1.0,1664,0,0.0
165000.0,0,0,0,0,0,0,0.0,180.0,0,6,0,4.0,3.0,0,1,1,1.0,1502,96,3.0
85000.0,0,0,0,0,0,0,0.0,280.0,0,5,0,3.0,3.0,0,1,0,1.0,1022,0,0.0
119200.0,0,0,0,0,0,0,206.0,240.0,0,6,1,3.0,3.0,0,1,0,1.0,1082,0,4.0
227000.0,0,0,0,0,0,0,0.0,528.0,0,8,0,4.0,4.0,0,2,0,1.0,1665,0,0.0
203000.0,0,0,0,0,0,1,196.0,478.0,0,7,0,4.0,4.0,0,2,0,1.0,1504,115,3.0
187500.0,1,0,0,0,0,0,0.0,565.0,0,8,0,4.0,4.0,0,1,0,2.0,1360,63,5.0
160000.0,0,0,0,0,0,0,76.0,402.0,1,7,0,4.0,4.0,0,2,0,2.0,1472,164,3.0
213490.0,0,0,0,0,0,0,145.0,440.0,0,7,0,4.0,4.0,0,2,0,1.0,1506,142,4.0
176000.0,0,0,0,0,0,0,0.0,451.0,0,4,0,4.0,3.0,0,1,0,1.0,1132,252,0.0
194000.0,0,0,0,1,0,1,84.0,632.0,0,7,0,4.0,4.0,0,2,0,1.0,1220,105,0.0
87000.0,0,0,0,0,0,0,0.0,160.0,0,5,0,3.0,3.0,0,1,0,1.0,1248,0,0.0
191000.0,0,0,0,0,0,0,14.0,437.0,0,7,0,4.0,4.0,0,2,0,1.0,1504,156,4.0
287000.0,0,0,0,0,0,0,0.0,665.0,0,8,0,4.0,4.0,1,2,0,2.0,2898,0,4.0
112500.0,0,0,0,0,0,1,0.0,461.0,0,5,0,3.0,3.0,0,1,0,1.0,882,96,0.0
167500.0,0,0,0,0,0,0,324.0,461.0,0,5,0,3.0,3.0,0,1,0,1.0,1264,0,4.0
293077.0,0,1,0,1,0,0,338.0,800.0,0,8,0,4.0,4.0,1,2,0,2.0,1646,192,4.0
105000.0,0,0,0,0,0,0,0.0,240.0,0,5,1,3.0,3.0,0,1,0,1.0,1376,0,4.0
118000.0,0,0,0,0,0,0,281.0,264.0,0,6,0,3.0,3.0,0,1,0,1.0,1218,0,0.0
160000.0,0,0,0,0,0,0,0.0,0.0,0,5,0,3.0,3.0,0,2,0,1.0,1928,0,0.0
197000.0,0,0,0,0,0,0,0.0,672.0,0,7,0,3.0,3.0,0,2,0,1.0,3082,136,3.0
310000.0,0,0,1,0,0,0,0.0,796.0,0,8,0,4.0,4.0,0,2,0,2.0,2520,209,3.0
230000.0,0,0,0,0,0,1,295.0,900.0,0,7,0,4.0,4.0,0,2,0,1.0,1654,0,0.0
119750.0,0,0,0,0,0,0,0.0,240.0,0,5,0,2.0,3.0,0,1,1,1.0,954,0,4.0
84000.0,0,0,0,0,0,0,0.0,290.0,0,4,0,3.0,3.0,0,1,0,2.0,845,186,0.0
315500.0,0,1,0,0,0,0,70.0,912.0,0,9,0,5.0,4.0,1,2,0,2.0,1620,228,5.0
287000.0,0,0,0,0,0,1,396.0,905.0,0,8,0,4.0,4.0,0,2,0,1.0,2263,0,3.0
97000.0,0,0,0,0,0,0,0.0,0.0,0,4,0,3.0,3.0,0,1,0,1.0,1344,0,3.0
80000.0,0,0,0,0,0,0,0.0,286.0,0,4,0,3.0,3.0,0,1,0,1.0,630,0,0.0
155000.0,0,0,0,0,0,0,67.0,484.0,0,5,0,3.0,3.0,0,2,0,1.0,1803,0,3.0
173000.0,0,0,0,0,0,0,252.0,484.0,0,6,0,4.0,3.0,0,1,0,1.0,1632,0,0.0
196000.0,0,0,0,0,1,0,135.0,624.0,0,6,0,4.0,4.0,0,2,0,2.0,1306,170,4.0
262280.0,0,0,0,0,0,0,99.0,514.0,0,7,0,4.0,3.0,0,2,0,1.0,2329,192,5.0
278000.0,0,0,0,0,0,0,0.0,542.0,0,8,0,4.0,4.0,0,2,0,1.0,2524,474,4.0
139600.0,0,0,0,0,0,0,0.0,452.0,0,3,0,3.0,3.0,0,2,0,2.0,1733,0,4.0
556581.0,1,0,0,1,0,0,208.0,716.0,0,9,0,5.0,4.0,0,3,0,2.0,2868,214,4.0
145000.0,0,0,0,0,0,1,0.0,672.0,0,5,0,3.0,3.0,0,1,0,3.0,990,0,0.0
115000.0,0,0,0,0,0,0,75.0,336.0,0,5,0,3.0,3.0,0,1,0,1.0,1771,0,3.0
84900.0,0,0,0,0,0,0,0.0,308.0,0,4,0,4.0,3.0,0,1,0,1.0,930,0,0.0
176485.0,0,0,0,1,0,0,0.0,436.0,1,7,0,4.0,4.0,0,2,0,2.0,1302,0,0.0
200141.0,0,0,0,1,0,1,0.0,440.0,0,7,0,4.0,4.0,0,2,0,2.0,1316,0,4.0
165000.0,0,0,0,0,0,0,272.0,540.0,0,6,1,3.0,3.0,0,1,0,1.0,1977,0,3.0
144500.0,0,0,0,0,0,0,145.0,364.0,0,5,0,3.0,3.0,0,1,0,1.0,1526,116,4.0
255000.0,0,0,0,0,0,1,210.0,586.0,0,8,0,4.0,4.0,0,2,0,1.0,1989,199,4.0
180000.0,0,0,0,0,0,0,160.0,478.0,0,6,0,3.0,3.0,0,2,0,1.0,1523,0,3.0
185850.0,0,0,0,0,1,0,240.0,484.0,0,7,0,4.0,4.0,0,2,0,2.0,1364,192,4.0
248000.0,0,0,1,0,0,0,0.0,467.0,0,7,0,4.0,4.0,0,2,0,3.0,1850,168,4.0
335000.0,0,0,0,0,1,0,154.0,836.0,0,9,0,5.0,5.0,0,2,0,2.0,2184,0,4.0
220000.0,0,1,0,0,0,0,480.0,432.0,0,6,0,3.0,3.0,0,1,1,2.0,1991,0,4.0
213500.0,1,0,0,0,0,0,0.0,582.0,0,8,0,4.0,4.0,0,2,0,1.0,1338,0,0.0
81000.0,0,0,0,0,0,0,0.0,1248.0,0,3,0,3.0,2.0,0,1,0,1.0,894,0,0.0
90000.0,0,0,0,0,0,0,0.0,560.0,0,5,0,3.0,3.0,0,2,0,1.0,2337,0,0.0
110500.0,0,0,0,0,0,0,0.0,440.0,0,6,1,4.0,3.0,0,1,0,1.0,1103,166,4.0
154000.0,0,0,0,0,0,0,200.0,480.0,0,5,0,3.0,3.0,0,1,0,2.0,1154,0,1.0
328000.0,0,0,0,0,0,0,0.0,533.0,0,7,0,4.0,4.0,0,2,0,1.0,2260,296,0.0
178000.0,0,0,0,0,0,0,0.0,380.0,1,6,0,3.0,4.0,0,2,0,2.0,1571,0,3.0
167900.0,0,0,0,0,0,0,360.0,442.0,0,6,0,3.0,3.0,0,1,0,1.0,1611,328,0.0
151400.0,0,0,0,0,0,0,0.0,576.0,0,6,0,3.0,3.0,0,2,0,1.0,2521,728,4.0
135000.0,0,0,0,0,0,0,0.0,576.0,0,5,0,4.0,3.0,0,1,0,1.0,893,0,0.0
135000.0,0,0,0,0,0,0,120.0,286.0,0,5,0,3.0,3.0,0,1,0,1.0,1048,0,0.0
154000.0,0,0,0,0,0,0,0.0,441.0,0,6,0,3.0,3.0,0,1,0,1.0,1556,0,0.0
91500.0,0,0,0,0,0,0,0.0,280.0,0,5,1,3.0,3.0,0,1,0,1.0,1456,0,3.0
159500.0,0,0,0,0,0,0,140.0,440.0,0,6,0,3.0,3.0,0,1,0,2.0,1426,252,0.0
194000.0,0,0,0,0,0,1,0.0,826.0,0,7,0,4.0,4.0,0,2,0,1.0,1240,140,0.0
219500.0,0,0,0,0,0,0,0.0,240.0,0,7,0,3.0,3.0,0,1,1,1.0,1740,0,4.0
170000.0,0,0,0,0,0,0,0.0,566.0,0,5,0,4.0,3.0,0,2,0,1.0,1466,436,3.0
138800.0,0,0,0,0,0,0,0.0,299.0,0,5,0,3.0,3.0,0,1,0,2.0,1096,240,0.0
155900.0,0,0,0,0,0,1,169.0,420.0,0,6,0,4.0,4.0,0,1,0,1.0,848,140,4.0
126000.0,0,0,0,0,0,1,0.0,299.0,0,5,0,3.0,3.0,0,1,0,1.0,990,0,0.0
145000.0,0,0,0,0,0,0,144.0,528.0,0,6,0,4.0,4.0,0,2,0,1.0,1258,55,0.0
133000.0,0,0,0,0,0,0,0.0,308.0,0,5,0,3.0,3.0,0,1,0,1.0,1040,0,0.0
192000.0,0,0,0,0,0,1,100.0,527.0,0,7,0,4.0,4.0,0,2,0,1.0,1459,192,4.0
160000.0,0,0,0,0,0,0,425.0,461.0,0,6,0,3.0,3.0,0,1,0,1.0,1251,0,4.0
187500.0,0,0,0,0,0,0,0.0,409.0,1,6,0,3.0,3.0,0,2,0,3.0,1498,315,3.0
147000.0,0,0,0,0,0,0,0.0,564.0,0,6,0,4.0,3.0,0,1,0,1.0,996,120,0.0
83500.0,0,0,0,0,0,0,0.0,286.0,0,4,0,3.0,3.0,0,1,0,1.0,1092,120,0.0
252000.0,0,0,0,0,0,0,0.0,1043.0,0,8,0,4.0,4.0,0,2,0,1.0,1953,160,4.0
137500.0,0,0,0,0,0,0,50.0,380.0,0,7,0,4.0,4.0,0,2,0,1.0,1709,0,0.0
197000.0,0,0,0,0,0,0,0.0,550.0,0,8,0,4.0,4.0,0,1,0,2.0,1247,0,4.0
92900.0,0,0,0,0,0,0,0.0,400.0,0,3,0,3.0,3.0,0,2,0,1.0,1040,0,0.0
160000.0,0,0,0,0,0,0,212.0,462.0,0,7,0,4.0,4.0,0,2,0,1.0,1252,0,0.0
136500.0,0,0,0,0,0,0,0.0,576.0,0,6,0,3.0,3.0,0,2,0,1.0,1694,342,4.0
146000.0,0,0,0,0,0,0,166.0,884.0,0,5,0,4.0,3.0,0,1,0,1.0,1200,0,0.0
129000.0,0,0,0,0,0,0,0.0,308.0,0,5,0,3.0,3.0,0,1,0,1.0,936,0,0.0
176432.0,0,0,0,0,0,1,0.0,440.0,0,6,0,4.0,4.0,0,2,0,2.0,1314,0,4.0
127000.0,0,0,0,0,0,0,0.0,0.0,0,6,0,4.0,3.0,0,1,0,1.0,1355,136,0.0
170000.0,1,0,0,0,0,0,0.0,461.0,0,8,0,4.0,4.0,0,1,0,1.0,1088,0,0.0
128000.0,0,0,0,0,0,0,0.0,240.0,0,4,0,3.0,3.0,0,1,0,1.0,1324,0,0.0
157000.0,0,0,0,0,0,0,206.0,478.0,0,7,0,3.0,3.0,0,2,0,2.0,1601,0,3.0
60000.0,0,0,0,0,0,0,0.0,246.0,0,2,0,2.0,3.0,0,1,0,1.0,438,0,0.0
119500.0,0,0,0,0,0,0,0.0,280.0,0,5,0,3.0,3.0,0,1,0,2.0,950,0,0.0
135000.0,0,0,0,0,0,0,45.0,254.0,0,5,0,3.0,3.0,0,1,0,1.0,1134,0,0.0
159500.0,0,0,0,0,0,0,0.0,539.0,0,6,0,3.0,3.0,0,1,0,1.0,1194,0,2.0
106000.0,0,0,0,0,0,0,304.0,440.0,0,5,0,3.0,3.0,0,2,0,1.0,1302,0,0.0
325000.0,0,0,1,0,0,0,362.0,712.0,0,8,0,4.0,4.0,0,2,0,2.0,2622,186,3.0
179900.0,0,0,0,0,0,0,0.0,719.0,0,7,0,4.0,4.0,0,2,0,2.0,1442,0,3.0
274725.0,0,1,0,1,0,0,0.0,422.0,1,7,0,4.0,4.0,0,2,0,4.0,2021,0,4.0
181000.0,0,0,0,0,0,0,0.0,463.0,1,6,0,3.0,3.0,0,2,0,1.0,1690,100,3.0
280000.0,0,0,0,0,1,0,42.0,862.0,0,8,0,4.0,4.0,0,2,0,2.0,1836,125,4.0
188000.0,0,0,0,0,0,0,0.0,431.0,1,6,0,3.0,3.0,0,2,0,1.0,1658,224,3.0
205000.0,0,0,0,0,0,0,660.0,483.0,0,7,0,3.0,3.0,0,2,0,1.0,1964,0,4.0
129900.0,0,0,0,0,0,0,0.0,308.0,0,5,0,3.0,3.0,0,1,0,2.0,816,0,0.0
134500.0,0,0,0,0,0,0,0.0,240.0,0,5,0,4.0,3.0,0,1,0,1.0,1008,0,0.0
117000.0,0,0,0,0,0,0,0.0,326.0,0,5,0,4.0,3.0,0,1,0,1.0,833,0,0.0
318000.0,0,0,0,1,1,0,328.0,928.0,0,8,0,5.0,4.0,0,2,0,1.0,1734,0,4.0
184100.0,0,0,0,0,0,0,0.0,527.0,1,8,0,4.0,4.0,0,2,0,1.0,1419,120,3.0
130000.0,0,0,0,0,0,0,0.0,450.0,0,5,0,4.0,3.0,0,1,0,2.0,894,0,0.0
140000.0,0,0,0,0,0,0,0.0,300.0,0,5,0,3.0,3.0,0,1,0,1.0,1601,280,0.0
133700.0,0,0,0,0,0,0,0.0,286.0,0,5,0,3.0,3.0,0,1,0,1.0,1040,140,0.0
118400.0,0,0,0,0,0,0,0.0,308.0,0,6,0,3.0,3.0,0,1,0,1.0,1012,0,4.0
212900.0,0,0,0,1,0,1,196.0,782.0,0,7,0,4.0,4.0,0,2,0,1.0,1552,144,0.0
112000.0,0,0,0,0,0,0,0.0,288.0,0,4,0,3.0,3.0,0,1,0,2.0,960,64,0.0
118000.0,0,0,0,0,0,0,0.0,0.0,0,5,0,3.0,3.0,0,1,0,1.0,698,0,0.0
163900.0,0,0,0,0,0,0,170.0,392.0,1,7,0,4.0,3.0,0,2,0,2.0,1482,100,3.0
115000.0,0,0,0,0,0,0,0.0,672.0,0,4,0,2.0,3.0,0,1,0,1.0,1005,0,3.0
174000.0,0,0,0,0,0,0,130.0,660.0,0,7,0,4.0,4.0,0,2,0,1.0,1555,143,3.0
259000.0,0,0,0,0,0,0,0.0,630.0,1,7,0,4.0,4.0,0,2,0,4.0,1530,144,4.0
215000.0,0,0,0,0,0,0,0.0,434.0,1,7,0,4.0,4.0,0,2,0,2.0,1959,100,4.0
140000.0,0,0,0,0,0,0,180.0,672.0,0,5,0,3.0,3.0,0,1,0,1.0,936,49,0.0
135000.0,0,0,0,0,0,0,0.0,576.0,0,4,0,4.0,3.0,0,2,0,1.0,1981,431,3.0
93500.0,0,0,0,0,0,0,0.0,0.0,0,5,0,3.0,3.0,0,1,0,1.0,974,0,0.0
117500.0,0,0,0,0,0,0,0.0,205.0,0,6,0,2.0,3.0,0,2,0,1.0,2210,0,0.0
239500.0,0,0,0,0,0,0,0.0,466.0,0,8,0,4.0,4.0,0,2,0,2.0,2020,0,3.0
169000.0,0,1,0,0,0,0,0.0,460.0,1,6,0,3.0,3.0,0,2,0,2.0,1600,100,3.0
102000.0,0,0,0,0,0,0,0.0,180.0,0,6,0,3.0,3.0,0,1,0,1.0,986,0,4.0
119000.0,0,0,0,0,0,0,0.0,288.0,0,6,0,3.0,3.0,0,1,0,1.0,1252,0,0.0
94000.0,0,0,0,0,0,0,0.0,0.0,0,5,0,3.0,3.0,0,1,0,1.0,1020,0,0.0
196000.0,0,0,0,0,0,0,0.0,714.0,0,6,0,4.0,3.0,0,2,0,2.0,1567,264,3.0
144000.0,0,0,0,0,0,0,0.0,495.0,0,5,0,3.0,3.0,0,1,0,2.0,1167,0,4.0
139000.0,0,0,0,0,0,0,0.0,840.0,0,5,0,3.0,3.0,0,1,0,1.0,952,0,0.0
197500.0,0,0,0,0,0,0,44.0,484.0,0,5,0,4.0,3.0,0,2,0,2.0,1868,448,3.0
424870.0,0,0,0,1,0,1,340.0,1052.0,0,8,0,4.0,4.0,0,3,0,1.0,2828,125,3.0
80000.0,0,0,0,0,0,0,0.0,0.0,0,5,0,3.0,3.0,0,1,0,1.0,1006,0,0.0
80000.0,0,0,0,0,0,0,0.0,280.0,0,4,0,2.0,3.0,0,1,0,1.0,924,0,0.0
149000.0,0,0,0,0,0,0,0.0,225.0,0,5,0,3.0,3.0,0,1,0,1.0,1576,0,4.0
180000.0,0,0,0,0,0,0,85.0,403.0,0,6,0,4.0,4.0,0,2,0,1.0,1298,165,3.0
174500.0,0,0,0,0,0,0,0.0,234.0,0,7,0,2.0,3.0,0,1,1,1.0,1564,0,4.0
116900.0,0,0,0,0,0,0,0.0,288.0,0,7,0,3.0,3.0,0,1,0,1.0,1111,0,4.0
143000.0,0,0,0,0,0,0,0.0,324.0,0,7,1,3.0,3.0,0,1,0,1.0,1482,0,0.0
124000.0,0,0,0,0,0,0,0.0,306.0,0,6,0,4.0,3.0,0,1,0,2.0,932,0,4.0
149900.0,0,0,0,0,0,0,132.0,528.0,0,5,0,2.0,3.0,0,1,0,1.0,1466,0,4.0
230000.0,0,0,0,0,0,0,0.0,470.0,0,6,0,5.0,3.0,0,1,1,2.0,1811,0,4.0
120500.0,0,0,0,0,0,0,0.0,432.0,0,6,0,3.0,4.0,0,1,0,1.0,816,0,0.0
201800.0,0,0,0,0,0,0,288.0,492.0,0,7,0,4.0,3.0,0,1,0,2.0,1820,60,4.0
218000.0,0,0,0,0,0,0,0.0,528.0,0,5,0,4.0,4.0,0,2,0,2.0,1437,0,2.0
179900.0,0,0,0,0,0,0,0.0,502.0,0,5,0,4.0,3.0,0,2,0,1.0,1265,0,4.0
230000.0,0,0,0,0,1,0,166.0,626.0,0,7,0,4.0,4.0,0,2,0,2.0,1314,172,4.0
235128.0,0,0,0,0,0,0,186.0,830.0,0,8,0,4.0,4.0,0,2,0,1.0,1580,0,0.0
185000.0,0,0,0,0,0,0,270.0,540.0,0,6,0,4.0,4.0,0,2,0,1.0,1876,0,3.0
146000.0,0,0,0,0,0,0,0.0,440.0,0,6,0,3.0,3.0,0,2,0,1.0,1456,26,3.0
224000.0,0,0,0,0,0,0,72.0,924.0,0,6,0,4.0,4.0,0,1,1,2.0,1640,108,4.0
129000.0,0,0,0,0,0,0,0.0,450.0,0,5,0,3.0,3.0,0,1,0,1.0,894,0,1.0
108959.0,0,0,0,0,0,0,0.0,400.0,0,4,0,3.0,3.0,0,0,0,1.0,1258,120,0.0
194000.0,0,0,0,0,0,0,0.0,588.0,0,5,0,4.0,3.0,0,1,0,2.0,1432,168,3.0
233170.0,0,0,0,1,1,0,268.0,644.0,0,7,0,4.0,4.0,0,2,0,2.0,1502,0,0.0
245350.0,0,0,0,0,0,1,72.0,776.0,0,8,0,4.0,4.0,0,2,0,2.0,1694,160,0.0
173000.0,0,0,0,0,0,0,0.0,472.0,1,6,0,3.0,3.0,0,2,0,2.0,1671,0,3.0
235000.0,0,0,0,0,0,0,0.0,540.0,0,6,0,4.0,3.0,0,2,0,1.0,2108,0,3.0
625000.0,0,0,1,0,0,0,1378.0,807.0,0,10,0,4.0,4.0,0,3,0,2.0,3627,361,3.0
171000.0,0,0,0,0,0,0,0.0,358.0,0,6,0,3.0,3.0,0,1,0,1.0,1118,203,1.0
163000.0,0,0,0,0,0,0,0.0,433.0,0,6,0,3.0,3.0,0,1,0,1.0,1261,0,3.0
171900.0,0,0,0,0,0,0,0.0,625.0,0,7,0,4.0,4.0,0,2,0,2.0,1250,0,0.0
200500.0,0,0,0,0,0,0,0.0,0.0,0,5,0,5.0,3.0,0,3,0,2.0,3086,122,4.0
239000.0,0,0,0,0,0,0,0.0,360.0,0,6,0,3.0,3.0,0,2,1,2.0,2345,0,4.0
285000.0,0,0,1,0,0,0,337.0,541.0,0,8,0,4.0,4.0,0,2,0,1.0,2872,0,3.0
119500.0,0,0,0,0,0,0,0.0,264.0,0,5,0,3.0,3.0,0,1,0,2.0,923,362,0.0
115000.0,0,0,0,0,0,0,0.0,210.0,0,6,1,3.0,3.0,0,1,0,1.0,1224,0,0.0
154900.0,0,0,0,0,0,0,0.0,186.0,0,5,0,3.0,3.0,0,1,1,2.0,1343,192,4.0
93000.0,0,0,0,0,0,0,0.0,0.0,0,5,0,3.0,3.0,0,1,0,1.0,1124,0,4.0
250000.0,0,0,0,0,0,0,0.0,693.0,0,7,0,3.0,3.0,1,2,0,3.0,2514,0,0.0
392500.0,0,1,0,1,0,0,186.0,482.0,0,8,0,4.0,5.0,0,2,1,2.0,1652,162,4.0
745000.0,0,0,1,0,0,0,0.0,813.0,0,10,0,5.0,4.0,0,3,0,2.0,4476,171,3.0
120000.0,0,0,0,0,0,0,0.0,720.0,0,5,0,3.0,3.0,0,1,0,1.0,1130,229,4.0
186700.0,0,0,0,0,0,0,226.0,995.0,0,5,0,3.0,3.0,1,1,0,1.0,1572,0,3.0
104900.0,0,0,0,0,0,0,0.0,392.0,0,5,0,3.0,3.0,0,1,0,1.0,1221,0,0.0
95000.0,0,0,0,0,0,0,0.0,420.0,0,3,1,3.0,3.0,0,2,0,2.0,1699,0,0.0
262000.0,0,0,1,0,0,0,0.0,757.0,0,8,0,4.0,4.0,0,2,0,1.0,1624,0,2.0
195000.0,0,0,0,0,0,1,95.0,493.0,0,7,0,4.0,4.0,0,2,0,2.0,1660,144,0.0
189000.0,0,0,0,0,0,0,0.0,442.0,1,7,0,4.0,3.0,0,2,0,1.0,1804,140,3.0
168000.0,0,0,0,0,0,0,149.0,1356.0,0,4,0,3.0,3.0,0,1,0,1.0,1622,439,3.0
174000.0,0,0,0,0,0,0,456.0,492.0,0,8,0,4.0,4.0,0,2,0,1.0,1441,206,0.0
125000.0,0,0,0,0,0,0,0.0,250.0,0,5,0,4.0,3.0,0,1,0,1.0,1472,0,0.0
165000.0,0,0,0,0,0,0,425.0,402.0,0,6,0,3.0,3.0,0,2,0,1.0,1224,0,0.0
158000.0,0,0,0,0,0,0,143.0,299.0,0,6,0,3.0,3.0,0,1,0,1.0,1352,379,0.0
176000.0,0,0,0,0,0,0,0.0,400.0,1,6,0,4.0,3.0,0,2,0,2.0,1456,100,0.0
219210.0,0,0,0,1,0,0,0.0,660.0,1,7,0,4.0,4.0,0,2,0,2.0,1863,100,4.0
144000.0,0,0,0,0,0,0,0.0,225.0,0,7,0,3.0,3.0,0,1,0,2.0,1690,0,4.0
178000.0,0,0,0,0,0,1,0.0,573.0,0,7,0,4.0,4.0,0,2,0,1.0,1212,356,0.0
148000.0,0,0,0,0,0,0,51.0,459.0,0,4,0,3.0,3.0,0,1,0,1.0,1382,0,1.0
116050.0,0,0,0,0,0,0,0.0,280.0,0,4,0,3.0,3.0,0,1,0,1.0,864,0,0.0
197900.0,0,0,0,0,0,1,0.0,546.0,0,7,0,4.0,3.0,0,2,0,1.0,1779,198,0.0
117000.0,0,0,0,0,0,0,0.0,216.0,0,5,0,3.0,3.0,0,1,0,1.0,1348,0,2.0
213000.0,0,0,0,0,0,1,171.0,451.0,0,7,0,4.0,4.0,0,2,0,1.0,1630,74,3.0
153500.0,0,0,0,0,0,0,0.0,495.0,0,5,0,3.0,3.0,0,1,0,1.0,1074,0,0.0
271900.0,0,0,0,0,0,0,234.0,701.0,0,7,0,4.0,4.0,0,2,0,2.0,2196,84,3.0
107000.0,0,0,0,0,0,0,0.0,384.0,0,4,0,3.0,3.0,0,1,0,1.0,1056,0,0.0
200000.0,0,0,0,0,0,1,120.0,544.0,0,6,0,4.0,4.0,0,2,0,1.0,1700,192,0.0
140000.0,0,0,0,0,0,0,0.0,506.0,0,5,0,3.0,3.0,0,1,0,1.0,1283,0,0.0
290000.0,0,0,0,1,0,0,420.0,500.0,0,8,0,4.0,4.0,0,2,0,2.0,1660,322,4.0
189000.0,0,0,0,0,0,0,0.0,462.0,0,6,0,4.0,4.0,0,2,0,1.0,1845,635,3.0
164000.0,0,0,0,0,0,0,0.0,492.0,1,8,0,3.0,4.0,0,2,0,2.0,1752,325,0.0
113000.0,0,0,0,0,0,0,0.0,234.0,0,4,0,3.0,3.0,0,1,0,1.0,672,0,0.0
145000.0,0,0,0,0,0,0,0.0,364.0,0,4,0,3.0,3.0,0,0,0,2.0,960,88,0.0
134500.0,0,0,0,0,0,0,0.0,300.0,0,5,0,3.0,3.0,0,1,0,2.0,999,150,0.0
125000.0,0,0,0,0,0,0,0.0,384.0,0,5,0,3.0,3.0,0,1,0,2.0,894,0,0.0
112000.0,0,0,0,0,0,0,0.0,539.0,0,6,0,3.0,3.0,0,2,0,1.0,1902,0,0.0
229456.0,0,0,0,1,0,0,72.0,552.0,0,8,0,4.0,4.0,0,2,0,1.0,1314,135,0.0
80500.0,0,0,0,0,0,0,0.0,0.0,0,4,0,3.0,3.0,0,1,0,1.0,912,0,0.0
91500.0,0,0,0,0,0,0,236.0,0.0,0,6,0,3.0,3.0,0,1,0,1.0,1218,201,0.0
115000.0,0,0,0,0,0,0,0.0,288.0,0,5,0,3.0,3.0,0,1,0,2.0,912,0,0.0
134000.0,0,0,0,0,0,0,0.0,322.0,0,5,0,3.0,3.0,0,1,0,1.0,1211,0,3.0
143000.0,0,0,0,0,0,0,320.0,315.0,0,6,1,3.0,3.0,0,2,0,1.0,1846,0,4.0
137900.0,0,0,0,0,0,0,44.0,528.0,0,5,0,3.0,3.0,0,2,0,1.0,2136,0,0.0
184000.0,0,0,0,0,0,0,0.0,388.0,1,7,0,4.0,4.0,0,2,0,2.0,1490,100,4.0
145000.0,0,0,0,0,0,0,63.0,264.0,0,6,0,3.0,3.0,0,1,0,1.0,1138,224,0.0
214000.0,0,0,0,0,0,0,74.0,668.0,0,6,0,4.0,4.0,0,2,0,2.0,1933,100,4.0
147000.0,0,0,0,0,0,0,300.0,576.0,0,5,0,4.0,3.0,0,1,0,1.0,912,0,0.0
367294.0,0,0,0,1,1,0,766.0,1052.0,0,9,0,5.0,5.0,0,1,0,1.0,1702,0,4.0
127000.0,0,0,0,0,0,0,0.0,404.0,0,5,0,3.0,3.0,0,2,0,1.0,1507,0,0.0
190000.0,0,0,0,0,0,0,1.0,600.0,0,5,0,3.0,3.0,0,2,0,2.0,2620,155,3.0
132500.0,0,0,0,0,0,0,120.0,540.0,0,5,0,3.0,3.0,0,1,0,1.0,1190,0,0.0
101800.0,0,0,0,0,0,0,0.0,462.0,0,4,0,3.0,3.0,0,2,0,1.0,1224,0,0.0
142000.0,0,0,0,0,0,0,180.0,531.0,0,5,0,3.0,3.0,0,1,0,2.0,1188,0,0.0
130000.0,0,0,0,0,0,0,0.0,0.0,0,5,0,3.0,3.0,0,1,0,1.0,1964,0,0.0
138887.0,0,0,0,0,0,0,0.0,180.0,0,5,0,3.0,3.0,0,1,1,1.0,1784,203,0.0
175500.0,0,0,0,0,1,0,106.0,474.0,0,7,0,4.0,4.0,0,2,0,1.0,1626,0,0.0
195000.0,0,0,0,0,0,1,0.0,434.0,0,7,0,4.0,4.0,0,2,0,3.0,1948,100,4.0
142500.0,0,0,0,0,0,0,0.0,484.0,0,6,0,3.0,4.0,0,1,0,1.0,1141,0,0.0
265900.0,0,1,0,0,0,0,32.0,472.0,0,8,0,5.0,4.0,1,2,0,2.0,1484,120,4.0
224900.0,0,0,0,0,0,1,252.0,543.0,0,7,0,4.0,4.0,0,2,0,1.0,1768,0,0.0
248328.0,0,0,0,1,0,0,0.0,954.0,0,7,0,4.0,4.0,0,2,0,1.0,1689,0,0.0
170000.0,0,0,0,0,0,0,81.0,528.0,0,7,0,4.0,3.0,0,2,0,1.0,1173,0,3.0
465000.0,0,0,0,1,1,0,0.0,850.0,0,10,0,5.0,5.0,0,2,0,1.0,2076,216,4.0
230000.0,0,1,0,0,0,0,0.0,400.0,0,8,0,4.0,3.0,0,1,1,2.0,1517,0,4.0
178000.0,0,0,0,0,0,0,74.0,477.0,0,6,0,3.0,3.0,0,3,0,1.0,1868,268,3.0
186500.0,0,0,0,1,0,0,0.0,615.0,0,7,0,4.0,4.0,0,2,0,1.0,1553,0,0.0
169900.0,0,0,0,0,0,0,335.0,888.0,0,6,0,3.0,3.0,0,1,0,2.0,1034,0,0.0
129500.0,0,0,0,0,0,0,0.0,396.0,0,6,0,3.0,3.0,0,1,0,1.0,2058,0,4.0
119000.0,0,0,0,0,0,0,0.0,276.0,0,5,0,3.0,3.0,0,1,0,1.0,988,0,0.0
244000.0,0,0,0,0,0,0,0.0,522.0,0,7,0,5.0,4.0,0,2,0,1.0,2110,0,3.0
171750.0,0,0,0,0,1,0,163.0,478.0,0,7,0,4.0,4.0,0,2,0,2.0,1405,148,4.0
130000.0,0,0,0,0,0,0,0.0,288.0,0,5,0,3.0,3.0,0,1,0,1.0,874,33,0.0
294000.0,0,0,0,0,0,0,0.0,518.0,0,7,0,4.0,4.0,0,2,0,2.0,2167,220,4.0
165400.0,0,0,0,0,0,0,92.0,397.0,0,7,0,4.0,4.0,0,2,0,1.0,1656,178,4.0
127500.0,0,0,0,0,0,0,0.0,560.0,0,6,0,3.0,3.0,0,1,0,1.0,1367,0,4.0
301500.0,0,0,1,0,0,0,554.0,691.0,0,8,0,4.0,4.0,0,2,0,2.0,1987,262,3.0
99900.0,0,0,0,0,0,0,0.0,0.0,0,5,0,3.0,3.0,0,1,0,1.0,864,0,0.0
190000.0,0,0,0,0,0,0,182.0,400.0,1,7,0,4.0,4.0,0,2,0,2.0,1166,212,0.0
151000.0,0,0,0,0,0,0,0.0,460.0,0,6,0,3.0,3.0,0,1,0,1.0,1054,180,0.0
181000.0,0,0,0,0,0,0,0.0,502.0,1,6,0,3.0,3.0,0,2,0,4.0,1675,0,3.0
128900.0,0,0,0,0,0,0,0.0,338.0,0,5,0,3.0,3.0,0,1,0,1.0,1050,0,0.0
161500.0,0,0,0,0,0,0,0.0,304.0,0,4,0,3.0,3.0,0,1,0,1.0,1788,120,3.0
180500.0,0,0,0,0,0,0,0.0,520.0,0,6,0,3.0,3.0,0,1,0,1.0,1824,0,4.0
181000.0,0,0,0,0,0,0,0.0,511.0,0,6,0,4.0,4.0,0,2,0,1.0,1337,144,0.0
183900.0,0,0,0,0,0,0,218.0,506.0,0,7,0,4.0,4.0,0,2,0,1.0,1452,0,0.0
122000.0,0,0,0,0,0,0,0.0,308.0,0,7,0,3.0,2.0,0,1,0,2.0,1889,0,4.0
378500.0,0,1,0,0,0,0,0.0,746.0,0,9,0,5.0,5.0,1,2,0,2.0,2018,144,4.0
381000.0,0,0,0,0,0,0,632.0,1014.0,0,8,0,4.0,3.0,0,3,1,2.0,3447,314,4.0
144000.0,0,0,0,0,0,0,180.0,315.0,0,5,0,3.0,3.0,0,1,0,1.0,1524,0,0.0
260000.0,0,0,0,0,0,0,0.0,586.0,0,7,0,4.0,4.0,0,0,0,1.0,1524,268,3.0
185750.0,0,0,0,0,0,0,0.0,462.0,0,6,0,4.0,3.0,0,2,0,2.0,1489,0,4.0
137000.0,0,0,0,0,0,0,114.0,288.0,0,5,0,3.0,3.0,0,1,0,2.0,935,180,0.0
177000.0,0,0,0,0,0,0,84.0,312.0,0,6,0,5.0,3.0,0,1,0,2.0,1357,0,4.0
139000.0,0,0,0,0,0,0,0.0,552.0,0,5,0,3.0,3.0,0,2,1,1.0,1250,242,4.0
137000.0,0,0,0,0,0,0,567.0,400.0,0,5,0,3.0,3.0,0,2,0,1.0,1920,0,0.0
162000.0,0,0,0,0,0,0,0.0,497.0,0,6,0,3.0,3.0,0,1,0,2.0,1395,294,3.0
197900.0,0,0,0,0,0,0,359.0,480.0,0,6,0,3.0,3.0,0,1,0,2.0,1724,0,4.0
237000.0,0,0,0,0,0,1,0.0,577.0,0,8,0,4.0,4.0,0,2,0,1.0,2031,0,4.0
68400.0,0,0,0,0,0,0,0.0,528.0,0,4,0,3.0,3.0,0,1,0,1.0,1128,30,0.0
227000.0,0,0,0,0,0,1,110.0,544.0,0,7,0,4.0,4.0,0,2,0,2.0,1573,0,0.0
180000.0,0,0,0,0,0,0,54.0,484.0,0,7,0,3.0,3.0,1,2,0,2.0,1339,0,3.0
150500.0,0,0,0,0,0,1,0.0,484.0,0,5,0,4.0,3.0,0,2,0,2.0,1040,0,0.0
139000.0,0,0,0,0,0,0,0.0,0.0,0,6,0,3.0,3.0,0,2,0,1.0,1824,128,0.0
169000.0,0,0,0,0,0,0,0.0,336.0,0,6,0,4.0,3.0,0,2,0,1.0,2447,272,4.0
132500.0,0,0,0,0,0,0,0.0,280.0,0,6,0,3.0,3.0,0,1,0,1.0,1412,45,4.0
143000.0,0,0,0,0,0,0,451.0,528.0,0,6,0,3.0,3.0,0,1,0,1.0,1328,0,4.0
190000.0,0,0,0,0,0,0,621.0,390.0,0,5,0,3.0,3.0,0,2,0,2.0,1582,168,0.0
278000.0,1,0,0,0,0,0,0.0,499.0,0,8,0,5.0,4.0,0,2,0,2.0,1659,212,5.0
281000.0,0,0,0,1,1,0,788.0,753.0,0,8,0,5.0,4.0,0,2,0,2.0,1970,177,4.0
180500.0,0,0,0,0,0,0,86.0,484.0,0,5,0,3.0,3.0,0,1,0,2.0,1152,227,4.0
119500.0,0,0,0,0,0,0,268.0,264.0,0,5,0,3.0,3.0,0,2,0,1.0,1302,185,0.0
107500.0,0,0,0,0,0,0,0.0,432.0,0,5,0,3.0,3.0,0,2,0,1.0,2372,0,0.0
162900.0,0,0,0,0,0,0,0.0,528.0,0,7,0,3.0,3.0,0,2,0,1.0,1664,0,3.0
115000.0,0,0,0,0,0,0,0.0,572.0,0,5,0,3.0,3.0,0,1,0,1.0,864,0,0.0
138500.0,0,0,0,0,0,0,168.0,288.0,0,5,0,3.0,3.0,0,1,0,1.0,1052,356,0.0
155000.0,0,0,0,0,0,0,148.0,525.0,0,5,0,3.0,3.0,0,2,0,1.0,1128,192,0.0
140000.0,0,0,0,1,0,0,82.0,525.0,0,6,0,3.0,3.0,0,2,0,1.0,1072,0,0.0
160000.0,0,0,0,1,0,0,796.0,1418.0,0,10,0,5.0,5.0,0,2,0,4.0,5642,214,4.0
154000.0,0,0,0,0,0,0,0.0,305.0,0,5,0,4.0,3.0,0,1,0,1.0,1246,218,0.0
225000.0,0,0,0,0,0,0,344.0,490.0,1,7,0,4.0,4.0,0,2,0,2.0,1983,0,3.0
177500.0,0,0,0,0,0,0,0.0,213.0,0,6,0,4.0,3.0,0,1,1,2.0,1494,0,4.0
290000.0,0,0,1,0,0,0,391.0,844.0,0,8,0,4.0,4.0,0,2,0,1.0,2526,309,3.0
232000.0,0,0,0,0,0,0,228.0,834.0,0,7,0,4.0,4.0,0,2,0,1.0,1616,208,0.0
130000.0,0,0,0,0,0,0,117.0,380.0,0,7,0,4.0,4.0,0,2,0,1.0,1708,0,0.0
325000.0,0,0,0,0,1,0,300.0,840.0,0,9,0,5.0,4.0,0,2,0,2.0,1652,404,5.0
202500.0,0,0,0,1,1,0,94.0,474.0,0,7,0,4.0,4.0,0,2,0,2.0,1368,132,4.0
138000.0,0,0,0,0,0,1,0.0,480.0,0,5,0,3.0,3.0,0,1,0,1.0,990,0,0.0
147000.0,0,0,0,0,0,0,0.0,528.0,0,5,0,4.0,3.0,0,1,0,1.0,1122,0,0.0
179200.0,0,0,0,0,0,0,88.0,496.0,0,6,0,4.0,3.0,0,2,0,1.0,1294,112,0.0
335000.0,0,0,0,0,0,0,0.0,567.0,0,7,0,5.0,4.0,0,2,1,1.0,1902,0,3.0
203000.0,0,0,0,1,0,1,80.0,508.0,0,7,0,4.0,4.0,0,2,0,1.0,1274,264,0.0
302000.0,0,0,1,0,0,0,336.0,750.0,0,8,0,4.0,4.0,0,2,0,2.0,2810,500,5.0
333168.0,0,0,1,0,0,0,165.0,779.0,0,9,0,4.0,4.0,0,2,0,2.0,2599,668,3.0
119000.0,0,0,0,0,0,0,0.0,280.0,0,4,0,3.0,3.0,0,1,0,1.0,948,0,3.0
206900.0,0,0,0,0,0,0,0.0,576.0,0,6,0,3.0,3.0,0,2,0,1.0,2112,280,4.0
295493.0,0,0,0,0,0,1,270.0,860.0,0,8,0,5.0,4.0,0,2,0,2.0,1630,172,4.0
208900.0,0,0,0,1,0,0,0.0,466.0,0,7,0,4.0,4.0,0,2,0,1.0,1352,0,4.0
275000.0,0,0,0,0,0,1,178.0,748.0,0,8,0,4.0,4.0,0,2,0,3.0,1787,198,3.0
111000.0,0,0,0,0,0,0,132.0,248.0,0,4,0,3.0,3.0,0,1,0,1.0,948,0,0.0
156500.0,0,0,0,0,0,0,0.0,442.0,0,6,0,3.0,3.0,0,1,0,1.0,1478,114,4.0
72500.0,0,0,0,0,0,0,0.0,287.0,0,3,0,3.0,3.0,0,1,0,2.0,720,0,0.0
190000.0,0,0,1,0,0,0,0.0,564.0,0,7,0,4.0,4.0,0,2,0,2.0,1923,240,3.0
82500.0,0,1,0,0,0,0,0.0,0.0,0,4,0,2.0,2.0,0,1,0,1.0,708,164,0.0
147000.0,0,0,0,1,0,0,428.0,895.0,0,8,0,4.0,4.0,0,2,0,1.0,1795,0,4.0
55000.0,0,0,0,0,0,0,0.0,0.0,0,4,0,3.0,3.0,0,1,0,1.0,796,0,0.0
79000.0,0,0,0,0,0,0,0.0,0.0,0,3,0,4.0,3.0,0,1,0,1.0,774,0,0.0
130500.0,0,0,0,0,0,0,0.0,264.0,0,5,0,4.0,4.0,0,1,0,1.0,816,0,5.0
256000.0,0,0,0,0,0,0,0.0,520.0,0,6,0,3.0,4.0,0,2,0,1.0,2792,0,3.0
176500.0,0,0,0,0,0,0,0.0,462.0,1,7,0,3.0,3.0,0,2,0,2.0,1632,0,3.0
227000.0,0,0,0,0,0,0,410.0,825.0,0,8,0,4.0,4.0,0,2,0,1.0,1588,144,4.0
132500.0,0,0,0,0,0,1,0.0,576.0,0,5,0,3.0,3.0,0,1,0,2.0,954,0,0.0
100000.0,0,0,0,0,0,0,0.0,288.0,0,4,0,3.0,3.0,0,1,0,1.0,816,0,4.0
125500.0,0,0,0,0,0,0,0.0,297.0,0,5,0,4.0,3.0,0,1,0,1.0,1360,0,0.0
125000.0,0,0,0,0,0,0,312.0,440.0,0,5,0,3.0,3.0,0,1,0,1.0,1365,0,0.0
167900.0,0,0,0,0,0,0,360.0,630.0,0,6,0,3.0,3.0,0,2,0,1.0,1334,0,3.0
135000.0,0,0,0,0,0,0,564.0,506.0,0,5,0,3.0,3.0,0,2,0,2.0,1656,0,0.0
52500.0,0,0,0,0,0,0,0.0,0.0,0,4,0,2.0,3.0,0,1,0,2.0,693,0,0.0
200000.0,0,0,0,0,0,1,0.0,492.0,0,7,0,4.0,4.0,0,2,0,2.0,1861,146,0.0
128500.0,0,0,0,0,0,1,0.0,288.0,0,5,0,3.0,3.0,0,1,0,2.0,864,0,0.0
123000.0,0,0,0,0,0,0,0.0,480.0,0,4,0,3.0,3.0,0,1,0,1.0,872,0,0.0
155000.0,0,0,0,0,0,0,0.0,576.0,0,6,0,4.0,3.0,0,1,0,1.0,1114,0,0.0
228500.0,0,0,0,0,0,1,149.0,647.0,0,8,0,4.0,4.0,0,2,0,1.0,2169,192,4.0
177000.0,0,0,0,0,0,0,0.0,342.0,0,6,0,3.0,3.0,0,1,1,1.0,1913,0,3.0
155835.0,0,0,0,1,0,1,0.0,440.0,0,7,0,4.0,4.0,0,2,0,2.0,1456,0,3.0
108500.0,0,0,0,0,0,0,0.0,308.0,0,4,0,2.0,3.0,0,1,0,1.0,960,0,0.0
262500.0,0,0,0,0,0,0,0.0,508.0,0,7,0,3.0,3.0,0,2,0,3.0,2156,0,4.0
283463.0,0,1,0,1,0,0,100.0,712.0,0,8,0,4.0,4.0,1,2,0,2.0,1776,0,4.0
215000.0,0,0,0,0,0,0,0.0,514.0,0,7,0,4.0,4.0,0,2,0,4.0,1494,402,2.0
122000.0,0,0,0,0,0,0,0.0,0.0,0,8,0,3.0,3.0,0,2,0,1.0,2358,0,0.0
200000.0,0,0,0,0,0,0,368.0,968.0,0,5,1,3.0,3.0,0,2,0,1.0,2634,0,0.0
171000.0,0,0,0,0,0,0,318.0,490.0,0,6,0,3.0,3.0,0,1,0,2.0,1716,0,4.0
134900.0,0,0,0,0,0,0,0.0,624.0,0,6,0,3.0,4.0,0,1,0,1.0,1176,210,0.0
410000.0,0,0,1,0,0,0,579.0,666.0,0,8,0,4.0,4.0,0,2,0,2.0,3238,283,5.0
235000.0,0,0,0,0,0,1,0.0,839.0,0,7,0,4.0,4.0,0,2,0,2.0,1865,0,3.0
170000.0,0,0,0,0,0,0,143.0,487.0,0,7,0,4.0,3.0,0,3,0,2.0,1920,0,3.0
110000.0,0,0,0,0,0,0,65.0,264.0,0,5,0,3.0,3.0,0,1,0,1.0,892,0,0.0
149900.0,0,0,0,0,0,0,0.0,500.0,0,5,0,3.0,3.0,0,1,0,2.0,1078,0,2.0
177500.0,0,0,0,0,0,0,216.0,440.0,0,6,0,4.0,4.0,0,2,0,1.0,1573,0,0.0
315000.0,0,0,0,0,1,0,66.0,770.0,0,9,0,5.0,4.0,0,2,0,1.0,1980,194,4.0
189000.0,0,0,0,0,0,0,0.0,621.0,0,5,0,3.0,3.0,0,3,0,1.0,2601,183,0.0
260000.0,1,0,0,0,0,0,16.0,430.0,0,7,0,4.0,4.0,0,2,0,2.0,1530,168,4.0
104900.0,0,0,0,0,0,0,0.0,368.0,0,4,0,3.0,3.0,0,2,0,2.0,1738,55,4.0
156932.0,0,0,0,1,0,0,0.0,432.0,1,6,0,4.0,3.0,0,2,0,2.0,1412,0,4.0
144152.0,0,0,0,0,0,0,0.0,480.0,0,7,0,4.0,4.0,0,2,0,1.0,1200,0,0.0
216000.0,0,0,0,0,0,0,0.0,663.0,0,7,0,4.0,4.0,0,2,0,1.0,1674,0,0.0
193000.0,0,0,0,0,0,1,158.0,588.0,0,7,0,4.0,4.0,0,2,0,2.0,1790,0,0.0
127000.0,0,0,0,0,0,0,0.0,336.0,0,5,0,3.0,3.0,0,2,0,1.0,1475,104,3.0
144000.0,0,0,0,0,0,1,170.0,420.0,0,6,0,4.0,4.0,0,1,0,1.0,848,140,0.0
232000.0,0,0,0,0,0,1,171.0,502.0,0,8,0,4.0,4.0,0,2,0,3.0,1668,0,3.0
105000.0,0,0,0,0,0,0,0.0,338.0,0,4,1,3.0,2.0,0,1,0,1.0,1374,0,0.0
165500.0,0,0,0,0,0,0,0.0,377.0,0,6,0,4.0,3.0,0,1,0,1.0,1661,0,3.0
274300.0,0,0,0,0,0,1,0.0,583.0,0,7,0,4.0,3.0,0,2,0,1.0,2097,253,3.0
466500.0,0,0,1,0,0,0,705.0,804.0,0,10,0,5.0,5.0,0,2,0,1.0,2633,314,4.0
250000.0,0,0,0,0,0,0,0.0,936.0,0,7,0,4.0,4.0,0,2,0,1.0,1958,154,4.0
239000.0,0,1,0,1,0,0,80.0,722.0,0,8,0,4.0,4.0,1,2,0,2.0,1571,100,4.0
91000.0,0,0,0,0,0,0,0.0,160.0,0,6,0,3.0,3.0,0,1,0,1.0,790,0,0.0
117000.0,0,0,0,0,0,0,0.0,660.0,0,5,0,3.0,3.0,0,2,0,1.0,1604,0,0.0
83000.0,0,0,0,0,0,0,408.0,264.0,0,6,0,3.0,3.0,0,1,0,1.0,987,72,0.0
167500.0,0,0,0,0,0,0,0.0,400.0,0,5,0,4.0,3.0,1,2,0,1.0,1394,100,0.0
58500.0,0,0,0,0,0,0,0.0,200.0,0,3,0,3.0,3.0,0,1,0,1.0,864,0,0.0
237500.0,0,0,0,0,0,0,0.0,550.0,0,6,0,3.0,3.0,0,2,0,2.0,2117,0,4.0
157000.0,0,0,0,0,0,0,0.0,576.0,0,7,0,4.0,3.0,0,1,0,1.0,1762,36,0.0
112000.0,0,0,0,0,0,0,0.0,576.0,0,5,0,4.0,3.0,0,2,0,1.0,1416,0,0.0
105000.0,0,0,0,0,0,0,0.0,280.0,0,6,0,3.0,3.0,0,1,0,1.0,1258,0,0.0
125500.0,0,0,0,0,0,0,0.0,240.0,0,4,0,4.0,3.0,0,1,0,1.0,1154,0,0.0
250000.0,0,0,0,0,0,0,184.0,564.0,0,7,0,4.0,3.0,0,3,0,2.0,2784,0,3.0
136000.0,0,0,0,0,0,0,0.0,216.0,0,6,1,4.0,3.0,0,2,0,1.0,2526,88,4.0
377500.0,0,1,0,0,0,0,160.0,758.0,1,9,0,5.0,5.0,0,2,0,2.0,1746,201,4.0
131000.0,0,0,0,0,0,0,0.0,440.0,0,6,0,3.0,3.0,0,1,0,1.0,1218,0,4.0
235000.0,0,0,0,0,0,1,244.0,541.0,0,7,0,4.0,4.0,0,2,0,1.0,1525,219,0.0
124000.0,0,0,0,0,0,0,0.0,792.0,0,5,0,3.0,3.0,0,2,0,1.0,1584,0,0.0
123000.0,0,0,0,0,0,0,0.0,288.0,0,5,0,3.0,3.0,0,1,0,1.0,900,175,1.0
163000.0,0,0,0,0,0,0,0.0,672.0,0,6,0,3.0,3.0,0,2,0,1.0,1912,0,3.0
246578.0,0,0,0,1,0,0,45.0,648.0,0,7,0,4.0,4.0,0,2,0,1.0,1500,161,4.0
281213.0,0,0,0,0,0,0,245.0,642.0,0,8,0,4.0,4.0,1,2,0,2.0,2482,144,4.0
160000.0,0,0,0,0,0,0,0.0,572.0,0,5,0,3.0,3.0,1,1,0,2.0,1687,0,3.0
137500.0,0,0,0,0,0,0,0.0,180.0,0,5,0,3.0,3.0,0,1,0,1.0,1513,24,0.0
138000.0,0,0,0,0,0,0,0.0,240.0,0,5,0,3.0,3.0,0,1,0,1.0,1904,0,0.0
137450.0,0,0,0,0,0,0,0.0,216.0,0,6,0,4.0,3.0,0,2,0,1.0,1608,147,4.0
120000.0,0,0,0,0,0,0,0.0,208.0,0,6,0,3.0,3.0,0,1,0,1.0,1158,0,4.0
193000.0,0,0,0,0,0,0,0.0,398.0,1,6,0,3.0,3.0,0,2,0,2.0,1593,100,3.0
193879.0,0,0,0,1,0,1,0.0,662.0,0,7,0,4.0,4.0,0,2,0,1.0,1294,168,4.0
282922.0,0,0,0,0,0,0,84.0,754.0,0,8,0,4.0,4.0,0,2,0,2.0,1464,168,0.0
105000.0,0,0,0,0,0,0,0.0,936.0,0,3,1,3.0,3.0,0,1,0,1.0,1214,216,0.0
275000.0,0,1,0,0,0,0,174.0,482.0,0,8,0,4.0,4.0,0,2,1,2.0,1646,128,4.0
133000.0,0,0,0,0,0,1,0.0,396.0,0,5,0,3.0,3.0,0,1,0,1.0,768,58,0.0
112000.0,0,0,0,0,0,0,0.0,0.0,0,5,0,3.0,3.0,0,1,0,2.0,833,0,0.0
125500.0,0,0,0,0,0,0,0.0,528.0,0,4,0,3.0,3.0,0,1,0,1.0,1363,0,0.0
215000.0,0,0,0,0,0,0,123.0,542.0,0,7,0,3.0,3.0,0,2,0,2.0,2093,364,3.0
230000.0,0,0,0,0,0,1,0.0,622.0,0,7,0,4.0,4.0,0,2,0,1.0,1840,0,0.0
140000.0,0,0,0,0,0,0,0.0,271.0,0,6,0,3.0,3.0,0,1,0,1.0,1668,0,0.0
90000.0,0,0,0,0,0,0,0.0,420.0,0,4,0,3.0,3.0,0,2,0,1.0,1040,0,0.0
257000.0,0,0,0,0,0,0,366.0,620.0,0,8,0,4.0,4.0,0,2,0,2.0,1844,165,4.0
207000.0,0,0,0,0,0,0,0.0,370.0,0,6,0,4.0,3.0,0,1,0,1.0,1848,0,4.0
175900.0,0,0,0,0,0,0,130.0,660.0,0,7,0,4.0,4.0,0,2,0,1.0,1569,143,3.0
122500.0,0,0,0,0,0,0,0.0,560.0,0,4,0,3.0,3.0,0,2,0,1.0,2290,0,0.0
340000.0,0,0,1,0,0,0,731.0,1069.0,0,8,0,4.0,4.0,0,2,0,2.0,2450,0,3.0
124000.0,0,0,0,0,0,0,0.0,336.0,0,5,0,3.0,3.0,0,1,0,1.0,1144,0,0.0
223000.0,0,0,0,0,0,0,312.0,540.0,0,6,0,4.0,4.0,0,2,1,2.0,1844,0,3.0
179900.0,0,0,0,0,0,0,420.0,776.0,0,6,0,3.0,3.0,0,2,0,1.0,1416,0,3.0
127500.0,0,0,0,0,0,0,0.0,440.0,0,6,0,3.0,3.0,0,2,0,1.0,1069,0,2.0
136500.0,0,0,0,0,0,1,170.0,420.0,0,6,0,4.0,4.0,0,1,0,1.0,848,140,0.0
274970.0,0,0,0,0,0,0,0.0,432.0,0,6,0,4.0,4.0,0,2,0,2.0,2201,586,4.0
144000.0,0,0,0,0,0,0,0.0,484.0,0,5,0,3.0,3.0,0,1,0,1.0,1344,316,3.0
142000.0,0,0,0,0,0,0,243.0,528.0,0,6,0,4.0,4.0,0,1,0,2.0,1252,0,0.0
271000.0,0,0,1,0,0,0,448.0,525.0,0,7,0,4.0,4.0,0,2,0,2.0,2127,171,3.0
140000.0,0,0,0,0,0,0,0.0,288.0,0,5,1,3.0,3.0,0,1,0,1.0,1558,0,3.0
119000.0,0,0,0,0,0,0,294.0,240.0,0,5,0,4.0,3.0,0,1,0,1.0,804,0,4.0
182900.0,0,0,0,0,0,0,310.0,467.0,0,6,0,4.0,4.0,0,2,0,2.0,1440,0,3.0
192140.0,0,0,0,0,0,0,0.0,372.0,1,5,0,3.0,4.0,0,2,0,4.0,1838,100,4.0
143750.0,0,0,0,0,0,0,0.0,440.0,0,6,0,3.0,3.0,0,2,0,2.0,958,0,0.0
64500.0,0,0,0,0,0,0,0.0,216.0,0,4,0,3.0,3.0,0,2,0,1.0,968,0,0.0
186500.0,0,0,0,0,0,0,318.0,451.0,1,6,0,3.0,3.0,0,2,0,2.0,1792,0,3.0
160000.0,0,0,0,0,0,0,0.0,484.0,0,5,0,3.0,3.0,0,2,0,1.0,1126,295,4.0
174000.0,0,0,0,0,0,0,237.0,462.0,0,6,0,4.0,4.0,0,1,0,1.0,1537,0,4.0
120500.0,0,0,0,0,0,0,0.0,528.0,0,4,0,3.0,3.0,0,1,0,1.0,864,0,0.0
394617.0,0,0,0,1,1,0,426.0,774.0,0,8,0,5.0,5.0,0,2,0,1.0,1932,0,4.0
149700.0,0,0,0,0,0,0,0.0,923.0,0,6,1,3.0,3.0,0,1,0,1.0,1236,0,0.0
197000.0,0,0,0,0,0,0,96.0,550.0,0,7,0,3.0,3.0,0,2,0,1.0,1725,0,3.0
191000.0,0,0,0,0,0,0,0.0,672.0,0,6,0,3.0,3.0,0,2,1,2.0,2555,431,4.0
149300.0,0,0,0,0,0,1,147.0,420.0,0,6,0,4.0,4.0,0,1,0,1.0,848,149,3.0
310000.0,0,0,0,0,0,0,160.0,812.0,0,10,0,5.0,5.0,0,2,0,1.0,2007,168,5.0
121000.0,0,0,0,0,0,0,0.0,192.0,0,6,0,2.0,3.0,0,1,0,1.0,952,0,4.0
179600.0,0,0,0,0,0,1,106.0,626.0,0,7,0,4.0,4.0,0,2,0,1.0,1422,192,0.0
129000.0,0,0,0,0,0,0,0.0,240.0,0,6,0,3.0,3.0,0,1,0,1.0,913,0,0.0
157900.0,0,0,0,0,0,0,189.0,312.0,0,5,0,3.0,3.0,0,1,0,2.0,1188,261,0.0
240000.0,0,0,0,0,0,1,438.0,556.0,0,8,0,4.0,4.0,0,2,0,1.0,2090,0,3.0
112000.0,0,0,0,0,0,0,0.0,384.0,0,4,0,3.0,3.0,0,1,0,1.0,1346,168,0.0
92000.0,0,0,0,0,0,0,0.0,0.0,0,5,0,5.0,3.0,0,1,0,1.0,630,0,0.0
136000.0,0,0,0,0,0,0,0.0,0.0,0,5,0,3.0,3.0,0,2,0,1.0,1792,32,0.0
287090.0,0,0,0,1,0,0,194.0,840.0,0,8,0,5.0,4.0,0,2,0,1.0,1578,0,4.0
145000.0,0,0,0,0,0,0,80.0,525.0,0,5,0,3.0,3.0,0,1,0,1.0,1072,0,0.0
84500.0,0,0,0,0,0,0,0.0,0.0,0,5,0,3.0,3.0,0,1,0,1.0,1140,36,0.0
185000.0,0,0,0,0,0,0,0.0,400.0,0,7,0,4.0,4.0,0,2,0,1.0,1221,0,0.0
175000.0,0,0,0,0,0,0,0.0,460.0,1,6,0,3.0,3.0,0,2,0,1.0,1647,0,3.0
210000.0,0,0,0,0,0,0,119.0,500.0,0,6,0,3.0,3.0,0,2,0,1.0,2073,349,3.0
266500.0,0,0,0,0,0,0,0.0,252.0,0,7,0,4.0,5.0,0,2,1,1.0,2340,0,4.0
142125.0,0,0,0,0,0,0,0.0,240.0,0,5,0,4.0,3.0,0,1,0,1.0,1078,366,0.0
147500.0,0,0,0,0,0,0,0.0,276.0,0,5,0,3.0,4.0,0,1,0,1.0,1256,736,0.0
