SalePrice,SaleType_Con,Condition2_RRAn,Heating_Floor,Exterior2nd_Other,SaleCondition_Alloca,LotArea,Neighborhood_Veenker,OverallQual,Neighborhood_NoRidge,Neighborhood_NridgHt,Heating_Grav,SaleCondition_Partial,SaleType_New,ExterQual,GarageCars,Exterior2nd_CmentBd,KitchenQual,BsmtQual,Condition2_PosN,GrLivArea
208500.0,0,0,0,0,0,8450,0,7,0,0,0,0,0,4.0,2.0,0,4.0,4.0,0,1710
181500.0,0,0,0,0,0,9600,1,6,0,0,0,0,0,3.0,2.0,0,3.0,4.0,0,1262
223500.0,0,0,0,0,0,11250,0,7,0,0,0,0,0,4.0,2.0,0,4.0,4.0,0,1786
140000.0,0,0,0,0,0,9550,0,7,0,0,0,0,0,3.0,3.0,0,4.0,3.0,0,1717
250000.0,0,0,0,0,0,14260,0,8,1,0,0,0,0,4.0,3.0,0,4.0,4.0,0,2198
143000.0,0,0,0,0,0,14115,0,5,0,0,0,0,0,3.0,2.0,0,3.0,4.0,0,1362
307000.0,0,0,0,0,0,10084,0,8,0,0,0,0,0,4.0,2.0,0,4.0,5.0,0,1694
200000.0,0,0,0,0,0,10382,0,7,0,0,0,0,0,3.0,2.0,0,3.0,4.0,0,2090
129900.0,0,0,0,0,0,6120,0,7,0,0,0,0,0,3.0,2.0,0,3.0,3.0,0,1774
118000.0,0,0,0,0,0,7420,0,5,0,0,0,0,0,3.0,1.0,0,3.0,3.0,0,1077
129500.0,0,0,0,0,0,11200,0,5,0,0,0,0,0,3.0,1.0,0,3.0,3.0,0,1040
345000.0,0,0,0,0,0,11924,0,9,0,1,0,1,1,5.0,3.0,0,5.0,5.0,0,2324
144000.0,0,0,0,0,0,12968,0,5,0,0,0,0,0,3.0,1.0,0,3.0,3.0,0,912
279500.0,0,0,0,0,0,10652,0,7,0,0,0,1,1,4.0,3.0,0,4.0,4.0,0,1494
157000.0,0,0,0,0,0,10920,0,6,0,0,0,0,0,3.0,1.0,0,3.0,3.0,0,1253
132000.0,0,0,0,0,0,6120,0,7,0,0,0,0,0,3.0,2.0,0,3.0,3.0,0,854
149000.0,0,0,0,0,0,11241,0,6,0,0,0,0,0,3.0,2.0,0,3.0,3.0,0,1004
90000.0,0,0,0,0,0,10791,0,4,0,0,0,0,0,3.0,2.0,0,3.0,0.0,0,1296
159000.0,0,0,0,0,0,13695,0,5,0,0,0,0,0,3.0,2.0,0,4.0,3.0,0,1114
139000.0,0,0,0,0,0,7560,0,5,0,0,0,0,0,3.0,1.0,0,3.0,3.0,0,1339
325300.0,0,0,0,0,0,14215,0,8,0,1,0,1,1,4.0,3.0,0,4.0,5.0,0,2376
139400.0,0,0,0,0,0,7449,0,7,0,0,0,0,0,3.0,1.0,0,4.0,3.0,0,1108
230000.0,0,0,0,0,0,9742,0,8,0,0,0,0,0,4.0,2.0,0,4.0,4.0,0,1795
129900.0,0,0,0,0,0,4224,0,5,0,0,0,0,0,3.0,2.0,1,3.0,4.0,0,1060
154000.0,0,0,0,0,0,8246,0,5,0,0,0,0,0,3.0,1.0,0,4.0,3.0,0,1060
256300.0,0,0,0,0,0,14230,0,8,0,1,0,0,0,4.0,3.0,0,4.0,4.0,0,1600
134800.0,0,0,0,0,0,7200,0,5,0,0,0,0,0,3.0,2.0,0,4.0,3.0,0,900
306000.0,0,0,0,0,0,11478,0,8,0,1,0,0,0,4.0,3.0,0,4.0,5.0,0,1704
207500.0,0,0,0,0,0,16321,0,5,0,0,0,0,0,3.0,1.0,0,3.0,3.0,0,1600
68500.0,0,0,0,0,0,6324,0,4,0,0,0,0,0,3.0,1.0,0,2.0,3.0,0,520
40000.0,0,0,0,0,0,8500,0,4,0,0,0,0,0,3.0,1.0,0,3.0,3.0,0,1317
149350.0,0,0,0,0,0,8544,0,5,0,0,0,0,0,3.0,1.0,0,4.0,3.0,0,1228
179900.0,0,0,0,0,0,11049,0,8,0,0,0,0,0,4.0,2.0,0,4.0,5.0,0,1234
165500.0,0,0,0,0,0,10552,0,5,0,0,0,0,0,3.0,2.0,0,4.0,3.0,0,1700
277500.0,0,0,0,0,0,7313,0,9,0,1,0,0,0,5.0,2.0,0,5.0,5.0,0,1561
309000.0,0,0,0,0,0,13418,0,8,0,1,0,0,0,4.0,3.0,0,4.0,5.0,0,2452
145000.0,0,0,0,0,0,10859,0,5,0,0,0,0,0,3.0,2.0,0,3.0,4.0,0,1097
153000.0,0,0,0,0,0,8532,0,5,0,0,0,0,0,3.0,2.0,0,3.0,3.0,0,1297
109000.0,0,0,0,0,0,7922,0,5,0,0,0,0,0,3.0,1.0,0,4.0,3.0,0,1057
82000.0,0,0,0,0,0,6040,0,4,0,0,0,0,0,3.0,0.0,0,2.0,0.0,0,1152
160000.0,0,0,0,0,0,8658,0,6,0,0,0,0,0,3.0,2.0,0,3.0,3.0,0,1324
170000.0,0,0,0,0,0,16905,0,5,0,0,0,0,0,3.0,1.0,0,3.0,3.0,0,1328
144000.0,0,0,0,0,0,9180,0,5,0,0,0,0,0,3.0,2.0,0,4.0,4.0,0,884
130250.0,0,0,0,0,0,9200,0,5,0,0,0,0,0,3.0,1.0,0,3.0,4.0,0,938
141000.0,0,0,0,0,0,7945,0,5,0,0,0,0,0,3.0,1.0,0,3.0,3.0,0,1150
319900.0,0,0,0,0,0,7658,0,9,0,1,0,0,0,5.0,2.0,0,5.0,5.0,0,1752
239686.0,0,0,0,0,0,12822,0,7,0,0,0,0,0,4.0,2.0,0,4.0,5.0,0,2149
249700.0,0,0,0,0,0,11096,0,8,0,0,0,0,0,4.0,3.0,0,4.0,4.0,0,1656
113000.0,0,0,0,0,0,4456,0,4,0,0,0,1,1,3.0,0.0,0,3.0,3.0,0,1452
127000.0,0,0,0,0,0,7742,0,5,0,0,0,0,0,3.0,1.0,0,3.0,3.0,0,955
177000.0,0,0,0,0,0,13869,0,6,0,0,0,0,0,3.0,2.0,0,3.0,4.0,0,1470
114500.0,0,0,0,0,0,6240,0,6,0,0,0,0,0,3.0,2.0,0,3.0,3.0,0,1176
110000.0,0,0,0,0,0,8472,0,5,0,0,0,0,0,2.0,2.0,0,3.0,4.0,0,816
385000.0,0,0,0,0,0,50271,1,9,0,0,0,0,0,4.0,3.0,0,4.0,5.0,0,1842
130000.0,0,0,0,0,0,7134,0,5,0,0,0,0,0,3.0,2.0,0,3.0,3.0,0,1360
180500.0,0,0,0,0,0,10175,0,6,0,0,0,0,0,3.0,2.0,0,3.0,3.0,0,1425
172500.0,0,0,0,0,0,2645,0,8,0,0,0,0,0,4.0,2.0,0,4.0,4.0,0,1739
196500.0,0,0,0,0,0,11645,0,7,0,0,0,0,0,4.0,2.0,0,4.0,4.0,0,1720
438780.0,0,0,0,0,0,13682,0,10,0,0,0,1,1,5.0,3.0,0,4.0,5.0,0,2945
124900.0,0,0,0,0,0,7200,0,5,0,0,0,0,0,3.0,1.0,0,3.0,3.0,0,780
158000.0,0,0,0,0,0,13072,0,6,0,0,0,1,1,3.0,2.0,0,4.0,4.0,0,1158
101000.0,0,0,0,0,0,7200,0,5,0,0,0,0,0,3.0,1.0,0,2.0,3.0,0,1111
202500.0,0,0,0,0,0,6442,0,8,0,1,0,0,0,4.0,2.0,0,4.0,4.0,0,1370
140000.0,0,0,0,0,0,10300,0,7,0,0,0,0,0,3.0,2.0,0,3.0,3.0,0,1710
219500.0,0,0,0,0,0,9375,0,7,0,0,0,0,0,3.0,2.0,0,4.0,4.0,0,2034
317000.0,0,0,0,0,0,9591,0,8,0,1,0,0,0,4.0,3.0,0,4.0,5.0,0,2473
180000.0,0,0,0,0,0,19900,0,7,0,0,0,0,0,3.0,2.0,0,3.0,4.0,0,2207
226000.0,0,0,0,0,0,10665,0,7,0,0,0,0,0,4.0,2.0,0,4.0,4.0,0,1479
80000.0,0,0,0,0,0,4608,0,4,0,0,0,0,0,3.0,1.0,0,3.0,3.0,0,747
225000.0,0,0,0,0,0,15593,0,7,0,0,0,0,0,4.0,2.0,0,3.0,3.0,0,2287
244000.0,0,0,0,0,0,13651,0,7,0,0,0,0,0,3.0,2.0,0,3.0,4.0,0,2223
129500.0,0,0,0,0,0,7599,0,4,0,0,0,0,0,3.0,2.0,0,3.0,3.0,0,845
185000.0,0,0,0,0,0,10141,0,7,0,0,0,0,0,3.0,2.0,0,3.0,4.0,0,1718
144900.0,0,0,0,0,0,10200,0,5,0,0,0,0,0,3.0,2.0,0,3.0,3.0,0,1086
107400.0,0,0,0,0,0,5790,0,3,0,0,0,0,0,4.0,1.0,0,3.0,2.0,0,1605
91000.0,0,0,0,0,0,1596,0,4,0,0,0,0,0,3.0,1.0,1,3.0,4.0,0,988
135750.0,0,0,0,0,0,8475,0,4,0,0,0,0,0,3.0,1.0,0,3.0,3.0,0,952
127000.0,0,0,0,0,0,8635,0,5,0,0,0,0,0,3.0,1.0,0,3.0,3.0,0,1285
136500.0,0,0,0,0,0,10778,0,4,0,0,0,0,0,3.0,0.0,0,3.0,3.0,0,1768
110000.0,0,0,0,0,0,10440,0,5,0,0,0,0,0,3.0,2.0,0,3.0,3.0,0,1230
193500.0,0,0,0,0,0,13000,0,6,0,0,0,0,0,3.0,1.0,0,4.0,4.0,0,2142
153500.0,0,0,0,0,0,4500,0,6,0,0,0,0,0,3.0,2.0,0,3.0,5.0,0,1337
245000.0,0,0,0,0,0,10206,0,8,0,0,0,0,0,3.0,3.0,0,4.0,4.0,0,1563
126500.0,0,0,0,0,0,8892,0,5,0,0,0,0,0,3.0,2.0,0,3.0,3.0,0,1065
168500.0,0,0,0,0,0,8530,0,7,0,0,0,0,0,3.0,2.0,0,3.0,4.0,0,1474
260000.0,0,0,0,0,0,16059,0,8,1,0,0,0,0,4.0,2.0,0,4.0,4.0,0,2417
174000.0,0,0,0,0,0,11911,0,6,0,0,0,0,0,4.0,2.0,0,4.0,4.0,0,1560
164500.0,0,0,0,0,0,3951,0,6,0,0,0,1,1,4.0,2.0,0,4.0,4.0,0,1224
85000.0,0,0,0,0,0,8470,0,3,0,0,0,0,0,2.0,0.0,0,2.0,3.0,0,1526
123600.0,0,0,0,0,0,8070,0,4,0,0,0,0,0,3.0,0.0,0,3.0,4.0,0,990
109900.0,0,0,0,0,0,7200,0,4,0,0,0,0,0,3.0,2.0,0,3.0,0.0,0,1040
98600.0,0,0,0,0,0,8500,0,5,0,0,0,0,0,3.0,2.0,0,3.0,3.0,0,1235
163500.0,0,0,0,0,0,13360,0,5,0,0,0,0,0,3.0,2.0,0,3.0,4.0,0,964
133900.0,0,0,0,0,0,7200,0,6,0,0,0,0,0,3.0,2.0,0,3.0,3.0,0,2291
204750.0,0,0,0,0,0,9337,0,6,0,0,0,0,0,3.0,2.0,0,4.0,4.0,0,1786
185000.0,0,0,0,0,0,9765,0,6,0,0,0,0,0,5.0,2.0,0,3.0,4.0,0,1470
214000.0,0,0,0,0,0,10264,0,7,0,0,0,0,0,4.0,2.0,0,4.0,4.0,0,1588
94750.0,0,0,0,0,0,10921,0,4,0,0,0,0,0,3.0,1.0,0,3.0,3.0,0,960
83000.0,0,0,0,0,0,10625,0,5,0,0,0,0,0,3.0,1.0,0,3.0,3.0,0,835
128950.0,0,0,0,0,0,9320,0,4,0,0,0,0,0,3.0,0.0,0,3.0,3.0,0,1225
205000.0,0,0,0,0,0,10603,0,6,0,0,0,0,0,3.0,2.0,0,4.0,3.0,0,1610
178000.0,0,0,0,0,0,9206,0,6,0,0,0,0,0,4.0,2.0,0,4.0,4.0,0,1732
118964.0,0,0,0,0,1,7018,0,5,0,0,0,0,0,3.0,2.0,0,3.0,0.0,0,1535
198900.0,0,0,0,0,0,10402,0,7,0,0,0,0,0,3.0,3.0,0,4.0,4.0,0,1226
169500.0,0,0,0,0,0,7758,0,7,0,0,0,0,0,3.0,1.0,0,3.0,3.0,0,1818
250000.0,0,0,0,0,0,9375,0,8,0,0,0,0,0,4.0,2.0,0,4.0,5.0,0,1992
100000.0,0,0,0,0,0,10800,0,4,0,0,0,0,0,3.0,1.0,0,3.0,2.0,0,1047
115000.0,0,0,0,0,0,6000,0,5,0,0,0,1,0,3.0,1.0,0,3.0,3.0,0,789
115000.0,0,0,0,0,0,8500,0,5,0,0,0,0,0,3.0,0.0,1,2.0,3.0,0,1517
190000.0,0,0,0,0,0,11751,0,6,0,0,0,0,0,3.0,2.0,0,3.0,4.0,0,1844
136900.0,0,0,0,0,0,9525,0,6,0,0,0,0,0,3.0,1.0,0,3.0,3.0,0,1855
180000.0,0,0,0,0,0,7750,0,7,0,0,0,0,0,3.0,2.0,0,3.0,4.0,0,1430
383970.0,0,0,0,0,0,9965,0,7,0,0,0,1,1,4.0,3.0,0,5.0,5.0,0,2696
217000.0,0,0,0,0,0,21000,0,6,0,0,0,0,0,3.0,2.0,0,4.0,4.0,0,2259
259500.0,0,0,0,0,0,7259,0,6,0,0,0,0,0,3.0,1.0,0,4.0,3.0,0,2320
176000.0,0,0,0,0,0,3230,0,6,0,0,0,0,0,3.0,2.0,0,3.0,4.0,0,1458
139000.0,0,0,0,0,0,11616,0,5,0,0,0,0,0,3.0,1.0,0,3.0,3.0,0,1092
155000.0,0,0,0,0,0,8536,0,5,0,0,0,1,1,3.0,2.0,0,3.0,4.0,0,1125
320000.0,0,0,0,0,0,12376,0,7,0,0,0,0,0,3.0,3.0,0,4.0,4.0,0,3222
163990.0,0,0,0,0,0,8461,0,6,0,0,0,1,1,4.0,2.0,0,4.0,4.0,0,1456
180000.0,0,0,0,0,0,21453,0,6,0,0,0,0,0,3.0,2.0,0,3.0,3.0,0,988
100000.0,0,0,0,0,0,6060,0,4,0,0,0,0,0,3.0,1.0,0,3.0,3.0,0,1123
136000.0,0,0,0,0,0,9464,0,6,0,0,0,0,0,3.0,1.0,0,3.0,3.0,0,1080
153900.0,0,0,0,0,0,7892,0,6,0,0,0,0,0,4.0,2.0,0,4.0,4.0,0,1199
181000.0,0,0,0,0,0,17043,0,6,0,0,0,0,0,3.0,2.0,0,3.0,4.0,0,1586
84500.0,0,0,0,0,0,6780,0,6,0,0,0,0,0,3.0,0.0,0,3.0,3.0,0,754
128000.0,0,0,0,0,0,4928,0,6,0,0,0,0,0,3.0,2.0,0,3.0,4.0,0,958
87000.0,0,0,0,0,0,4388,0,5,0,0,0,0,0,3.0,0.0,0,3.0,3.0,0,840
155000.0,0,0,0,0,0,7590,0,6,0,0,0,0,0,3.0,2.0,0,3.0,3.0,0,1348
150000.0,0,0,0,0,0,8973,0,5,0,0,0,0,0,3.0,2.0,0,5.0,3.0,0,1053
226000.0,0,0,0,0,0,14200,0,7,0,0,0,0,0,3.0,2.0,0,4.0,3.0,0,2157
244000.0,0,0,0,0,0,12224,0,6,0,0,0,0,0,4.0,2.0,0,4.0,4.0,0,2054
150750.0,0,0,0,0,0,7388,0,5,0,0,0,0,0,3.0,2.0,0,4.0,3.0,0,1327
220000.0,0,0,0,0,0,6853,0,8,0,0,0,0,0,4.0,2.0,0,4.0,5.0,0,1296
180000.0,0,0,0,0,0,10335,0,5,0,0,0,0,0,3.0,2.0,0,3.0,3.0,0,1721
174000.0,0,0,0,0,0,10400,0,7,0,0,0,0,0,3.0,2.0,0,3.0,3.0,0,1682
143000.0,0,0,0,0,0,10355,0,5,0,0,0,0,0,3.0,1.0,0,3.0,3.0,0,1214
171000.0,0,0,0,0,0,11070,0,7,0,0,0,0,0,3.0,3.0,0,3.0,3.0,0,1959
230000.0,0,0,0,0,0,9066,0,8,0,0,0,0,0,4.0,3.0,0,4.0,4.0,0,1852
231500.0,0,0,0,0,0,15426,0,6,0,0,0,0,0,3.0,2.0,0,4.0,4.0,0,1764
115000.0,0,0,0,0,0,10500,0,4,0,0,0,0,0,3.0,0.0,0,3.0,3.0,0,864
260000.0,0,0,0,0,0,11645,0,7,0,0,0,0,0,4.0,2.0,0,4.0,4.0,0,1734
166000.0,0,0,0,0,0,8520,0,5,0,0,0,0,0,3.0,2.0,0,3.0,3.0,0,1385
204000.0,0,0,0,0,0,10335,0,7,0,0,0,0,0,4.0,2.0,0,4.0,4.0,0,1501
125000.0,0,0,0,0,0,9100,0,5,0,0,0,0,0,3.0,2.0,0,3.0,3.0,0,1728
130000.0,0,0,0,0,0,2522,0,6,0,0,0,0,0,4.0,2.0,0,4.0,4.0,0,1709
105000.0,0,0,0,0,0,6120,0,5,0,0,0,0,0,3.0,1.0,0,3.0,3.0,0,875
222500.0,0,0,0,0,0,9505,0,7,0,0,0,0,0,4.0,2.0,0,4.0,4.0,0,2035
141000.0,0,0,0,0,0,7500,0,7,0,0,0,0,0,3.0,0.0,0,4.0,4.0,0,1080
115000.0,0,0,0,0,0,6240,0,5,0,0,0,0,0,3.0,1.0,0,3.0,4.0,0,1344
122000.0,0,0,0,0,0,10356,0,5,0,0,0,0,0,3.0,2.0,0,3.0,3.0,0,969
372402.0,0,0,0,0,0,13891,0,8,0,1,0,1,1,4.0,3.0,0,4.0,5.0,0,1710
190000.0,0,0,0,0,0,14803,0,6,0,0,0,0,0,3.0,2.0,0,3.0,3.0,0,1993
235000.0,0,0,0,0,0,13500,0,6,0,0,0,0,0,3.0,2.0,0,3.0,4.0,0,1252
125000.0,0,0,0,0,0,11340,0,6,0,0,0,0,0,3.0,1.0,0,3.0,3.0,0,1200
79000.0,0,0,0,0,0,9600,0,6,0,0,1,0,0,3.0,0.0,0,3.0,3.0,0,1096
109500.0,0,0,0,0,0,7200,0,5,0,0,0,0,0,3.0,2.0,0,3.0,0.0,0,1040
269500.0,0,0,0,0,0,12003,0,8,0,0,0,1,1,4.0,3.0,0,5.0,5.0,0,1968
254900.0,0,0,0,0,0,12552,0,7,0,0,0,0,0,4.0,2.0,0,4.0,4.0,0,1947
320000.0,0,0,0,0,0,19378,0,7,0,0,0,1,1,4.0,2.0,0,4.0,4.0,0,2462
162500.0,0,0,0,0,0,11120,1,6,0,0,0,0,0,3.0,2.0,0,3.0,4.0,0,1232
412500.0,0,0,0,0,0,13688,0,9,0,1,0,0,0,4.0,3.0,0,5.0,5.0,0,2668
220000.0,0,0,0,0,0,12182,0,7,0,1,0,1,1,4.0,2.0,0,4.0,4.0,0,1541
103200.0,0,0,0,0,0,5500,0,4,0,0,0,0,0,3.0,0.0,0,3.0,3.0,0,882
152000.0,0,0,0,0,0,5400,0,6,0,0,0,0,0,3.0,1.0,0,4.0,3.0,0,1616
127500.0,0,0,0,0,0,10106,0,5,0,0,0,0,0,3.0,0.0,0,3.0,3.0,0,1355
190000.0,0,0,0,0,0,10708,0,5,0,0,0,0,0,4.0,1.0,0,3.0,3.0,0,1867
325624.0,0,0,0,0,0,10562,0,8,0,1,0,1,1,4.0,3.0,0,5.0,5.0,0,2161
183500.0,0,0,0,0,0,8244,0,7,0,0,0,0,0,4.0,2.0,0,4.0,4.0,0,1720
228000.0,0,0,0,0,0,16669,0,8,0,0,0,0,0,4.0,2.0,0,3.0,4.0,0,1707
128500.0,0,0,0,0,0,12358,0,5,0,0,0,0,0,3.0,2.0,0,3.0,3.0,0,1382
215000.0,0,0,0,0,0,31770,0,6,0,0,0,0,0,3.0,2.0,0,3.0,3.0,0,1656
239000.0,0,0,0,0,0,5306,0,7,0,0,0,0,0,4.0,2.0,0,4.0,4.0,0,1767
163000.0,0,0,0,0,0,10197,0,6,0,0,0,0,0,3.0,2.0,0,3.0,3.0,0,1362
184000.0,0,0,0,0,0,12416,0,6,0,0,0,0,0,3.0,2.0,0,3.0,4.0,0,1651
243000.0,0,0,0,0,0,12615,0,6,0,0,0,0,0,3.0,2.0,0,4.0,3.0,0,2158
211000.0,0,0,0,0,0,10029,0,6,0,0,0,0,0,4.0,2.0,0,3.0,4.0,0,2060
172500.0,0,0,0,0,0,13650,0,5,0,0,0,0,0,4.0,2.0,0,4.0,3.0,0,1920
501837.0,0,0,0,0,0,17423,0,9,0,0,0,1,1,5.0,3.0,0,5.0,5.0,0,2234
100000.0,0,0,0,0,0,8520,0,5,0,0,0,0,0,4.0,2.0,0,3.0,3.0,0,968
177000.0,0,0,0,0,0,2117,0,6,0,0,0,0,0,4.0,2.0,0,4.0,4.0,0,1525
200100.0,0,0,0,0,0,7588,0,7,0,0,0,0,0,3.0,1.0,0,3.0,2.0,0,1802
120000.0,0,0,0,0,0,9060,0,5,0,0,0,0,0,3.0,1.0,0,3.0,0.0,0,1340
200000.0,0,0,0,0,0,11426,0,7,0,0,0,0,0,3.0,2.0,0,4.0,4.0,0,2082
127000.0,0,0,0,0,0,7438,0,5,0,0,0,0,0,3.0,2.0,0,3.0,2.0,0,1252
475000.0,0,0,0,0,0,22950,0,10,0,0,0,0,0,4.0,3.0,0,5.0,3.0,0,3608
173000.0,0,0,0,0,0,9947,0,7,0,0,0,0,0,3.0,2.0,0,4.0,4.0,0,1217
135000.0,0,0,0,0,0,10410,0,5,0,0,0,0,0,3.0,1.0,0,3.0,2.0,0,1656
153337.0,0,0,0,0,1,7018,0,5,0,0,0,0,0,3.0,2.0,0,3.0,4.0,0,1224
286000.0,0,0,0,0,0,4923,0,8,0,0,0,0,0,4.0,2.0,1,5.0,5.0,0,1593
315000.0,0,0,0,0,0,10570,0,8,0,0,0,0,0,4.0,2.0,0,4.0,4.0,0,2727
184000.0,0,0,0,0,0,7472,0,7,0,0,0,0,0,3.0,2.0,0,4.0,3.0,0,1479
192000.0,0,0,0,0,0,9017,0,7,0,0,0,0,0,4.0,2.0,0,4.0,4.0,0,1431
130000.0,0,0,0,0,0,2522,0,7,0,0,0,0,0,4.0,2.0,0,4.0,4.0,0,1709
127000.0,0,0,0,0,0,7180,0,5,0,0,0,0,0,3.0,1.0,0,3.0,3.0,0,864
148500.0,0,0,0,0,0,2280,0,6,0,0,0,0,0,3.0,2.0,0,3.0,4.0,0,1456
311872.0,0,0,0,0,0,9416,0,7,0,0,0,1,1,5.0,3.0,1,5.0,5.0,0,1726
235000.0,0,0,0,0,0,25419,0,8,0,0,0,0,0,4.0,2.0,0,4.0,3.0,0,3112
104000.0,0,0,0,0,0,5520,0,6,0,0,0,0,0,3.0,0.0,0,3.0,3.0,0,2229
274900.0,0,0,0,0,0,9591,0,8,0,1,0,0,0,4.0,3.0,0,5.0,5.0,0,1713
140000.0,0,0,0,0,0,8546,0,4,0,0,0,0,0,3.0,2.0,0,3.0,4.0,0,1121
171500.0,0,0,0,0,0,10125,0,6,0,0,0,0,0,3.0,2.0,0,3.0,3.0,0,1279
112000.0,0,0,0,0,0,7000,0,6,0,0,0,0,0,3.0,1.0,0,3.0,2.0,0,1310
149000.0,0,0,0,0,0,4438,0,6,0,0,0,0,0,4.0,2.0,0,4.0,4.0,0,848
110000.0,0,0,0,0,0,3500,0,5,0,0,0,0,0,3.0,1.0,0,3.0,3.0,0,1284
180500.0,0,0,0,0,0,11851,0,7,0,0,0,0,0,3.0,2.0,0,3.0,4.0,0,1442
143900.0,0,0,0,0,0,13673,0,5,0,0,0,0,0,3.0,1.0,0,3.0,3.0,0,1696
141000.0,0,0,0,0,0,12493,0,4,0,0,0,0,0,3.0,1.0,0,3.0,3.0,0,1100
277000.0,0,0,0,0,0,14364,0,7,0,0,0,0,0,4.0,2.0,0,3.0,4.0,0,2062
145000.0,0,0,0,0,0,8250,0,6,0,0,0,0,0,3.0,2.0,0,3.0,4.0,0,1092
98000.0,0,0,0,0,0,5604,0,5,0,0,0,0,0,3.0,0.0,0,3.0,3.0,0,864
186000.0,0,0,0,0,0,10420,0,6,0,0,0,0,0,3.0,2.0,0,4.0,4.0,0,1212
252678.0,0,0,0,0,0,8640,0,7,0,0,0,1,1,3.0,2.0,0,4.0,4.0,0,1852
156000.0,0,0,0,0,0,13568,0,5,0,0,0,0,0,3.0,2.0,0,3.0,4.0,0,990
161750.0,0,0,0,0,0,10900,0,6,0,0,0,0,0,3.0,1.0,0,3.0,4.0,0,1392
134450.0,0,0,0,0,0,10011,0,5,0,0,0,0,0,3.0,1.0,0,4.0,3.0,0,1236
210000.0,0,0,0,0,0,8450,0,7,0,0,0,0,0,4.0,2.0,0,4.0,4.0,0,1436
107000.0,0,0,0,0,0,9906,0,4,0,0,0,0,0,3.0,1.0,0,3.0,3.0,0,1328
311500.0,0,0,0,0,0,15660,0,7,0,0,0,0,0,4.0,2.0,0,4.0,3.0,0,1954
167240.0,0,0,0,0,0,3010,0,7,0,0,0,1,1,4.0,2.0,0,4.0,4.0,0,1248
204900.0,0,0,0,0,0,8990,0,7,0,0,0,1,1,4.0,2.0,0,4.0,4.0,0,1498
200000.0,0,0,0,0,0,8068,0,6,0,0,0,0,0,4.0,2.0,0,4.0,4.0,0,2267
179900.0,0,0,0,0,0,11475,0,6,0,0,0,0,0,3.0,2.0,0,3.0,4.0,0,1552
97000.0,0,0,0,0,0,10500,0,4,0,0,0,0,0,3.0,2.0,0,3.0,3.0,0,864
386250.0,0,0,0,0,0,13472,0,10,0,1,0,0,0,5.0,3.0,0,5.0,5.0,0,2392
112000.0,0,0,0,0,0,1680,0,5,0,0,0,0,0,3.0,1.0,0,3.0,3.0,0,1302
290000.0,0,0,0,0,0,9950,0,7,1,0,0,0,0,4.0,3.0,0,4.0,4.0,0,2520
106000.0,0,0,0,0,0,1869,0,6,0,0,0,0,0,3.0,1.0,0,3.0,3.0,0,987
125000.0,0,0,0,0,0,8521,0,5,0,0,0,0,0,3.0,1.0,0,3.0,3.0,0,912
192500.0,0,0,0,0,0,3182,0,7,0,0,0,0,0,4.0,2.0,0,4.0,4.0,0,1555
148000.0,0,0,0,0,0,8760,0,6,0,0,0,0,0,3.0,1.0,0,3.0,3.0,0,1194
403000.0,0,0,0,0,0,15138,0,8,1,0,0,0,0,4.0,3.0,0,5.0,4.0,0,2794
94500.0,0,0,0,0,0,1680,0,6,0,0,0,0,0,3.0,1.0,0,3.0,3.0,0,987
128200.0,0,0,0,0,0,10650,0,5,0,0,0,0,0,3.0,1.0,0,3.0,3.0,0,894
216500.0,0,0,0,0,0,7851,0,6,0,0,0,0,0,4.0,2.0,0,4.0,4.0,0,1960
89500.0,0,0,0,0,0,1680,0,6,0,0,0,0,0,3.0,1.0,0,3.0,3.0,0,987
185500.0,0,0,0,0,0,8773,0,7,0,0,0,0,0,4.0,2.0,0,4.0,4.0,0,1414
194500.0,0,0,0,0,0,9453,0,7,0,0,0,0,0,4.0,2.0,0,4.0,4.0,0,1744
318000.0,0,0,0,0,0,12030,0,8,0,1,0,1,1,5.0,3.0,0,4.0,5.0,0,1694
113000.0,0,0,0,0,0,8741,0,6,0,0,0,0,0,3.0,1.0,0,3.0,3.0,0,1487
262500.0,0,0,0,0,0,9000,0,8,0,0,0,0,0,4.0,2.0,0,4.0,4.0,0,1566
110500.0,0,0,0,0,0,3880,0,5,0,0,0,0,0,3.0,0.0,0,4.0,3.0,0,866
79000.0,0,0,0,0,0,5000,0,5,0,0,0,0,0,3.0,1.0,0,3.0,3.0,0,1440
120000.0,0,0,0,0,0,10762,0,6,0,0,0,0,0,3.0,1.0,0,3.0,4.0,0,1217
205000.0,0,0,0,0,0,8880,0,7,0,0,0,0,0,4.0,2.0,0,4.0,4.0,0,2110
241500.0,0,0,0,0,0,10400,0,7,0,0,0,0,0,3.0,2.0,0,3.0,4.0,0,1872
137000.0,0,0,0,0,0,9142,0,6,0,0,0,0,0,3.0,1.0,0,2.0,2.0,0,1928
140000.0,0,0,0,0,0,11310,0,6,0,0,0,0,0,3.0,2.0,0,3.0,3.0,0,1375
180000.0,0,0,0,0,0,11317,0,7,0,0,0,0,0,4.0,2.0,0,4.0,4.0,0,1668
277000.0,0,0,0,0,0,159000,0,6,0,0,0,0,0,4.0,2.0,0,4.0,4.0,0,2144
76500.0,0,0,0,0,0,5350,0,3,0,0,0,0,0,3.0,0.0,0,2.0,3.0,0,1306
235000.0,0,0,0,0,0,4750,0,8,0,0,0,0,0,4.0,2.0,0,4.0,4.0,0,1625
173000.0,0,0,0,0,0,8366,0,6,0,0,0,0,0,4.0,2.0,0,4.0,4.0,0,1640
158000.0,0,0,0,0,0,9350,0,6,0,0,0,0,0,3.0,1.0,0,4.0,4.0,0,1302
145000.0,0,0,0,0,0,8400,0,5,0,0,0,0,0,3.0,1.0,0,3.0,3.0,0,1314
230000.0,0,0,0,0,0,8738,0,7,0,0,0,0,0,4.0,2.0,0,4.0,4.0,0,2291
207500.0,0,0,0,0,0,8791,0,6,0,0,0,0,0,4.0,2.0,0,4.0,4.0,0,1728
220000.0,0,0,0,0,0,8814,0,7,0,0,0,0,0,4.0,2.0,0,4.0,4.0,0,1604
231500.0,0,0,0,0,0,12435,0,7,0,0,0,0,0,4.0,2.0,0,4.0,4.0,0,1792
97000.0,0,0,0,0,0,12702,0,5,0,0,0,0,0,3.0,1.0,0,3.0,0.0,0,882
176000.0,0,0,0,0,0,19296,0,6,0,0,0,0,0,3.0,2.0,0,3.0,3.0,0,1382
276000.0,0,0,0,0,0,9588,0,8,0,0,0,1,1,4.0,3.0,1,5.0,5.0,0,2574
151000.0,0,0,0,0,0,8471,0,6,0,0,0,0,0,3.0,2.0,0,3.0,4.0,0,1212
130000.0,0,0,0,0,0,5500,0,5,0,0,0,0,0,3.0,2.0,0,3.0,3.0,0,1316
73000.0,0,0,0,0,0,5232,0,5,0,0,0,0,0,3.0,2.0,0,3.0,2.0,0,764
175500.0,0,0,0,0,0,12090,0,6,0,0,0,0,0,3.0,2.0,0,4.0,4.0,0,1422
185000.0,0,0,0,0,0,11207,0,6,0,0,0,0,0,3.0,2.0,0,3.0,4.0,0,1511
179500.0,0,0,0,0,0,8400,0,5,0,0,0,0,0,3.0,1.0,0,4.0,3.0,0,2192
120500.0,0,0,0,0,0,6900,0,5,0,0,0,0,0,3.0,1.0,0,3.0,3.0,0,778
148000.0,0,0,0,0,0,7917,0,6,0,0,0,0,0,3.0,1.0,0,3.0,3.0,0,1113
266000.0,0,0,0,0,0,10728,0,8,0,0,0,1,1,4.0,3.0,0,4.0,4.0,0,1939
241500.0,0,0,0,0,0,39104,0,7,0,0,0,0,0,3.0,2.0,0,3.0,4.0,0,1363
290000.0,0,0,0,0,0,11764,0,8,1,0,0,0,0,4.0,3.0,0,4.0,4.0,0,2270
139000.0,0,0,0,0,0,9600,0,6,0,0,0,0,0,3.0,1.0,0,3.0,3.0,0,1632
124500.0,0,0,0,0,0,8314,0,5,0,0,0,0,0,3.0,1.0,0,3.0,3.0,0,816
205000.0,0,0,0,0,0,7264,0,7,0,0,0,0,0,4.0,2.0,0,5.0,3.0,0,1548
201000.0,0,0,0,0,0,9196,0,7,0,0,0,0,0,4.0,2.0,0,4.0,5.0,0,1560
141000.0,0,0,0,0,0,19138,0,4,0,0,0,0,0,3.0,2.0,0,3.0,3.0,0,864
415298.0,0,0,0,0,0,14450,0,9,0,1,0,1,1,5.0,3.0,1,5.0,5.0,0,2121
192000.0,0,0,0,0,0,10005,0,7,0,0,0,0,0,3.0,2.0,0,3.0,4.0,0,2022
228500.0,0,0,0,0,0,11287,0,7,0,0,0,0,0,4.0,2.0,0,4.0,4.0,0,1982
185000.0,0,0,0,0,0,7200,0,6,0,0,0,1,1,4.0,2.0,0,4.0,4.0,0,1262
207500.0,0,0,0,0,0,5063,0,7,0,1,0,0,0,4.0,2.0,0,4.0,4.0,0,1314
244600.0,0,0,0,0,0,9612,0,8,0,0,0,1,1,4.0,3.0,0,4.0,4.0,0,1468
179200.0,0,0,0,0,0,8012,0,6,0,0,0,0,0,4.0,2.0,0,4.0,4.0,0,1575
164700.0,0,0,0,0,0,4251,0,7,0,0,0,1,1,4.0,2.0,0,4.0,4.0,0,1250
159000.0,0,0,0,0,0,9786,0,6,0,0,0,0,0,3.0,2.0,0,4.0,3.0,0,1734
88000.0,0,0,0,0,0,8125,0,4,0,0,0,0,0,3.0,0.0,0,3.0,3.0,0,858
122000.0,0,0,0,0,0,9819,0,5,0,0,0,0,0,3.0,1.0,0,3.0,3.0,0,900
153575.0,0,0,0,0,0,8730,0,6,0,0,0,0,0,3.0,1.0,0,3.0,3.0,0,1396
233230.0,0,0,0,0,0,15611,0,8,0,0,0,1,1,4.0,2.0,0,4.0,4.0,0,1919
135900.0,0,0,0,0,0,5687,0,5,0,0,0,0,0,3.0,0.0,0,2.0,3.0,0,1716
131000.0,0,0,0,0,0,11409,0,5,0,0,0,0,0,3.0,1.0,0,3.0,3.0,0,1716
235000.0,0,0,0,0,0,16659,0,7,0,0,0,0,0,3.0,2.0,0,4.0,3.0,0,2263
167000.0,0,0,0,0,0,9600,0,6,0,0,0,0,0,3.0,2.0,0,3.0,3.0,0,1644
142500.0,0,0,0,0,0,7937,0,6,0,0,0,0,0,3.0,2.0,0,3.0,3.0,0,1003
152000.0,0,0,0,0,0,13710,0,5,0,0,0,0,0,3.0,1.0,0,3.0,3.0,0,1558
239000.0,0,0,0,0,0,7399,0,7,0,0,0,0,0,4.0,2.0,0,4.0,4.0,0,1950
175000.0,0,0,0,0,0,11700,0,6,0,0,0,0,0,4.0,2.0,0,3.0,3.0,0,1743
158500.0,0,0,0,0,0,14000,0,6,0,0,0,0,0,3.0,1.0,0,4.0,3.0,0,1152
157000.0,0,0,0,0,0,15750,0,5,0,0,0,0,0,3.0,1.0,0,3.0,3.0,0,1336
267000.0,0,0,0,0,0,16226,0,8,0,0,0,0,0,4.0,2.0,0,4.0,4.0,0,2452
205000.0,0,0,0,0,0,13704,0,7,0,0,0,0,0,4.0,3.0,0,4.0,4.0,0,1541
149900.0,0,0,0,0,0,9800,0,5,0,0,0,0,0,3.0,2.0,0,3.0,3.0,0,894
295000.0,0,0,0,0,0,18386,0,7,0,0,0,0,0,3.0,3.0,1,4.0,3.0,0,3493
305900.0,0,0,0,0,0,10386,0,8,0,0,0,0,0,4.0,3.0,1,4.0,4.0,0,2000
225000.0,0,0,0,0,0,13474,0,7,0,0,0,0,0,4.0,3.0,0,4.0,4.0,0,2243
89500.0,0,0,0,0,0,7920,0,6,0,0,0,0,0,3.0,0.0,0,2.0,3.0,0,1406
82500.0,0,0,0,0,0,12342,0,4,0,0,0,0,0,3.0,2.0,0,3.0,3.0,0,861
360000.0,0,0,0,0,0,12378,0,9,0,1,0,0,0,4.0,3.0,0,5.0,5.0,0,1944
165600.0,0,0,0,0,0,7685,0,6,0,0,0,0,0,3.0,2.0,0,4.0,4.0,0,1501
132000.0,0,0,0,0,0,8000,0,6,0,0,0,0,0,3.0,1.0,0,3.0,3.0,0,972
119900.0,0,0,0,0,0,7800,0,5,0,0,0,0,0,3.0,2.0,0,3.0,4.0,0,1118
375000.0,0,0,0,0,0,215245,0,7,0,0,0,0,0,3.0,2.0,0,3.0,4.0,0,2036
178000.0,0,0,0,0,0,9600,0,7,0,0,0,0,0,3.0,2.0,0,5.0,3.0,0,1641
188500.0,0,0,0,0,0,7795,0,7,0,0,0,0,0,4.0,2.0,0,4.0,4.0,0,1432
260000.0,0,0,0,0,0,13005,0,7,0,0,0,0,0,4.0,2.0,1,5.0,4.0,0,2353
270000.0,0,0,0,0,0,9000,0,8,0,0,0,0,0,4.0,3.0,0,4.0,4.0,0,1959
260000.0,0,0,0,0,0,9900,0,7,1,0,0,0,0,4.0,3.0,0,4.0,4.0,0,2646
187500.0,0,0,0,0,0,14115,0,7,0,0,0,0,0,3.0,2.0,0,3.0,4.0,0,1472
342643.0,0,0,0,0,0,16259,0,9,0,1,0,1,1,3.0,3.0,0,4.0,5.0,0,2596
354000.0,0,0,0,0,0,12099,0,8,0,1,0,0,0,4.0,3.0,0,4.0,5.0,0,2468
301000.0,0,0,0,0,0,10380,0,7,0,0,0,0,0,4.0,2.0,0,4.0,3.0,0,2730
126175.0,0,0,0,0,0,5820,0,3,0,0,0,0,0,3.0,1.0,0,3.0,3.0,0,1163
242000.0,0,0,0,0,0,11275,0,7,0,0,0,0,0,4.0,2.0,0,4.0,4.0,0,2978
87000.0,0,0,0,0,0,5000,0,5,0,0,0,0,0,3.0,2.0,0,3.0,3.0,0,803
324000.0,1,0,0,0,0,10846,1,8,0,0,0,0,0,4.0,2.0,0,4.0,4.0,0,1719
145250.0,0,0,0,0,0,11600,0,6,0,0,0,0,0,3.0,1.0,0,3.0,3.0,0,1383
214500.0,0,0,0,0,0,11888,0,6,0,0,0,0,0,3.0,2.0,0,4.0,3.0,0,2134
78000.0,0,0,0,0,0,6402,0,5,0,0,0,0,0,3.0,1.0,0,3.0,3.0,0,1192
119000.0,0,0,0,0,0,10624,0,5,0,0,0,0,0,3.0,1.0,0,3.0,3.0,0,1728
139000.0,0,0,0,0,0,8176,0,5,0,0,0,0,0,3.0,1.0,0,3.0,3.0,0,1056
284000.0,0,0,0,0,0,10655,0,8,0,1,0,0,0,4.0,3.0,0,4.0,4.0,0,1629
207000.0,0,0,0,0,0,8198,0,7,0,1,0,0,0,4.0,2.0,0,4.0,4.0,0,1358
192000.0,0,0,0,0,0,9042,0,6,0,0,0,0,0,3.0,2.0,0,3.0,4.0,0,1638
228950.0,0,0,0,0,0,164660,0,5,0,0,0,0,0,3.0,2.0,0,3.0,3.0,0,1786
377426.0,0,0,0,0,0,14157,0,9,0,0,0,0,0,4.0,3.0,0,4.0,5.0,0,1922
214000.0,0,0,0,0,0,9135,0,7,0,0,0,0,0,4.0,2.0,0,4.0,4.0,0,1536
202500.0,0,0,0,0,0,14145,0,7,0,0,0,0,0,4.0,2.0,0,4.0,4.0,0,1621
155000.0,0,0,0,0,0,12400,0,6,0,0,0,0,0,3.0,1.0,0,3.0,3.0,0,1215
202900.0,0,0,0,0,0,14191,0,8,0,0,0,0,0,4.0,2.0,0,4.0,4.0,0,1908
82000.0,0,0,0,0,0,8400,0,4,0,0,0,0,0,2.0,1.0,0,3.0,3.0,0,841
87500.0,0,0,0,0,0,8544,0,3,0,0,0,0,0,3.0,2.0,0,3.0,0.0,0,1040
266000.0,0,0,0,0,0,8849,0,9,0,1,0,0,0,5.0,2.0,0,5.0,5.0,0,1684
85000.0,0,0,0,0,0,2592,0,5,0,0,0,0,0,3.0,1.0,1,3.0,4.0,0,1112
140200.0,0,0,0,0,0,6435,0,6,0,0,0,0,0,3.0,1.0,0,2.0,3.0,0,1577
151500.0,0,0,0,0,0,12772,0,6,0,0,0,0,0,3.0,1.0,0,3.0,3.0,0,958
157500.0,0,0,0,0,0,17600,0,6,0,0,0,0,0,3.0,2.0,0,3.0,3.0,0,1478
154000.0,0,0,0,0,0,2448,0,7,0,1,0,0,0,4.0,2.0,0,4.0,4.0,0,1626
437154.0,0,0,0,0,0,20431,0,9,0,1,0,1,1,5.0,3.0,1,5.0,5.0,0,2728
318061.0,0,0,0,0,0,7820,0,9,0,1,0,1,1,5.0,2.0,0,5.0,5.0,0,1869
190000.0,0,0,0,0,0,5271,0,7,0,0,0,0,0,3.0,2.0,0,4.0,4.0,0,1453
95000.0,0,0,0,0,0,9084,0,5,0,0,0,0,0,3.0,1.0,0,3.0,3.0,0,1111
105900.0,0,0,0,0,0,8520,0,6,0,0,0,0,0,3.0,2.0,0,3.0,3.0,0,720
140000.0,0,0,0,0,0,8400,0,6,0,0,0,0,0,3.0,1.0,0,3.0,3.0,0,1595
177500.0,0,0,0,0,0,11249,0,6,0,0,0,0,0,4.0,2.0,0,4.0,4.0,0,1200
173000.0,0,0,0,0,0,9248,0,6,0,0,0,0,0,3.0,2.0,0,4.0,4.0,0,1167
134000.0,0,0,0,0,0,4224,0,5,0,0,0,0,0,3.0,2.0,1,3.0,4.0,0,1142
130000.0,0,0,0,0,0,6930,0,5,0,0,0,0,0,3.0,1.0,0,4.0,3.0,0,1352
280000.0,0,0,0,0,0,12011,0,8,1,0,0,0,0,4.0,2.0,0,4.0,4.0,0,1924
156000.0,0,0,0,0,0,7540,0,6,0,0,0,0,0,3.0,2.0,0,3.0,4.0,0,912
145000.0,0,0,0,0,0,9144,0,5,0,0,0,0,0,3.0,1.0,0,3.0,3.0,0,1505
198500.0,0,0,0,0,0,7301,0,7,0,0,0,0,0,4.0,2.0,0,4.0,0.0,0,1922
118000.0,0,0,0,0,0,1680,0,6,0,0,0,0,0,3.0,1.0,0,4.0,3.0,0,987
190000.0,0,0,0,0,0,18800,0,6,0,0,0,0,0,3.0,2.0,0,3.0,4.0,0,1574
147000.0,0,0,0,0,0,10690,0,5,0,0,0,0,0,3.0,1.0,0,3.0,3.0,0,1344
159000.0,0,0,0,0,0,9500,0,6,0,0,0,0,0,3.0,2.0,0,3.0,4.0,0,1394
165000.0,0,0,0,0,0,9150,0,6,0,0,0,0,0,3.0,1.0,0,3.0,4.0,0,1431
132000.0,0,0,0,0,0,7800,0,5,0,0,0,0,0,3.0,1.0,0,3.0,3.0,0,1268
162000.0,0,0,0,0,0,9830,0,5,0,0,0,0,0,3.0,2.0,0,4.0,3.0,0,1287
172400.0,0,0,0,0,0,8121,0,6,0,0,0,0,0,3.0,2.0,0,3.0,4.0,0,1664
134432.0,0,0,0,0,0,17120,0,4,0,0,0,0,0,3.0,2.0,0,3.0,0.0,0,1588
125000.0,0,0,0,0,0,7175,0,6,0,0,0,0,0,3.0,1.0,0,3.0,4.0,0,752
123000.0,0,0,0,0,0,10634,0,5,0,0,0,0,0,3.0,1.0,0,3.0,3.0,0,1319
219500.0,0,0,0,0,0,8200,0,7,0,0,0,0,0,4.0,2.0,0,4.0,4.0,0,1928
61000.0,0,0,0,0,0,10020,0,1,0,0,0,0,0,2.0,0.0,0,2.0,2.0,0,904
148000.0,0,0,0,0,0,8846,0,5,0,0,0,0,0,4.0,2.0,0,3.0,4.0,0,914
340000.0,0,0,0,0,0,11143,0,8,0,0,0,0,0,4.0,2.0,1,4.0,4.0,0,2466
394432.0,0,0,0,0,0,11394,0,9,0,0,0,1,1,4.0,3.0,0,5.0,5.0,0,1856
179000.0,0,0,0,0,0,8123,0,6,0,0,0,0,0,3.0,2.0,0,3.0,4.0,0,1800
127000.0,0,0,0,0,0,5000,0,5,0,0,0,0,0,3.0,1.0,0,4.0,3.0,0,1691
187750.0,0,0,0,0,0,7200,0,7,0,0,0,1,1,4.0,2.0,0,4.0,4.0,0,1301
213500.0,0,0,0,0,0,9245,0,7,0,0,0,0,0,4.0,2.0,0,4.0,4.0,0,1797
76000.0,0,0,0,0,0,9000,0,6,0,0,0,0,0,3.0,2.0,0,3.0,2.0,0,784
240000.0,0,0,0,0,0,53107,0,6,0,0,0,0,0,4.0,2.0,0,4.0,4.0,0,1953
192000.0,0,0,0,0,0,3182,0,8,0,0,0,0,0,4.0,2.0,0,4.0,4.0,0,1269
81000.0,0,0,0,0,0,8410,0,5,0,0,0,0,0,3.0,0.0,0,3.0,3.0,0,1184
125000.0,0,0,0,0,0,7200,0,6,0,0,0,0,0,3.0,1.0,0,3.0,3.0,0,1125
191000.0,0,0,0,0,0,9382,0,7,0,0,0,0,0,4.0,2.0,0,4.0,4.0,0,1479
426000.0,0,0,0,0,0,12474,0,10,0,1,0,1,1,5.0,3.0,0,5.0,5.0,0,2332
119000.0,0,0,0,0,0,8405,0,5,0,0,0,0,0,3.0,1.0,0,3.0,3.0,0,1367
215000.0,0,0,0,0,0,12209,0,6,0,0,0,0,0,3.0,2.0,0,4.0,5.0,0,1961
106500.0,0,0,0,0,0,8339,0,5,0,0,0,0,0,3.0,1.0,0,3.0,0.0,0,882
100000.0,0,0,0,0,0,7446,0,4,0,0,0,0,0,3.0,0.0,0,3.0,3.0,0,788
109000.0,0,0,0,0,0,10134,0,5,0,0,0,0,0,3.0,1.0,0,3.0,3.0,0,1034
129000.0,0,0,0,0,0,9571,0,5,0,0,0,0,0,3.0,1.0,0,3.0,3.0,0,1144
123000.0,0,0,0,0,0,7200,0,5,0,0,0,0,0,3.0,2.0,0,3.0,3.0,0,894
169500.0,0,0,0,0,0,7590,0,5,0,0,0,0,0,3.0,1.0,0,3.0,3.0,0,1812
67000.0,0,0,0,0,0,8967,0,5,0,0,0,0,0,3.0,1.0,0,3.0,2.0,0,1077
241000.0,0,0,0,0,0,8125,0,7,0,0,0,0,0,4.0,2.0,1,4.0,4.0,0,1550
245500.0,0,0,0,0,0,14963,1,8,0,0,0,0,0,4.0,2.0,0,5.0,4.0,0,1288
164990.0,0,0,0,0,0,8767,0,7,0,0,0,1,1,4.0,2.0,0,4.0,4.0,0,1310
108000.0,0,0,0,0,0,10200,0,5,0,0,0,0,0,3.0,1.0,0,3.0,3.0,0,672
258000.0,0,0,0,0,0,12090,0,8,1,0,0,0,0,4.0,2.0,0,4.0,4.0,0,2263
168000.0,0,0,0,0,0,10364,0,6,0,0,0,0,0,3.0,2.0,0,3.0,4.0,0,1572
150000.0,0,0,0,0,0,9991,0,4,0,0,0,0,0,3.0,2.0,0,3.0,3.0,0,1620
115000.0,0,0,0,0,0,10480,0,6,0,0,0,0,0,3.0,1.0,0,3.0,3.0,0,1639
177000.0,0,0,0,0,0,15576,0,6,0,0,0,0,0,3.0,1.0,0,3.0,4.0,0,1680
280000.0,0,0,0,0,0,14154,0,7,0,1,0,1,1,4.0,3.0,0,4.0,5.0,0,2172
339750.0,0,0,0,0,0,10800,0,8,0,0,0,1,1,4.0,3.0,0,5.0,5.0,0,2078
60000.0,0,0,0,0,0,9571,0,5,0,0,0,0,0,3.0,1.0,0,3.0,3.0,0,1276
145000.0,0,0,0,0,0,34650,0,5,0,0,0,0,0,3.0,2.0,0,3.0,3.0,0,1056
222000.0,0,0,0,0,0,4403,0,7,0,0,0,1,1,5.0,2.0,0,4.0,5.0,0,1478
115000.0,0,0,0,0,0,8960,0,5,0,0,0,0,0,3.0,2.0,0,3.0,3.0,0,1028
228000.0,0,0,0,0,0,11228,0,7,0,0,0,0,0,4.0,3.0,0,4.0,4.0,0,2097
181134.0,0,0,0,0,0,8899,0,7,0,0,0,1,1,4.0,2.0,0,4.0,4.0,0,1340
149500.0,0,0,0,0,0,7844,0,6,0,0,0,0,0,3.0,2.0,0,3.0,3.0,0,1400
239000.0,0,0,0,0,0,22420,0,6,0,0,0,0,0,3.0,3.0,0,3.0,4.0,0,2624
126000.0,0,0,0,0,0,8160,0,5,0,0,0,0,0,3.0,1.0,0,3.0,3.0,0,1134
142000.0,0,0,0,0,0,8450,0,5,0,0,0,0,0,3.0,1.0,0,3.0,3.0,0,1056
206300.0,0,0,0,0,1,7060,0,7,0,0,0,0,0,3.0,4.0,0,3.0,4.0,0,1344
215000.0,0,0,0,0,0,16635,0,6,0,0,0,0,0,4.0,2.0,1,4.0,4.0,0,1602
113000.0,0,0,0,0,0,21750,0,5,0,0,0,0,0,3.0,2.0,0,3.0,3.0,0,988
315000.0,0,0,0,0,0,9200,0,8,1,0,0,0,0,4.0,3.0,0,4.0,4.0,0,2630
139000.0,0,0,0,0,0,9000,0,6,0,0,0,0,0,3.0,1.0,0,3.0,4.0,0,1196
135000.0,0,0,0,0,0,3378,0,7,0,0,0,0,0,3.0,1.0,0,3.0,3.0,0,1389
275000.0,0,0,0,0,0,12800,0,7,0,0,0,0,0,4.0,2.0,0,4.0,4.0,0,1644
109008.0,0,0,0,0,0,8593,0,4,0,0,0,0,0,3.0,1.0,0,3.0,3.0,0,907
195400.0,0,0,0,0,0,6762,0,7,0,0,0,1,1,4.0,2.0,0,4.0,4.0,0,1208
175000.0,0,0,0,0,0,11457,0,6,0,0,0,0,0,3.0,2.0,0,4.0,4.0,0,1412
85400.0,0,0,0,0,0,1680,0,6,0,0,0,0,0,3.0,1.0,0,3.0,3.0,0,987
79900.0,0,0,0,0,0,5586,0,6,0,0,0,0,0,3.0,0.0,0,3.0,3.0,0,1198
122500.0,0,0,0,0,0,1920,0,5,0,0,0,0,0,3.0,2.0,0,3.0,3.0,0,1365
181000.0,0,0,0,0,0,10839,0,6,0,0,0,0,0,3.0,2.0,0,3.0,4.0,0,1604
81000.0,0,0,0,0,0,1890,0,4,0,0,0,0,0,3.0,0.0,1,3.0,4.0,0,630
212000.0,0,0,0,0,0,10667,0,7,0,0,0,0,0,4.0,2.0,0,4.0,4.0,0,1661
116000.0,0,0,0,0,0,4400,0,6,0,0,0,0,0,3.0,2.0,0,3.0,2.0,0,1118
119000.0,0,0,0,0,0,6000,0,6,0,0,0,0,0,4.0,1.0,0,3.0,3.0,0,904
90350.0,0,0,0,0,0,4280,0,5,0,0,0,0,0,3.0,1.0,0,4.0,3.0,0,694
110000.0,0,0,0,0,0,12354,0,6,0,0,0,0,0,3.0,2.0,0,4.0,3.0,0,1196
555000.0,0,0,0,0,0,15431,0,10,0,1,0,0,0,5.0,3.0,0,5.0,5.0,0,2402
118000.0,0,0,0,0,0,12108,0,4,0,0,0,0,0,3.0,0.0,0,2.0,3.0,0,1440
162900.0,0,0,0,0,0,6240,0,5,0,0,0,0,0,3.0,2.0,0,3.0,3.0,0,1573
172500.0,0,0,0,0,0,3922,0,7,0,0,0,1,1,4.0,3.0,0,4.0,5.0,0,1258
210000.0,0,0,0,0,0,8750,0,7,0,0,0,0,0,4.0,2.0,0,4.0,4.0,0,1908
127500.0,0,0,0,0,0,9855,0,6,0,0,0,0,0,3.0,2.0,0,3.0,3.0,0,1689
190000.0,0,0,0,0,0,16492,0,6,0,0,0,0,0,4.0,2.0,0,4.0,3.0,0,1888
199900.0,0,0,0,0,0,11214,0,7,0,0,0,0,0,4.0,2.0,0,4.0,4.0,0,1886
119500.0,0,0,0,0,0,8600,0,6,0,0,0,0,0,3.0,1.0,0,3.0,3.0,0,1376
120000.0,0,0,0,0,0,6000,0,3,0,0,0,0,0,3.0,1.0,0,3.0,3.0,0,1183
110000.0,0,0,0,0,0,5684,0,6,0,0,0,0,0,3.0,1.0,0,4.0,3.0,0,813
280000.0,0,0,0,0,0,70761,0,7,0,0,0,0,0,3.0,2.0,0,4.0,4.0,0,1533
204000.0,0,0,0,0,0,9303,0,6,0,0,0,0,0,4.0,2.0,0,3.0,5.0,0,1756
210000.0,0,0,0,0,0,9000,0,8,0,0,0,0,0,4.0,2.0,0,4.0,4.0,0,1590
188000.0,0,0,0,0,0,9297,0,5,0,0,0,0,0,3.0,2.0,0,3.0,3.0,0,1728
175500.0,0,0,0,0,0,9600,0,7,0,0,0,0,0,3.0,2.0,0,3.0,3.0,0,1242
98000.0,0,0,0,0,0,4571,0,5,0,0,0,0,0,3.0,3.0,0,3.0,3.0,0,1344
256000.0,0,0,0,0,0,53227,0,4,0,0,0,0,0,3.0,2.0,0,4.0,4.0,0,1663
161000.0,0,0,0,0,0,5100,0,8,0,0,0,0,0,3.0,1.0,0,4.0,3.0,0,1666
110000.0,0,0,0,0,0,7015,0,5,0,0,0,0,0,3.0,1.0,0,4.0,3.0,0,1203
263435.0,0,0,0,0,0,8004,0,8,0,0,0,1,1,4.0,2.0,0,3.0,4.0,0,1935
155000.0,0,0,0,0,0,7200,0,7,0,0,0,0,0,4.0,2.0,0,4.0,4.0,0,1135
62383.0,0,0,0,0,0,8281,0,5,0,0,0,0,0,3.0,1.0,0,3.0,3.0,0,864
188700.0,0,0,0,0,0,11988,0,6,0,0,0,0,0,3.0,1.0,0,3.0,3.0,0,1660
124000.0,0,0,0,0,0,8430,0,5,0,0,0,0,0,3.0,0.0,0,3.0,4.0,0,1040
178740.0,0,0,0,0,0,3072,0,7,0,0,0,0,0,4.0,2.0,0,4.0,4.0,0,1414
167000.0,0,0,0,0,0,10628,0,7,0,0,0,0,0,3.0,2.0,0,3.0,3.0,0,1277
146500.0,0,0,0,0,0,9480,0,5,0,0,0,0,0,3.0,1.0,0,4.0,3.0,0,1644
250000.0,0,0,0,0,0,11428,0,8,0,1,0,0,0,4.0,3.0,0,4.0,4.0,0,1634
187000.0,0,0,0,0,0,9291,0,6,0,0,0,0,0,4.0,2.0,0,4.0,4.0,0,1710
212000.0,0,0,0,0,0,6820,0,8,0,0,0,0,0,4.0,2.0,0,4.0,4.0,0,1502
190000.0,0,0,0,0,0,11952,0,7,0,0,0,0,0,3.0,2.0,0,3.0,4.0,0,1969
148000.0,0,0,0,0,0,3675,0,6,0,0,0,0,0,3.0,2.0,0,3.0,4.0,0,1072
440000.0,0,0,0,0,0,14977,0,8,0,1,0,1,1,4.0,3.0,0,4.0,5.0,0,1976
251000.0,0,0,0,0,0,5330,0,8,0,0,0,0,0,4.0,2.0,1,5.0,4.0,0,1652
132500.0,0,0,0,0,0,8480,0,5,0,0,0,0,0,3.0,2.0,0,3.0,3.0,0,970
208900.0,0,0,0,0,0,13125,0,6,0,0,0,0,0,3.0,2.0,0,4.0,4.0,0,1493
380000.0,0,0,0,0,0,13693,0,9,0,1,0,0,0,5.0,3.0,0,5.0,4.0,0,2643
297000.0,0,0,0,0,0,10637,0,8,0,0,0,0,0,4.0,3.0,0,4.0,5.0,0,1718
89471.0,0,0,0,0,1,5925,0,4,0,0,0,0,0,3.0,2.0,0,3.0,2.0,0,1131
326000.0,0,0,0,0,0,16033,0,9,0,1,0,0,0,4.0,3.0,0,4.0,5.0,0,1850
374000.0,0,0,0,0,0,11846,0,9,0,1,0,0,0,4.0,3.0,0,5.0,5.0,0,1792
155000.0,0,0,0,0,0,2500,0,7,0,0,0,0,0,4.0,1.0,0,5.0,3.0,0,1826
164000.0,0,0,0,0,0,4500,0,6,0,0,0,0,0,3.0,2.0,0,3.0,5.0,0,1216
132500.0,0,0,0,0,0,7758,0,5,0,0,0,0,0,3.0,1.0,0,4.0,3.0,0,999
147000.0,0,0,0,0,0,9600,0,5,0,0,0,0,0,4.0,1.0,0,4.0,3.0,0,1113
156000.0,0,0,0,0,0,10289,0,5,0,0,0,0,0,3.0,2.0,0,3.0,3.0,0,1073
175000.0,0,0,0,0,0,12243,0,5,0,0,0,0,0,3.0,2.0,0,3.0,4.0,0,1484
160000.0,0,0,0,0,0,10800,0,5,0,0,0,0,0,3.0,2.0,0,3.0,3.0,0,2414
86000.0,0,0,0,0,0,1526,0,4,0,0,0,0,0,3.0,1.0,1,4.0,4.0,0,630
115000.0,0,0,0,0,0,2665,0,5,0,0,0,0,0,3.0,1.0,1,3.0,4.0,0,1304
133000.0,0,0,0,0,0,9490,0,6,0,0,0,0,0,3.0,1.0,0,2.0,3.0,0,1578
172785.0,0,0,0,0,0,15578,0,6,0,0,0,1,1,4.0,2.0,0,3.0,4.0,0,1456
155000.0,0,0,0,0,0,7931,0,5,0,0,0,0,0,3.0,1.0,0,3.0,3.0,0,1269
91300.0,0,0,0,0,0,5784,0,5,0,0,0,0,0,3.0,1.0,0,3.0,2.0,0,886
34900.0,0,0,0,0,0,7879,0,4,0,0,0,0,0,3.0,0.0,0,3.0,3.0,0,720
430000.0,0,0,0,0,0,12692,0,8,1,0,0,0,0,4.0,2.0,0,4.0,4.0,0,3228
184000.0,0,0,0,0,0,9120,0,7,0,0,0,0,0,3.0,1.0,0,3.0,3.0,0,1820
130000.0,0,0,0,0,0,7800,0,5,0,0,0,0,0,3.0,1.0,0,4.0,3.0,0,899
120000.0,0,0,0,0,0,7535,0,5,0,0,0,0,0,3.0,1.0,0,3.0,3.0,0,912
113000.0,0,0,0,0,0,1890,0,6,0,0,0,0,0,3.0,1.0,0,3.0,3.0,0,1218
226700.0,0,0,0,0,0,9803,0,7,0,0,0,0,0,4.0,2.0,0,4.0,4.0,0,1768
140000.0,0,0,0,0,0,9170,0,5,0,0,0,0,0,3.0,2.0,0,3.0,3.0,0,1214
289000.0,0,0,0,0,0,15602,0,7,0,0,0,0,0,3.0,2.0,0,3.0,3.0,0,1801
147000.0,0,0,0,0,0,2308,0,6,0,0,0,0,0,3.0,2.0,0,3.0,3.0,0,1322
124500.0,0,0,0,0,0,7596,0,5,0,0,0,0,0,3.0,2.0,0,3.0,3.0,0,1960
215000.0,0,0,0,0,0,9554,0,8,0,0,0,0,0,4.0,2.0,0,4.0,4.0,0,1911
208300.0,0,0,0,0,0,7862,0,6,0,0,0,1,1,4.0,2.0,0,4.0,4.0,0,1218
161000.0,0,0,0,0,0,9600,0,7,0,0,0,0,0,3.0,2.0,0,4.0,3.0,0,1378
124500.0,0,0,0,0,0,9600,0,5,0,0,0,0,0,3.0,1.0,0,3.0,3.0,0,1041
164900.0,0,0,0,0,0,14559,0,5,0,0,0,0,0,4.0,1.0,0,3.0,3.0,0,1363
202665.0,0,0,0,0,0,6792,0,7,0,1,0,1,1,4.0,2.0,0,4.0,4.0,0,1368
129900.0,0,0,0,0,0,9100,0,5,0,0,0,0,0,3.0,2.0,0,3.0,3.0,0,864
134000.0,0,0,0,0,0,9187,0,6,0,0,0,0,0,3.0,2.0,0,3.0,3.0,0,1080
96500.0,0,0,0,0,0,10594,0,5,0,0,1,0,0,3.0,1.0,0,3.0,3.0,0,789
402861.0,0,0,0,0,0,12220,0,10,0,1,0,1,1,5.0,3.0,1,5.0,5.0,0,2020
158000.0,0,0,0,0,0,10448,0,6,0,0,0,0,0,3.0,2.0,0,3.0,3.0,0,2119
265000.0,0,0,0,0,0,10208,0,7,1,0,0,0,0,4.0,3.0,0,4.0,4.0,0,2344
211000.0,0,0,0,0,0,9531,0,6,0,0,0,0,0,3.0,2.0,0,3.0,4.0,0,1796
234000.0,0,0,0,0,0,10918,0,7,0,0,0,0,0,4.0,1.0,0,4.0,4.0,0,2080
106250.0,0,0,0,0,0,10800,0,4,0,0,0,0,0,3.0,0.0,0,3.0,0.0,0,1294
150000.0,0,0,0,0,0,11988,0,6,0,0,0,0,0,3.0,1.0,0,3.0,3.0,0,1244
159000.0,0,0,0,0,0,5000,0,6,0,0,0,0,0,3.0,2.0,1,3.0,3.0,0,1664
184750.0,0,0,0,0,0,40094,0,10,0,0,0,1,1,5.0,3.0,1,5.0,5.0,1,4676
315750.0,0,0,0,0,0,11787,0,7,1,0,0,0,0,4.0,3.0,0,4.0,4.0,0,2398
176000.0,0,0,0,0,0,7500,0,7,0,0,0,0,0,4.0,2.0,0,4.0,4.0,0,1266
132000.0,0,0,0,0,0,13300,0,5,0,0,0,0,0,3.0,1.0,0,3.0,4.0,0,928
446261.0,0,0,0,0,0,14948,0,9,0,1,0,1,1,5.0,3.0,0,5.0,5.0,0,2713
86000.0,0,0,0,0,0,9098,0,4,0,0,0,0,0,3.0,0.0,0,3.0,3.0,0,605
200624.0,0,0,0,0,1,32668,0,6,0,0,0,0,0,4.0,2.0,0,3.0,3.0,0,2515
175000.0,0,0,0,0,0,10200,0,6,0,0,0,0,0,4.0,2.0,0,4.0,4.0,0,1509
128000.0,0,0,0,0,0,6155,0,6,0,0,0,0,0,3.0,2.0,0,3.0,2.0,0,1362
107500.0,0,0,0,0,0,7200,0,5,0,0,0,0,0,3.0,1.0,0,3.0,0.0,0,827
39300.0,0,0,0,0,0,5000,0,1,0,0,0,0,0,2.0,0.0,0,2.0,0.0,0,334
178000.0,0,0,0,0,0,9056,0,8,0,0,0,0,0,4.0,2.0,0,4.0,5.0,0,1414
107500.0,0,0,0,0,0,7000,0,5,0,0,0,0,0,3.0,0.0,0,3.0,4.0,0,1347
188000.0,0,0,0,0,0,8924,0,7,0,0,0,0,0,3.0,2.0,0,4.0,4.0,0,1724
111250.0,0,0,0,0,0,12735,0,4,0,0,0,0,0,3.0,2.0,0,3.0,3.0,0,864
158000.0,0,0,0,0,0,11553,0,5,0,0,0,0,0,3.0,1.0,0,3.0,3.0,0,1159
272000.0,0,0,0,0,0,11423,0,8,0,0,0,0,0,4.0,2.0,0,4.0,4.0,0,1601
315000.0,0,0,0,0,0,14601,0,9,0,0,0,0,0,5.0,3.0,0,5.0,5.0,0,1838
248000.0,0,0,0,0,0,11000,0,8,1,0,0,0,0,4.0,3.0,0,4.0,4.0,0,2285
213250.0,0,0,0,0,0,10140,0,7,0,0,0,0,0,4.0,2.0,0,4.0,5.0,0,1680
133000.0,0,0,0,0,0,4058,0,7,0,0,0,0,0,3.0,1.0,0,3.0,4.0,0,767
179665.0,0,0,0,0,0,17104,0,7,0,0,0,1,1,4.0,2.0,0,4.0,4.0,0,1496
229000.0,0,0,0,0,0,13837,0,7,0,0,0,0,0,4.0,3.0,0,4.0,4.0,0,2183
210000.0,0,0,0,0,0,8737,0,6,0,0,0,0,0,3.0,2.0,0,3.0,4.0,0,1635
129500.0,0,0,0,0,0,7244,0,5,0,0,0,0,0,3.0,2.0,0,3.0,4.0,0,768
125000.0,0,0,0,0,0,8235,0,5,0,0,0,0,0,3.0,2.0,0,3.0,3.0,0,825
263000.0,0,0,0,0,0,9375,0,7,0,0,0,0,0,4.0,2.0,0,4.0,4.0,0,2094
140000.0,0,0,0,0,0,4043,0,6,0,0,0,0,0,3.0,2.0,0,3.0,4.0,0,1069
112500.0,0,0,0,0,0,6000,0,5,0,0,0,0,0,3.0,1.0,0,3.0,3.0,0,928
255500.0,0,0,0,0,0,11146,0,8,0,1,0,0,0,4.0,3.0,0,4.0,5.0,0,1717
108000.0,0,0,0,0,0,8777,0,4,0,0,0,0,0,3.0,2.0,0,4.0,0.0,0,1126
284000.0,0,0,0,0,0,10625,0,7,0,1,0,0,0,4.0,3.0,0,4.0,4.0,0,2046
113000.0,0,0,0,0,0,6380,0,5,0,0,0,0,0,3.0,1.0,0,3.0,3.0,0,1048
141000.0,0,0,0,0,0,14850,0,5,0,0,0,0,0,3.0,1.0,0,3.0,3.0,0,1092
108000.0,0,0,0,0,0,11040,0,4,0,0,0,0,0,3.0,1.0,0,3.0,3.0,0,1336
175000.0,0,0,0,0,0,21872,0,7,0,0,0,0,0,3.0,2.0,0,3.0,4.0,0,1446
234000.0,0,0,0,0,0,3196,0,7,0,0,0,0,0,4.0,2.0,0,4.0,4.0,0,1557
121500.0,0,0,0,0,0,11341,0,5,0,0,0,0,0,3.0,2.0,0,3.0,4.0,0,1392
170000.0,0,0,0,0,0,10010,0,5,0,0,0,0,0,3.0,2.0,0,3.0,4.0,0,1389
108000.0,0,0,0,0,0,13907,0,5,0,0,0,0,0,3.0,0.0,0,3.0,3.0,0,996
185000.0,0,0,0,0,0,21780,0,6,0,0,0,0,0,3.0,2.0,0,3.0,4.0,0,1674
268000.0,0,0,0,0,0,13346,0,7,1,0,0,0,0,4.0,2.0,0,4.0,4.0,0,2295
128000.0,0,0,0,0,0,6858,0,6,0,0,0,0,0,3.0,1.0,0,2.0,4.0,0,1647
325000.0,0,0,0,0,0,11198,0,9,0,0,0,0,0,4.0,3.0,0,5.0,4.0,0,2504
214000.0,0,0,0,0,0,10171,0,7,0,1,0,0,0,4.0,2.0,0,4.0,4.0,0,1535
316600.0,0,0,0,0,0,12327,0,8,0,0,0,0,0,4.0,2.0,0,4.0,4.0,0,2132
135960.0,0,0,0,0,0,7032,0,5,0,0,0,0,0,3.0,2.0,0,3.0,4.0,0,943
142600.0,0,0,0,0,0,13101,0,5,0,0,0,0,0,3.0,2.0,0,3.0,3.0,0,1728
120000.0,0,0,0,0,0,7332,0,6,0,0,0,0,0,3.0,1.0,0,4.0,3.0,0,864
224500.0,0,0,0,0,0,13159,0,7,0,0,0,1,1,3.0,2.0,0,4.0,5.0,0,1692
170000.0,0,0,0,0,0,9967,0,7,0,0,0,0,0,3.0,2.0,0,3.0,4.0,0,1430
139000.0,0,0,0,0,0,10500,0,5,0,0,0,0,0,3.0,1.0,0,3.0,3.0,0,1109
118500.0,0,0,0,0,0,8480,0,5,0,0,0,0,0,3.0,1.0,0,3.0,3.0,0,1216
145000.0,0,0,0,0,0,6292,0,7,0,0,0,0,0,3.0,1.0,0,3.0,3.0,0,1477
164500.0,0,0,0,0,0,11777,0,5,0,0,0,0,0,3.0,2.0,0,3.0,3.0,0,1320
146000.0,0,0,0,0,0,3604,0,7,0,0,0,0,0,4.0,2.0,0,4.0,4.0,0,1392
131500.0,0,0,0,0,0,12150,0,5,0,0,0,0,0,3.0,1.0,0,3.0,3.0,0,1795
181900.0,0,0,0,0,0,14585,0,6,0,0,0,0,0,3.0,2.0,0,4.0,3.0,0,1429
253293.0,0,0,0,0,0,12704,0,8,0,1,0,1,1,5.0,3.0,0,5.0,5.0,0,2042
118500.0,0,0,0,0,0,11841,0,6,0,0,0,0,0,3.0,0.0,0,3.0,4.0,0,816
325000.0,0,0,0,0,0,13500,0,10,0,0,0,0,0,5.0,2.0,0,4.0,3.0,0,2775
133000.0,0,0,0,0,0,6120,0,4,0,0,0,0,0,3.0,1.0,0,4.0,3.0,0,1573
369900.0,0,0,0,0,0,11443,0,8,0,0,0,1,1,4.0,3.0,0,4.0,5.0,0,2028
130000.0,0,0,0,0,0,10267,0,6,0,0,0,0,0,3.0,1.0,0,2.0,3.0,0,838
137000.0,0,0,0,0,0,8740,0,5,0,0,0,0,0,3.0,2.0,0,3.0,3.0,0,860
143000.0,0,0,0,0,0,25095,0,5,0,0,0,1,0,3.0,1.0,0,5.0,3.0,0,1473
79500.0,0,0,0,0,0,9100,0,5,0,0,0,0,0,3.0,1.0,0,3.0,3.0,0,935
185900.0,0,0,0,0,0,8320,0,7,0,0,0,0,0,4.0,2.0,0,4.0,4.0,0,1582
451950.0,0,0,0,0,0,13478,0,10,0,1,0,0,0,5.0,3.0,1,5.0,5.0,0,2296
138000.0,0,0,0,0,0,6600,0,5,0,0,0,0,0,3.0,2.0,0,3.0,3.0,0,816
140000.0,0,0,0,0,0,4435,0,6,0,0,0,0,0,4.0,2.0,0,4.0,4.0,0,848
110000.0,0,0,0,0,0,7990,0,5,0,0,0,0,0,3.0,1.0,0,3.0,4.0,0,924
319000.0,0,0,0,1,0,11302,0,8,0,0,0,1,1,4.0,3.0,0,4.0,4.0,0,1826
114504.0,0,0,0,0,0,3600,0,6,0,0,0,0,0,3.0,1.0,0,3.0,3.0,0,1368
194201.0,0,0,0,0,0,3922,0,7,0,0,0,1,1,4.0,3.0,0,4.0,5.0,0,1402
217500.0,0,0,0,0,0,12984,0,5,0,0,0,0,0,3.0,2.0,0,4.0,4.0,0,1647
151000.0,0,0,0,0,0,1950,0,6,0,0,0,0,0,3.0,2.0,0,3.0,4.0,0,1556
275000.0,0,0,0,0,0,10927,0,8,0,1,0,0,0,4.0,2.0,0,5.0,4.0,0,1904
141000.0,0,0,0,0,0,9000,0,6,0,0,0,0,0,3.0,1.0,0,4.0,3.0,0,1375
220000.0,0,0,0,0,0,10041,0,8,0,0,0,0,0,4.0,2.0,0,4.0,4.0,0,1915
151000.0,0,0,0,0,0,3182,0,7,0,0,0,0,0,4.0,2.0,0,4.0,4.0,0,1200
221000.0,0,0,0,0,0,12803,0,7,0,0,0,0,0,4.0,2.0,0,4.0,4.0,0,1494
205000.0,0,0,0,0,0,13600,0,7,0,0,0,0,0,3.0,2.0,0,3.0,3.0,0,1986
152000.0,0,0,0,0,0,12464,0,5,0,0,0,0,0,3.0,2.0,0,4.0,4.0,0,1040
225000.0,0,0,0,0,0,7800,0,5,0,0,0,0,0,3.0,1.0,0,5.0,3.0,0,2008
359100.0,0,0,0,0,1,12168,0,8,0,0,0,0,0,3.0,2.0,0,3.0,4.0,0,3194
118500.0,0,0,0,0,0,7943,0,4,0,0,0,0,0,3.0,1.0,0,3.0,3.0,0,1029
313000.0,0,0,0,0,0,11050,0,9,0,0,0,0,0,4.0,3.0,0,5.0,5.0,0,2153
148000.0,0,0,0,0,0,10395,0,6,0,0,0,0,0,3.0,2.0,0,3.0,4.0,0,1032
261500.0,0,0,0,0,0,11885,0,8,0,0,0,0,0,4.0,2.0,0,5.0,4.0,0,1872
147000.0,0,0,0,0,0,8402,0,5,0,0,0,1,1,3.0,0.0,0,3.0,4.0,0,1120
75500.0,0,0,0,0,0,1491,0,4,0,0,0,0,0,3.0,0.0,1,3.0,4.0,0,630
137500.0,0,0,0,0,0,8800,0,6,0,0,0,0,0,3.0,2.0,0,4.0,3.0,0,1054
183200.0,0,0,0,0,0,7861,0,6,0,0,0,0,0,4.0,2.0,0,4.0,4.0,0,1509
105500.0,0,0,0,0,0,7227,0,6,0,0,0,0,0,3.0,2.0,0,4.0,3.0,0,832
314813.0,0,0,0,0,0,11694,0,9,0,1,0,1,1,5.0,3.0,1,4.0,5.0,0,1828
305000.0,0,0,0,0,0,12244,0,8,0,0,0,0,0,4.0,3.0,0,4.0,4.0,0,2262
67000.0,0,0,0,0,0,8248,0,3,0,0,0,0,0,3.0,0.0,0,3.0,3.0,0,864
240000.0,0,0,0,0,0,10800,0,6,0,0,0,0,0,3.0,2.0,0,3.0,3.0,0,2614
135000.0,0,0,0,0,0,7064,0,5,0,0,0,0,0,3.0,2.0,0,3.0,3.0,0,980
168500.0,0,0,0,0,0,2117,0,6,0,0,0,0,0,4.0,2.0,0,4.0,4.0,0,1512
165150.0,0,0,0,0,0,10400,0,6,0,0,0,0,0,3.0,2.0,0,3.0,3.0,0,1790
160000.0,0,0,0,0,0,10000,0,6,0,0,0,0,0,3.0,2.0,0,3.0,3.0,0,1116
139900.0,0,0,0,0,0,12342,0,5,0,0,0,0,0,3.0,1.0,0,3.0,3.0,0,1422
153000.0,0,0,0,0,0,9600,0,6,0,0,0,0,0,3.0,1.0,0,3.0,3.0,0,1520
135000.0,0,0,0,0,0,11606,0,5,0,0,0,0,0,3.0,2.0,0,2.0,4.0,0,2080
168500.0,0,0,0,0,0,9020,0,6,0,0,0,0,0,3.0,2.0,0,3.0,3.0,0,1350
124000.0,0,0,0,0,0,9000,0,5,0,0,0,0,0,3.0,1.0,0,5.0,2.0,0,1750
209500.0,0,0,0,0,0,4590,0,8,0,1,0,0,0,4.0,2.0,0,4.0,4.0,0,1554
82500.0,0,0,0,0,0,11900,0,7,0,0,0,0,0,3.0,2.0,0,3.0,3.0,0,1411
139400.0,0,0,0,0,0,9250,0,5,0,0,0,0,0,3.0,1.0,0,3.0,3.0,0,1056
144000.0,0,0,0,0,0,6979,0,6,0,0,0,0,0,3.0,2.0,0,3.0,3.0,0,1056
200000.0,0,0,0,0,0,10896,0,6,0,0,0,0,0,2.0,0.0,0,2.0,3.0,0,3395
60000.0,0,0,0,0,0,6120,0,2,0,0,1,0,0,2.0,0.0,0,2.0,3.0,0,800
93000.0,0,0,0,0,0,6000,0,5,0,0,0,0,0,3.0,1.0,0,4.0,3.0,0,1387
85000.0,0,0,0,0,0,8777,0,5,0,0,0,0,0,3.0,0.0,0,3.0,2.0,0,796
264561.0,0,0,0,0,0,3982,0,8,0,0,0,1,1,4.0,3.0,0,5.0,4.0,0,1567
274000.0,0,0,0,0,0,12677,0,8,0,1,0,0,0,5.0,2.0,0,5.0,5.0,0,1518
226000.0,0,0,0,0,0,7050,0,7,0,0,0,0,0,4.0,2.0,0,4.0,4.0,0,1929
345000.0,0,0,0,0,0,13860,0,8,0,0,0,0,0,4.0,2.0,0,5.0,4.0,0,2704
152000.0,0,0,0,0,0,10793,0,5,0,0,0,0,0,3.0,2.0,0,3.0,3.0,0,1620
370878.0,0,0,0,0,0,9187,0,9,0,0,0,1,1,5.0,3.0,1,5.0,5.0,0,1766
143250.0,0,0,0,0,0,10530,0,6,0,0,0,0,0,3.0,2.0,0,3.0,3.0,0,981
98300.0,0,0,0,0,0,7200,0,5,0,0,0,0,0,3.0,2.0,0,3.0,0.0,0,1048
155000.0,0,0,0,0,0,10452,0,6,0,0,0,0,0,3.0,2.0,0,3.0,3.0,0,1094
155000.0,0,0,0,0,0,7700,0,6,0,0,0,0,0,3.0,2.0,0,3.0,3.0,0,1839
84500.0,0,0,0,0,0,1936,0,4,0,0,0,0,0,3.0,0.0,1,3.0,4.0,0,630
205950.0,0,0,0,0,0,8125,0,7,0,0,0,0,0,4.0,2.0,1,4.0,4.0,0,1665
108000.0,0,0,0,0,0,9084,0,4,0,0,0,0,0,3.0,1.0,0,3.0,3.0,0,1510
191000.0,0,0,0,0,0,8750,0,7,0,0,0,0,0,4.0,2.0,0,4.0,4.0,0,1716
135000.0,0,0,0,0,0,10320,0,6,0,0,0,0,0,3.0,1.0,0,3.0,3.0,0,1469
350000.0,0,0,0,0,0,10437,0,8,1,0,0,0,0,4.0,3.0,0,4.0,4.0,0,2113
88000.0,0,0,0,0,0,1680,0,6,0,0,0,0,0,3.0,1.0,0,3.0,3.0,0,1092
145500.0,0,0,0,0,0,10007,0,5,0,0,0,0,0,4.0,1.0,0,4.0,3.0,0,1053
149000.0,0,0,0,0,0,7200,0,7,0,0,0,0,0,3.0,1.0,0,3.0,4.0,0,1502
97500.0,0,0,0,0,0,17503,0,6,0,0,0,0,0,3.0,1.0,0,3.0,3.0,0,1458
167000.0,0,0,0,0,0,9937,0,5,0,0,0,0,0,3.0,2.0,0,3.0,3.0,0,1486
197900.0,0,0,0,0,0,12384,0,7,0,0,0,0,0,3.0,2.0,0,3.0,4.0,0,1935
402000.0,0,0,0,0,0,46589,0,8,1,0,0,0,0,4.0,3.0,0,4.0,4.0,0,2448
110000.0,0,0,0,0,0,13560,0,6,0,0,0,0,0,3.0,2.0,0,3.0,2.0,0,1392
137500.0,0,0,0,0,0,10012,0,4,0,0,0,0,0,3.0,2.0,0,3.0,4.0,0,1181
423000.0,0,0,0,0,0,20896,0,8,0,0,0,1,1,4.0,3.0,0,5.0,5.0,0,2097
230500.0,0,0,0,0,0,11194,0,8,0,0,0,0,0,4.0,2.0,0,4.0,4.0,0,1936
129000.0,0,0,0,0,0,18450,0,6,0,0,0,0,0,3.0,2.0,0,3.0,4.0,0,2380
193500.0,0,0,0,0,0,8125,0,6,0,0,0,0,0,3.0,2.0,0,4.0,4.0,0,1679
168000.0,0,0,0,0,0,14175,0,5,0,0,0,0,0,3.0,2.0,0,3.0,3.0,0,1437
137500.0,0,0,0,0,0,11600,0,4,0,0,0,0,0,3.0,1.0,0,2.0,2.0,0,1180
173500.0,0,0,0,0,0,8633,0,6,0,0,0,0,0,4.0,2.0,0,4.0,4.0,0,1476
103600.0,0,0,0,0,0,6629,0,6,0,0,0,0,0,3.0,1.0,0,3.0,3.0,0,1369
165000.0,0,0,0,0,0,11250,1,6,0,0,0,0,0,4.0,2.0,0,3.0,4.0,0,1208
257500.0,0,0,0,0,0,14442,0,6,0,0,0,0,0,3.0,2.0,1,4.0,3.0,0,1839
140000.0,0,0,0,0,0,9200,0,6,0,0,0,0,0,3.0,1.0,0,3.0,3.0,0,1136
148500.0,0,0,0,0,0,2289,0,6,0,0,0,0,0,3.0,2.0,0,3.0,3.0,0,1441
87000.0,0,0,0,0,0,9600,0,4,0,0,0,0,0,3.0,3.0,0,3.0,3.0,0,1774
109500.0,0,0,0,0,0,9022,0,5,0,0,0,0,0,4.0,1.0,0,4.0,3.0,0,792
372500.0,0,0,0,0,0,11844,0,8,0,0,0,1,1,4.0,3.0,0,4.0,5.0,0,2046
128500.0,0,0,0,0,0,9945,0,5,0,0,0,0,0,3.0,2.0,0,3.0,3.0,0,988
143000.0,0,0,0,0,0,8012,0,6,0,0,0,0,0,3.0,1.0,0,3.0,4.0,0,923
159434.0,0,0,0,0,0,4500,0,5,0,0,0,0,0,3.0,1.0,0,3.0,3.0,0,1520
173000.0,0,0,0,0,0,2887,0,6,0,0,0,0,0,3.0,2.0,0,4.0,4.0,0,1291
285000.0,0,0,0,0,0,11248,0,9,0,0,0,0,0,4.0,3.0,0,4.0,4.0,0,1668
221000.0,0,0,0,0,0,16770,0,7,1,0,0,0,0,4.0,2.0,0,3.0,4.0,0,1839
207500.0,0,0,0,0,0,5062,0,7,0,0,0,0,0,4.0,2.0,0,4.0,4.0,0,2090
227875.0,0,0,0,0,0,10207,0,7,0,0,0,1,1,4.0,2.0,0,4.0,4.0,0,1761
148800.0,0,0,0,0,0,5105,0,7,0,0,0,0,0,4.0,2.0,0,4.0,4.0,0,1102
392000.0,0,0,0,0,0,8089,0,8,0,0,0,1,1,4.0,2.0,0,4.0,4.0,0,1419
194700.0,0,0,0,0,0,7577,0,6,0,1,0,0,0,4.0,2.0,0,4.0,4.0,0,1362
141000.0,0,0,0,0,0,4426,0,6,0,0,0,0,0,4.0,2.0,0,4.0,4.0,0,848
755000.0,0,0,0,0,0,21535,0,10,1,0,0,0,0,5.0,3.0,0,5.0,5.0,0,4316
335000.0,0,0,0,0,0,26178,0,7,0,0,0,0,0,4.0,2.0,0,4.0,4.0,0,2519
108480.0,0,0,0,0,0,5400,0,5,0,0,0,0,0,3.0,1.0,0,3.0,3.0,0,1073
141500.0,0,0,0,0,0,6120,0,5,0,0,0,0,0,3.0,2.0,0,3.0,3.0,0,1539
176000.0,0,0,0,0,0,13811,0,6,0,0,0,0,0,3.0,2.0,0,4.0,4.0,0,1137
89000.0,0,0,0,0,0,6000,0,5,0,0,0,0,0,3.0,1.0,0,3.0,3.0,0,616
123500.0,0,0,0,0,0,6420,0,5,0,0,0,0,0,3.0,1.0,0,3.0,5.0,0,1148
138500.0,0,0,0,0,0,8450,0,5,0,0,0,0,0,3.0,1.0,0,3.0,3.0,0,894
196000.0,0,0,0,0,0,4282,0,7,0,0,0,0,0,4.0,2.0,0,4.0,4.0,0,1391
312500.0,0,0,0,0,0,14331,0,8,0,0,0,0,0,4.0,3.0,0,4.0,5.0,0,1800
140000.0,0,0,0,0,0,9600,0,7,0,0,0,0,0,3.0,2.0,0,3.0,3.0,0,1164
361919.0,0,0,0,0,0,12438,0,8,0,0,0,1,1,5.0,3.0,0,5.0,5.0,0,2576
140000.0,0,0,0,0,0,7630,0,5,0,0,0,0,0,3.0,2.0,0,4.0,4.0,0,1812
213000.0,0,0,0,0,0,8400,0,7,0,0,0,0,0,4.0,2.0,0,4.0,4.0,0,1484
55000.0,0,0,0,0,0,5600,0,4,0,0,0,0,0,2.0,0.0,0,2.0,0.0,0,1092
302000.0,0,0,0,0,0,115149,0,7,0,0,0,0,0,3.0,2.0,0,4.0,4.0,0,1824
254000.0,0,0,0,0,0,6240,0,8,0,1,0,0,0,4.0,2.0,0,4.0,4.0,0,1324
179540.0,0,0,0,0,0,9018,0,7,0,0,0,1,1,4.0,2.0,0,4.0,4.0,0,1456
109900.0,0,0,0,0,0,7162,0,5,0,0,0,0,0,3.0,1.0,0,3.0,3.0,0,904
52000.0,0,0,0,0,0,4130,0,3,0,0,0,0,0,4.0,0.0,0,3.0,3.0,0,729
102776.0,0,0,0,0,0,8712,0,4,0,0,0,0,0,3.0,1.0,0,3.0,3.0,0,1178
189000.0,0,0,0,0,0,4671,0,8,0,0,0,0,0,4.0,2.0,0,4.0,4.0,0,1228
129000.0,0,0,0,0,0,9873,0,4,0,0,0,0,0,3.0,2.0,0,3.0,3.0,0,960
130500.0,0,0,0,0,0,13517,0,6,0,0,0,0,0,4.0,2.0,0,4.0,3.0,0,1479
165000.0,0,0,0,0,0,10140,0,6,0,0,0,0,0,3.0,2.0,0,3.0,4.0,0,1350
159500.0,0,0,0,0,0,10800,0,7,0,0,0,0,0,3.0,2.0,0,3.0,3.0,0,2554
157000.0,0,0,0,0,0,10000,0,5,0,0,0,0,0,3.0,2.0,0,4.0,4.0,0,1178
341000.0,0,0,0,0,0,10542,0,7,1,0,0,0,0,4.0,3.0,0,4.0,4.0,0,2418
128500.0,0,0,0,0,0,9920,0,5,0,0,0,0,0,3.0,1.0,0,3.0,4.0,0,971
275000.0,0,0,0,0,0,6563,0,8,0,0,0,0,0,4.0,2.0,0,4.0,4.0,0,1742
143000.0,0,0,0,0,0,4426,0,6,0,0,0,0,0,4.0,2.0,0,4.0,4.0,0,848
124500.0,0,0,0,0,0,8120,0,4,0,0,0,0,0,3.0,2.0,0,3.0,3.0,0,864
135000.0,0,0,0,0,0,8172,0,4,0,0,0,0,0,3.0,1.0,0,3.0,3.0,0,1470
320000.0,0,0,0,0,0,13286,0,9,0,0,0,0,0,5.0,3.0,1,5.0,5.0,0,1698
120500.0,0,0,0,0,0,6960,0,4,0,0,0,0,0,3.0,2.0,0,4.0,3.0,0,864
222000.0,0,0,0,0,0,21695,0,6,0,0,0,0,0,4.0,2.0,0,4.0,4.0,0,1680
194500.0,0,0,0,0,0,7314,0,7,0,0,0,0,0,4.0,2.0,0,4.0,4.0,0,1232
110000.0,0,0,0,0,0,11475,0,5,0,0,0,0,0,3.0,3.0,0,3.0,3.0,0,1776
103000.0,0,0,0,0,0,6240,0,4,0,0,0,0,0,3.0,2.0,0,3.0,3.0,0,1208
236500.0,0,0,0,0,0,5389,0,8,0,0,0,0,0,4.0,2.0,1,4.0,4.0,0,1616
187500.0,0,0,0,0,0,9590,0,7,0,0,0,0,0,4.0,2.0,0,4.0,5.0,0,1146
222500.0,0,0,0,0,0,11404,0,7,0,0,0,0,0,4.0,2.0,0,4.0,4.0,0,2031
131400.0,0,0,0,0,0,10000,0,5,0,0,0,0,0,3.0,1.0,0,3.0,3.0,0,1144
108000.0,0,0,0,0,0,8978,0,5,0,0,0,0,0,3.0,1.0,0,3.0,3.0,0,948
163000.0,0,0,0,0,0,10800,0,7,0,0,0,0,0,3.0,2.0,0,3.0,4.0,0,1768
93500.0,0,0,0,0,0,8544,0,3,0,0,0,0,0,3.0,2.0,0,3.0,0.0,0,1040
239900.0,0,0,0,0,0,10463,0,8,0,0,0,0,0,4.0,3.0,0,4.0,4.0,0,1801
179000.0,0,0,0,0,1,10800,0,5,0,0,0,0,0,3.0,0.0,0,3.0,4.0,0,1200
190000.0,0,0,0,0,0,9313,0,7,0,0,0,0,0,4.0,2.0,0,4.0,4.0,0,1728
132000.0,0,0,0,0,0,9600,0,5,0,0,0,0,0,3.0,2.0,0,3.0,2.0,0,1432
142000.0,0,0,0,0,0,6768,0,6,0,0,0,0,0,3.0,1.0,0,4.0,3.0,0,912
179000.0,0,0,0,0,0,8450,0,7,0,0,0,0,0,3.0,2.0,0,3.0,4.0,0,1349
175000.0,0,0,0,0,0,12886,0,5,0,0,0,0,0,3.0,2.0,0,3.0,4.0,0,1464
180000.0,0,0,0,0,0,5395,0,8,0,0,0,0,0,4.0,2.0,0,4.0,4.0,0,1337
299800.0,0,0,0,0,0,8963,0,8,0,0,0,0,0,5.0,2.0,0,4.0,3.0,0,2715
236000.0,0,0,0,0,0,8795,0,7,0,0,0,0,0,4.0,2.0,0,4.0,4.0,0,2256
265979.0,0,0,0,0,0,11700,0,7,0,0,0,0,0,4.0,4.0,0,4.0,3.0,0,2640
260400.0,0,0,0,0,0,10593,0,7,1,0,0,0,0,4.0,2.0,0,4.0,4.0,0,1720
98000.0,0,0,0,0,0,8405,0,4,0,0,0,0,0,3.0,1.0,0,3.0,0.0,0,1529
96500.0,0,0,0,0,0,8800,0,4,0,0,0,0,0,3.0,0.0,0,3.0,3.0,0,1140
162000.0,0,0,0,0,0,7750,0,7,0,0,0,0,0,4.0,2.0,0,4.0,4.0,0,1320
217000.0,0,0,0,0,0,9236,0,6,0,0,0,0,0,3.0,2.0,0,4.0,4.0,0,1494
275500.0,0,0,0,0,0,10240,0,8,0,1,0,0,0,4.0,3.0,0,5.0,4.0,0,2098
156000.0,0,0,0,0,0,7930,0,6,0,0,0,0,0,3.0,2.0,0,4.0,3.0,0,1026
172500.0,0,0,0,0,0,3230,0,6,0,0,0,0,0,3.0,2.0,0,3.0,4.0,0,1471
212000.0,0,0,0,0,0,10769,0,8,0,0,0,0,0,4.0,2.0,0,4.0,4.0,0,1768
158900.0,0,0,0,0,0,11616,0,6,0,0,0,0,0,3.0,2.0,0,3.0,3.0,0,1386
179400.0,0,0,0,0,0,2280,0,7,0,0,0,0,0,3.0,2.0,0,3.0,4.0,0,1501
290000.0,0,0,0,0,0,12257,0,8,1,0,0,0,0,4.0,3.0,0,4.0,4.0,0,2531
127500.0,0,0,0,0,0,9100,0,6,0,0,0,0,0,3.0,1.0,0,3.0,3.0,0,864
100000.0,0,0,0,0,0,6911,0,5,0,0,0,0,0,3.0,2.0,0,2.0,3.0,0,1301
215200.0,1,0,0,0,0,8640,0,7,0,0,0,0,0,3.0,2.0,0,4.0,4.0,0,1547
337000.0,0,0,0,0,0,9430,0,8,1,0,0,0,0,4.0,3.0,0,4.0,4.0,0,2365
270000.0,0,0,0,0,0,9549,1,8,0,0,0,0,0,4.0,2.0,0,5.0,4.0,0,1494
264132.0,0,0,0,0,0,14587,0,9,0,0,0,1,1,4.0,2.0,0,5.0,4.0,0,1506
196500.0,0,0,0,0,0,10421,0,7,0,0,0,0,0,3.0,2.0,0,3.0,4.0,0,1714
160000.0,0,0,0,0,0,12508,0,6,0,0,0,0,0,3.0,1.0,0,3.0,4.0,0,1750
216837.0,0,0,0,0,0,9100,0,7,0,0,0,0,0,4.0,2.0,0,4.0,4.0,0,1836
538000.0,0,0,0,0,0,53504,0,8,0,0,0,0,0,5.0,3.0,0,5.0,4.0,0,3279
134900.0,0,0,0,0,0,7252,0,5,0,0,0,0,0,3.0,2.0,0,3.0,4.0,0,858
102000.0,0,0,0,0,0,8877,0,4,0,0,0,0,0,3.0,2.0,0,3.0,2.0,0,1220
107000.0,0,0,0,0,0,7819,0,6,0,0,0,0,0,3.0,2.0,0,3.0,3.0,0,1117
114500.0,0,0,0,0,0,10150,0,5,0,0,0,0,0,3.0,1.0,0,3.0,3.0,0,912
395000.0,0,0,0,0,0,14226,0,8,0,1,0,1,1,4.0,3.0,0,4.0,4.0,0,1973
162000.0,0,0,0,0,0,4500,0,6,0,0,0,0,0,3.0,2.0,0,3.0,5.0,0,1204
221500.0,0,0,0,0,0,11210,0,7,0,0,0,1,1,4.0,3.0,0,4.0,4.0,0,1614
142500.0,0,0,0,0,0,13350,0,5,0,0,0,0,0,3.0,2.0,0,3.0,3.0,0,894
144000.0,0,0,0,0,0,8400,0,5,0,0,0,0,0,3.0,2.0,0,3.0,0.0,0,2020
135000.0,0,0,0,0,0,10530,0,6,0,0,0,0,0,3.0,2.0,0,3.0,4.0,0,1004
176000.0,0,0,0,0,0,7875,0,7,0,0,0,0,0,3.0,2.0,0,3.0,4.0,0,1253
175900.0,0,0,0,0,0,7153,0,6,0,0,0,0,0,4.0,2.0,0,4.0,4.0,0,1603
187100.0,0,0,0,0,0,16285,0,7,0,0,0,0,0,4.0,2.0,0,4.0,4.0,0,1430
165500.0,0,0,0,0,0,9101,0,5,0,0,0,0,0,3.0,2.0,0,4.0,4.0,0,1110
128000.0,0,0,0,0,0,6300,0,6,0,0,0,0,0,3.0,0.0,0,3.0,3.0,0,1484
161500.0,0,0,0,0,0,9790,0,6,0,0,0,0,0,3.0,2.0,0,3.0,3.0,0,1342
139000.0,0,0,0,0,0,10800,0,5,0,0,0,0,0,3.0,1.0,0,3.0,2.0,0,1652
233000.0,0,0,0,0,0,10142,0,7,0,0,0,0,0,4.0,2.0,0,4.0,4.0,0,2084
107900.0,0,0,0,0,0,6000,0,4,0,0,0,0,0,3.0,1.0,0,3.0,3.0,0,901
187500.0,0,0,0,0,0,12205,0,6,0,0,0,0,0,3.0,2.0,0,4.0,3.0,0,2087
160200.0,0,0,0,0,0,3182,0,7,0,0,0,0,0,4.0,2.0,0,4.0,4.0,0,1145
146800.0,0,0,0,0,0,11333,0,6,0,0,0,0,0,3.0,2.0,0,3.0,4.0,0,1062
269790.0,0,0,0,0,0,9920,0,7,1,0,0,0,0,4.0,2.0,0,3.0,4.0,0,2013
225000.0,0,0,0,0,0,9158,0,8,0,0,0,1,1,4.0,2.0,1,4.0,4.0,0,1496
194500.0,0,0,0,0,0,10832,0,7,0,0,0,0,0,4.0,2.0,0,4.0,4.0,0,1895
171000.0,0,0,0,0,0,8400,0,6,0,0,0,0,0,3.0,2.0,0,3.0,4.0,0,1564
143500.0,0,0,0,0,0,8197,0,6,0,0,0,0,0,3.0,2.0,0,3.0,3.0,0,1285
110000.0,0,0,0,0,0,7677,0,5,0,0,0,0,0,3.0,1.0,0,3.0,3.0,0,773
485000.0,0,0,0,0,0,13518,0,9,0,1,0,1,1,5.0,3.0,0,5.0,5.0,0,3140
175000.0,0,0,0,0,0,7200,0,5,0,0,0,0,0,3.0,1.0,0,4.0,4.0,0,1768
200000.0,0,0,0,0,0,12798,0,6,0,0,0,0,0,3.0,2.0,0,4.0,4.0,0,1688
109900.0,0,0,0,0,0,4800,0,4,0,0,0,0,0,3.0,2.0,0,3.0,3.0,0,1196
189000.0,0,0,0,0,0,8199,0,7,0,0,0,0,0,4.0,2.0,0,4.0,4.0,0,1456
582933.0,0,0,0,0,0,13891,0,9,0,1,0,1,1,5.0,3.0,0,5.0,5.0,0,2822
118000.0,0,0,0,0,0,9000,0,5,0,0,0,0,0,3.0,1.0,0,3.0,3.0,0,1128
227680.0,0,0,0,0,0,12274,0,7,0,0,0,1,1,4.0,2.0,0,5.0,4.0,0,1428
135500.0,0,0,0,0,0,9750,0,5,0,0,0,0,0,3.0,1.0,0,3.0,3.0,0,980
223500.0,0,0,0,0,0,21384,0,5,0,0,0,0,0,3.0,2.0,0,4.0,3.0,0,1576
159950.0,0,0,0,0,0,13400,0,5,0,0,0,0,0,3.0,2.0,0,3.0,3.0,0,1086
106000.0,0,0,0,0,0,8100,0,5,0,0,0,0,0,3.0,2.0,0,3.0,3.0,0,2138
181000.0,0,0,0,0,0,10140,0,6,0,0,0,0,0,3.0,2.0,0,4.0,3.0,0,1309
144500.0,0,0,0,0,0,4438,0,6,0,0,0,0,0,4.0,2.0,0,4.0,4.0,0,848
55993.0,0,0,0,0,1,8712,0,5,0,0,0,0,0,2.0,2.0,0,2.0,3.0,0,1044
157900.0,0,0,0,0,0,9750,0,6,0,0,0,0,0,3.0,1.0,0,3.0,3.0,0,1442
116000.0,0,0,0,0,0,8248,0,5,0,0,0,0,0,3.0,1.0,0,2.0,3.0,0,1250
224900.0,0,0,0,0,0,12137,0,7,0,0,0,0,0,3.0,2.0,0,4.0,4.0,0,1661
137000.0,0,0,0,0,0,11425,0,5,0,0,0,0,0,3.0,1.0,0,3.0,3.0,0,1008
271000.0,0,0,0,0,0,13265,0,8,0,0,0,0,0,4.0,3.0,1,4.0,4.0,0,1689
155000.0,0,0,0,0,0,8816,0,6,0,0,0,0,0,3.0,2.0,0,3.0,3.0,0,1052
224000.0,0,0,0,0,0,6371,0,7,0,1,0,1,1,4.0,2.0,0,4.0,4.0,0,1358
183000.0,0,0,0,0,0,7226,0,7,0,0,0,0,0,4.0,2.0,0,4.0,4.0,0,1640
93000.0,0,0,0,0,0,6000,0,4,0,0,0,0,0,2.0,2.0,0,3.0,2.0,0,936
225000.0,0,0,0,0,0,12394,0,7,0,0,0,0,0,4.0,2.0,0,4.0,4.0,0,1733
139500.0,0,0,0,0,0,9900,0,6,0,0,0,0,0,3.0,1.0,0,3.0,3.0,0,1489
232600.0,0,0,0,0,0,11216,0,8,0,0,0,1,1,4.0,2.0,0,4.0,4.0,0,1489
385000.0,0,0,0,0,0,14803,0,10,0,1,0,1,1,5.0,3.0,1,5.0,5.0,1,2084
109500.0,0,0,0,0,0,6130,0,5,0,0,0,0,0,3.0,0.0,0,4.0,3.0,0,784
189000.0,0,0,0,0,0,8529,0,7,0,0,0,0,0,4.0,2.0,0,4.0,4.0,0,1434
185000.0,0,0,0,0,0,28698,0,5,0,0,0,0,0,3.0,2.0,0,3.0,3.0,0,2126
147400.0,0,0,0,0,0,2544,0,7,0,0,0,0,0,4.0,2.0,0,4.0,4.0,0,1223
166000.0,0,0,0,0,0,11900,0,6,0,0,0,0,0,3.0,2.0,0,3.0,3.0,0,1392
151000.0,0,0,0,0,0,3180,0,7,0,0,0,0,0,3.0,2.0,0,4.0,4.0,0,1200
237000.0,0,0,0,0,0,9548,0,7,0,0,0,0,0,4.0,2.0,0,4.0,4.0,0,1829
167000.0,0,0,0,0,0,10004,0,6,0,0,0,0,0,3.0,2.0,0,3.0,3.0,0,1516
139950.0,0,0,0,0,0,7875,0,5,0,0,0,0,0,3.0,2.0,0,3.0,3.0,0,1144
128000.0,0,0,0,0,0,9600,0,4,0,0,0,0,0,3.0,2.0,0,4.0,4.0,0,1067
153500.0,0,0,0,0,0,8100,0,5,0,0,0,0,0,3.0,2.0,0,3.0,3.0,0,1559
100000.0,0,0,0,0,0,1680,0,6,0,0,0,0,0,3.0,1.0,0,3.0,3.0,0,987
144000.0,0,0,0,0,0,9525,0,5,0,0,0,0,0,3.0,1.0,0,4.0,4.0,0,1099
130500.0,0,0,0,0,0,11767,0,5,0,0,0,0,0,3.0,1.0,0,3.0,3.0,0,1200
140000.0,0,0,0,0,0,12155,0,6,0,0,0,0,0,3.0,1.0,0,2.0,3.0,0,1482
157500.0,0,0,0,0,0,10440,0,5,0,0,0,0,0,3.0,2.0,0,4.0,3.0,0,1539
174900.0,0,0,0,0,0,9020,0,6,0,0,0,0,0,3.0,2.0,0,3.0,3.0,0,1165
141000.0,0,0,0,0,0,8000,0,5,0,0,0,0,0,3.0,0.0,0,3.0,3.0,0,1800
153900.0,0,0,0,0,0,12665,0,5,0,0,0,0,0,3.0,3.0,0,3.0,3.0,0,1416
171000.0,0,0,0,0,0,16647,0,5,0,0,0,0,0,3.0,2.0,0,3.0,4.0,0,1701
213000.0,0,0,0,0,0,9317,0,7,0,0,0,0,0,4.0,2.0,0,4.0,4.0,0,1775
133500.0,0,0,0,0,0,15523,0,5,0,0,0,0,0,3.0,1.0,0,3.0,3.0,0,864
240000.0,0,0,0,0,0,45600,0,6,0,0,0,0,0,3.0,2.0,0,3.0,3.0,0,2358
187000.0,0,0,0,0,0,9600,1,6,0,0,0,0,0,4.0,2.0,0,3.0,3.0,0,1855
131500.0,0,0,0,0,0,4435,0,6,0,0,0,0,0,4.0,2.0,0,4.0,4.0,0,848
215000.0,0,0,0,0,0,3196,0,8,0,0,0,0,0,4.0,2.0,0,4.0,4.0,0,1456
164000.0,0,0,0,0,0,7128,0,7,0,0,0,0,0,3.0,1.0,0,3.0,3.0,0,1646
158000.0,0,0,0,0,0,12095,0,6,0,0,0,0,0,3.0,2.0,0,3.0,3.0,0,1445
170000.0,0,0,0,0,0,17920,0,5,0,0,0,0,0,3.0,2.0,0,3.0,3.0,0,1779
127000.0,0,0,0,0,0,6897,0,5,0,0,0,0,0,3.0,1.0,0,3.0,3.0,0,1040
147000.0,0,0,0,0,0,10970,0,6,0,0,0,0,0,3.0,2.0,0,3.0,4.0,0,1026
174000.0,0,0,0,0,0,8125,0,6,0,0,0,0,0,3.0,2.0,0,3.0,4.0,0,1481
152000.0,0,0,0,0,0,10400,0,7,0,0,0,0,0,3.0,2.0,0,3.0,4.0,0,1370
250000.0,0,0,0,0,0,11029,0,6,0,0,0,0,0,3.0,2.0,0,4.0,3.0,0,2654
189950.0,0,0,0,0,0,7642,0,7,0,0,0,0,0,4.0,1.0,0,4.0,3.0,0,1426
131500.0,0,0,0,0,0,11625,0,5,0,0,0,0,0,3.0,2.0,0,3.0,3.0,0,1039
152000.0,0,0,0,0,0,9672,0,6,0,0,0,0,0,3.0,2.0,0,3.0,4.0,0,1097
132500.0,0,0,0,0,0,7931,0,5,0,0,0,0,0,3.0,1.0,0,3.0,3.0,0,1148
250580.0,0,0,0,0,0,8640,0,7,0,0,0,1,1,4.0,2.0,0,4.0,5.0,0,1372
148500.0,0,0,0,0,0,8750,0,5,0,0,0,0,0,3.0,2.0,0,3.0,3.0,0,1002
248900.0,0,0,0,0,0,10656,0,8,0,0,0,1,1,4.0,3.0,0,4.0,4.0,0,1646
129000.0,0,0,0,0,0,6970,0,4,0,0,0,0,0,3.0,2.0,0,2.0,3.0,0,1120
169000.0,0,0,0,0,0,14762,0,5,0,0,0,0,0,3.0,2.0,0,3.0,0.0,0,2320
236000.0,0,0,0,0,0,9938,0,7,0,0,0,0,0,4.0,2.0,0,4.0,4.0,0,1949
109500.0,0,0,0,0,0,6600,0,5,0,0,0,0,0,3.0,1.0,0,3.0,3.0,0,894
200500.0,0,0,0,0,0,8750,0,6,0,0,0,0,0,3.0,2.0,0,4.0,4.0,0,1682
116000.0,0,0,0,0,0,8892,0,5,0,0,0,0,0,4.0,2.0,0,4.0,3.0,0,910
133000.0,0,0,0,0,0,12144,0,5,0,0,0,0,0,4.0,1.0,0,3.0,3.0,0,1268
66500.0,0,0,0,0,0,5720,0,5,0,0,0,0,0,3.0,1.0,0,3.0,3.0,0,1131
303477.0,0,0,0,0,0,9000,0,8,0,0,0,1,1,4.0,2.0,1,5.0,4.0,0,2610
132250.0,0,0,0,0,0,25286,0,4,0,0,0,0,0,3.0,2.0,0,3.0,3.0,0,1040
350000.0,0,0,0,0,0,8834,0,9,0,1,0,0,0,4.0,3.0,0,5.0,5.0,0,2224
148000.0,0,0,0,0,0,11782,0,5,0,0,0,0,0,3.0,2.0,0,4.0,3.0,0,1155
136500.0,0,0,0,0,0,7000,0,5,0,0,0,0,0,4.0,1.0,0,3.0,3.0,0,864
157000.0,0,0,0,0,0,7024,0,5,0,0,0,0,0,3.0,2.0,0,3.0,5.0,0,1090
187500.0,0,0,0,0,0,13758,0,7,0,0,0,0,0,4.0,2.0,0,4.0,4.0,0,1717
178000.0,0,0,0,0,0,9636,0,6,0,0,0,0,0,3.0,2.0,0,3.0,4.0,0,1593
118500.0,0,0,0,0,0,6204,0,4,0,0,0,0,0,4.0,1.0,0,3.0,3.0,0,2230
100000.0,0,0,0,0,0,7150,0,5,0,0,0,0,0,3.0,1.0,0,3.0,3.0,0,892
328900.0,0,0,0,0,0,5119,0,9,0,0,0,0,0,4.0,2.0,0,4.0,5.0,0,1709
145000.0,0,0,0,0,0,8393,0,5,0,0,0,0,0,3.0,2.0,0,3.0,3.0,0,1712
135500.0,0,0,0,0,0,16466,0,5,0,0,0,0,0,3.0,1.0,0,3.0,3.0,0,1393
268000.0,0,0,0,0,0,15865,0,8,0,0,0,0,0,4.0,2.0,0,4.0,3.0,0,2217
149500.0,0,0,0,0,0,12160,0,6,0,0,0,0,0,3.0,2.0,0,3.0,3.0,0,1505
122900.0,0,0,0,0,0,8064,0,5,0,0,0,0,0,3.0,2.0,0,3.0,3.0,0,924
172500.0,0,0,0,0,0,11184,0,6,0,0,0,0,0,3.0,2.0,0,3.0,3.0,0,1683
154500.0,0,0,0,0,0,8414,0,6,0,0,0,0,0,3.0,1.0,0,3.0,3.0,0,1068
165000.0,0,0,0,0,0,13284,0,5,0,0,0,0,0,3.0,1.0,0,3.0,4.0,0,1383
118858.0,0,0,0,0,1,7018,0,5,0,0,0,0,0,3.0,2.0,0,3.0,0.0,0,1535
140000.0,0,0,0,0,0,7056,0,6,0,0,0,0,0,3.0,2.0,0,3.0,3.0,0,1796
106500.0,0,0,0,0,0,8765,0,4,0,0,0,0,0,3.0,1.0,0,3.0,3.0,0,951
142953.0,0,0,0,0,1,7018,0,5,0,0,0,0,0,3.0,2.0,0,3.0,0.0,0,2240
611657.0,0,0,0,0,0,12919,0,9,0,1,0,1,1,5.0,3.0,0,5.0,5.0,0,2364
135000.0,0,0,0,0,0,6993,0,5,0,0,0,0,0,3.0,1.0,0,3.0,3.0,0,1236
110000.0,0,0,0,0,0,7340,0,4,0,0,0,0,0,3.0,1.0,0,3.0,3.0,0,858
153000.0,0,0,0,0,0,8712,0,5,0,0,0,0,0,3.0,1.0,0,3.0,3.0,0,1306
180000.0,0,0,0,0,0,7875,0,7,0,0,0,0,0,4.0,2.0,0,4.0,4.0,0,1509
240000.0,0,0,0,0,0,14859,0,7,0,0,0,1,1,4.0,3.0,0,4.0,4.0,0,1670
125500.0,0,0,0,0,0,6173,0,5,0,0,0,0,0,3.0,1.0,0,3.0,3.0,0,902
128000.0,0,0,0,0,0,9920,0,5,0,0,0,0,0,3.0,1.0,0,3.0,3.0,0,1063
255000.0,0,0,0,0,0,13501,0,8,0,0,0,0,0,4.0,3.0,0,4.0,4.0,0,1636
250000.0,0,0,0,0,0,11500,0,7,0,0,0,0,0,4.0,1.0,0,4.0,4.0,0,2057
131000.0,0,0,0,0,0,8885,0,5,0,0,0,0,0,3.0,2.0,0,3.0,4.0,0,902
174000.0,0,0,0,0,0,12589,0,6,0,0,0,0,0,4.0,2.0,0,4.0,4.0,0,1484
154300.0,0,0,0,0,0,11600,0,5,0,0,0,0,0,3.0,2.0,0,3.0,3.0,0,2274
143500.0,0,0,0,0,0,9286,0,5,0,0,0,0,0,3.0,1.0,0,4.0,4.0,0,1268
88000.0,0,0,0,0,0,6120,0,5,0,0,0,0,0,3.0,1.0,0,3.0,3.0,0,1015
145000.0,0,0,0,0,0,6270,0,5,0,0,0,0,0,3.0,3.0,0,3.0,3.0,0,2002
173733.0,0,0,0,0,0,3000,0,6,0,0,0,1,1,4.0,2.0,0,4.0,4.0,0,1224
75000.0,0,0,0,0,0,2001,0,4,0,0,0,0,0,3.0,1.0,1,3.0,3.0,0,1092
35311.0,0,0,0,0,0,9000,0,2,0,0,0,0,0,3.0,1.0,0,3.0,3.0,0,480
135000.0,0,0,0,0,0,17140,0,4,0,0,0,0,0,3.0,1.0,0,3.0,3.0,0,1229
238000.0,0,0,0,0,0,13125,0,7,0,0,0,0,0,4.0,3.0,0,4.0,5.0,0,2127
176500.0,0,0,0,0,0,11029,0,6,0,0,0,0,0,5.0,2.0,0,3.0,4.0,0,1414
201000.0,0,0,0,0,0,8462,0,6,0,0,0,0,0,4.0,2.0,0,4.0,4.0,0,1721
145900.0,0,0,0,0,0,8777,0,5,0,0,0,0,0,3.0,0.0,0,3.0,3.0,0,2200
169990.0,0,0,0,0,0,10237,0,6,0,0,0,1,1,4.0,2.0,0,4.0,4.0,0,1316
193000.0,0,0,0,0,0,8012,0,6,0,0,0,0,0,4.0,2.0,0,4.0,4.0,0,1617
207500.0,0,0,0,0,0,10240,0,6,0,0,0,0,0,3.0,2.0,0,3.0,4.0,0,1686
175000.0,0,0,0,0,0,15611,0,5,0,0,0,0,0,3.0,2.0,0,5.0,4.0,0,1126
285000.0,0,0,0,0,0,11999,0,8,0,1,0,0,0,4.0,3.0,0,5.0,4.0,0,2374
176000.0,0,0,0,0,0,9900,0,7,0,0,0,0,0,3.0,2.0,0,3.0,3.0,0,1978
236500.0,0,0,0,0,0,11838,0,8,0,0,0,0,0,4.0,2.0,0,5.0,4.0,0,1788
222000.0,0,0,0,0,0,13006,0,7,0,0,0,0,0,3.0,2.0,0,4.0,4.0,0,2236
201000.0,0,0,0,0,0,8925,0,8,0,0,0,0,0,4.0,3.0,0,4.0,4.0,0,1466
117500.0,0,0,0,0,0,9100,0,5,0,0,0,0,0,3.0,1.0,0,3.0,3.0,0,925
320000.0,0,0,0,0,0,11670,0,9,0,0,0,0,0,5.0,3.0,0,5.0,5.0,0,1905
190000.0,0,0,0,0,0,8487,0,7,0,0,0,0,0,4.0,2.0,0,4.0,4.0,0,1500
242000.0,0,0,0,0,0,27650,0,7,0,0,0,0,0,3.0,2.0,0,4.0,4.0,0,2069
79900.0,0,0,0,0,0,5825,0,4,0,0,0,0,0,3.0,2.0,0,3.0,2.0,0,747
184900.0,0,0,0,0,0,10083,0,7,0,0,0,0,0,4.0,2.0,0,4.0,4.0,0,1200
253000.0,0,0,0,0,0,9675,0,7,0,0,0,0,0,4.0,2.0,0,4.0,4.0,0,1971
239799.0,0,0,0,0,0,8760,0,7,0,0,0,1,1,4.0,3.0,0,4.0,4.0,0,1962
244400.0,0,0,0,0,0,24090,0,7,0,0,0,0,0,3.0,1.0,0,3.0,3.0,0,2403
150900.0,0,0,0,0,0,12640,0,6,0,0,0,0,0,3.0,2.0,0,3.0,3.0,0,1728
214000.0,0,0,0,0,0,8755,0,7,0,0,0,0,0,4.0,2.0,0,4.0,4.0,0,2060
150000.0,0,0,0,0,0,7711,0,4,0,0,0,0,0,3.0,0.0,0,3.0,4.0,0,1440
143000.0,0,0,0,0,0,25000,0,5,0,0,0,0,0,3.0,2.0,0,3.0,3.0,0,1632
137500.0,0,0,0,0,0,14375,0,6,0,0,0,0,0,3.0,2.0,0,4.0,3.0,0,1344
124900.0,0,0,0,0,0,8820,0,5,0,0,0,0,0,3.0,2.0,0,3.0,3.0,0,1869
143000.0,0,0,0,0,0,8163,0,5,0,0,0,0,0,3.0,1.0,0,3.0,3.0,0,1144
270000.0,0,0,0,0,0,14536,0,8,0,0,0,0,0,4.0,3.0,0,4.0,4.0,0,1629
192500.0,0,0,0,0,0,14006,0,7,0,0,0,0,0,4.0,2.0,0,4.0,4.0,0,1776
197500.0,0,0,0,0,0,9360,0,6,0,0,0,0,0,3.0,2.0,0,4.0,3.0,0,1381
129000.0,0,0,0,0,0,7200,0,5,0,0,0,0,0,3.0,2.0,0,4.0,3.0,0,864
119900.0,0,0,0,0,0,7800,0,5,0,0,0,0,0,3.0,1.0,0,3.0,3.0,0,965
133900.0,0,0,0,0,0,7200,0,5,0,0,0,0,0,3.0,1.0,0,3.0,4.0,0,768
172000.0,0,0,0,0,0,11075,0,5,0,0,0,0,0,3.0,2.0,0,3.0,3.0,0,1968
127500.0,0,0,0,0,0,9400,0,6,0,0,0,0,0,3.0,0.0,0,3.0,4.0,0,980
145000.0,0,0,0,0,0,7136,0,6,0,0,0,0,0,3.0,2.0,0,3.0,4.0,0,1958
124000.0,0,0,0,0,0,1300,0,6,0,0,0,0,0,3.0,2.0,0,3.0,4.0,0,1229
132000.0,0,0,0,0,0,7420,0,5,0,0,0,0,0,3.0,2.0,0,3.0,3.0,0,1057
185000.0,0,0,0,0,0,8450,0,7,0,0,0,0,0,4.0,2.0,0,4.0,4.0,0,1337
155000.0,0,0,0,0,0,2572,0,7,0,0,0,0,0,4.0,2.0,0,4.0,4.0,0,1416
116500.0,0,0,0,0,0,7207,0,5,0,0,0,0,0,3.0,0.0,0,3.0,3.0,0,858
272000.0,0,0,0,0,0,12227,0,6,0,0,0,0,0,3.0,2.0,0,3.0,4.0,0,2872
155000.0,0,0,0,0,0,2308,0,6,0,0,0,0,0,3.0,2.0,0,4.0,4.0,0,1548
239000.0,0,0,0,0,0,11923,0,9,0,0,0,0,0,4.0,2.0,0,5.0,5.0,0,1800
214900.0,0,0,0,0,0,11316,0,7,0,0,0,0,0,4.0,2.0,0,4.0,4.0,0,1894
178900.0,0,0,0,0,0,10237,0,6,0,0,0,1,1,4.0,2.0,0,4.0,4.0,0,1484
160000.0,0,0,0,0,0,9600,0,5,0,0,0,0,0,4.0,1.0,0,3.0,3.0,0,1308
135000.0,0,0,0,0,0,7390,0,5,0,0,0,0,0,3.0,1.0,0,3.0,3.0,0,1098
37900.0,0,0,0,0,0,5925,0,3,0,0,1,0,0,3.0,0.0,0,3.0,3.0,0,968
140000.0,0,0,0,0,0,10382,0,6,0,0,0,0,0,3.0,1.0,0,3.0,3.0,0,1095
135000.0,0,0,0,0,0,10800,0,4,0,0,0,0,0,3.0,0.0,0,3.0,3.0,0,1192
173000.0,0,0,0,0,0,2268,0,7,0,1,0,0,0,4.0,2.0,0,4.0,4.0,0,1626
99500.0,0,0,0,0,0,7892,0,6,0,0,0,0,0,3.0,1.0,0,3.0,4.0,0,918
182000.0,0,0,0,0,0,11639,0,7,0,0,0,1,1,4.0,2.0,1,4.0,4.0,0,1428
167500.0,0,0,0,0,0,11414,0,7,0,0,0,0,0,3.0,2.0,0,4.0,4.0,0,2019
165000.0,0,0,0,0,0,2651,0,7,0,0,0,0,0,4.0,2.0,0,4.0,4.0,0,1382
85500.0,0,0,0,0,0,5900,0,4,0,0,0,0,0,3.0,0.0,0,2.0,4.0,0,869
199900.0,0,0,0,0,0,4274,0,7,0,0,0,1,1,4.0,2.0,0,4.0,4.0,0,1241
110000.0,0,0,0,0,0,9450,0,4,0,0,0,0,0,3.0,2.0,0,3.0,3.0,0,894
139000.0,0,0,0,0,0,8816,0,5,0,0,0,0,0,3.0,2.0,0,3.0,3.0,0,1121
178400.0,0,0,0,0,0,12122,0,7,0,0,0,0,0,5.0,2.0,1,5.0,3.0,0,999
336000.0,0,0,0,0,0,12203,0,8,1,0,0,0,0,4.0,3.0,0,4.0,4.0,0,2612
159895.0,0,0,0,0,0,3182,0,7,0,0,0,0,0,4.0,2.0,0,4.0,4.0,0,1266
255900.0,0,0,0,0,0,11250,0,8,0,0,0,0,0,4.0,2.0,1,4.0,4.0,0,2290
126000.0,0,0,0,0,0,10125,0,5,0,0,0,0,0,3.0,2.0,0,4.0,0.0,0,1734
125000.0,0,0,0,0,0,10880,0,5,0,0,0,0,0,3.0,1.0,0,3.0,3.0,0,1164
117000.0,0,0,0,0,0,5310,0,6,0,0,0,0,0,3.0,1.0,0,4.0,3.0,0,1635
395192.0,0,0,0,0,0,10159,0,9,0,1,0,1,1,5.0,3.0,0,5.0,5.0,0,1940
195000.0,0,0,0,0,0,12046,0,6,0,0,0,0,0,3.0,2.0,0,4.0,3.0,0,2030
197000.0,0,0,0,0,0,8125,0,7,0,0,0,1,1,4.0,2.0,0,4.0,4.0,0,1576
348000.0,0,0,0,0,0,9452,0,8,1,0,0,0,0,4.0,3.0,0,4.0,4.0,0,2392
168000.0,0,0,0,0,0,17671,0,8,0,0,0,0,0,4.0,2.0,0,4.0,3.0,0,1742
187000.0,0,0,0,0,0,9760,0,6,0,0,0,0,0,3.0,2.0,0,4.0,3.0,0,1851
173900.0,0,0,0,0,0,8846,0,6,0,0,0,1,1,3.0,2.0,0,4.0,4.0,0,1500
337500.0,0,0,0,0,0,12456,0,10,0,1,0,0,0,5.0,3.0,1,5.0,5.0,0,1718
121600.0,0,0,0,0,0,4712,0,4,0,0,0,0,0,3.0,1.0,0,3.0,3.0,0,1230
136500.0,0,0,0,0,0,10659,0,5,0,0,0,0,0,3.0,1.0,0,3.0,3.0,0,1050
185000.0,0,0,0,0,0,11717,0,6,0,0,0,0,0,3.0,2.0,0,3.0,3.0,0,1442
91000.0,0,0,0,0,0,9786,0,3,0,0,0,0,0,3.0,1.0,0,3.0,3.0,0,1077
206000.0,0,0,0,0,0,6762,0,7,0,0,0,0,0,4.0,2.0,0,4.0,4.0,0,1208
82000.0,0,0,0,0,0,10206,0,3,0,0,0,0,0,3.0,2.0,0,2.0,0.0,0,944
86000.0,0,0,0,0,0,5400,0,5,0,0,0,0,0,3.0,1.0,0,5.0,2.0,0,691
232000.0,0,0,0,0,0,11957,0,8,0,0,0,0,0,4.0,3.0,0,4.0,4.0,0,1574
136905.0,0,1,0,0,0,11500,0,5,0,0,0,0,0,3.0,2.0,0,3.0,3.0,0,1680
181000.0,0,0,0,0,0,3182,0,7,0,0,0,0,0,4.0,2.0,0,4.0,4.0,0,1504
149900.0,0,0,0,0,0,8385,0,5,0,0,0,0,0,4.0,1.0,0,3.0,4.0,0,985
163500.0,0,0,0,0,0,12155,0,6,0,0,0,0,0,3.0,2.0,0,3.0,4.0,0,1657
88000.0,0,0,0,0,0,2217,0,4,0,0,0,0,0,3.0,1.0,1,3.0,3.0,0,1092
240000.0,0,0,0,0,0,12118,0,7,0,0,0,0,0,4.0,2.0,0,4.0,5.0,0,1710
102000.0,0,0,0,0,0,6000,0,5,0,0,0,0,0,3.0,0.0,0,3.0,3.0,0,1522
135000.0,0,0,0,0,0,21286,0,5,0,0,0,0,0,3.0,1.0,0,3.0,3.0,0,1271
100000.0,0,0,0,0,0,9825,0,5,0,0,0,0,0,3.0,0.0,0,3.0,0.0,0,1664
165000.0,0,0,0,0,0,10592,0,6,0,0,0,0,0,3.0,1.0,0,4.0,3.0,0,1502
85000.0,0,0,0,0,0,7200,0,5,0,0,0,0,0,3.0,1.0,0,3.0,3.0,0,1022
119200.0,0,0,0,0,0,11664,0,6,0,0,0,0,0,3.0,1.0,0,3.0,3.0,0,1082
227000.0,0,0,0,0,0,8400,0,8,0,0,0,0,0,4.0,2.0,0,4.0,4.0,0,1665
203000.0,0,0,0,0,0,11883,0,7,0,0,0,0,0,4.0,2.0,0,4.0,4.0,0,1504
187500.0,0,0,0,0,0,5814,0,8,0,0,0,0,0,4.0,2.0,0,4.0,4.0,0,1360
160000.0,0,0,0,0,0,10784,0,7,0,0,0,0,0,4.0,2.0,0,4.0,4.0,0,1472
213490.0,0,0,0,0,0,3013,0,7,0,0,0,0,0,4.0,2.0,0,4.0,4.0,0,1506
176000.0,0,0,0,0,0,7024,0,4,0,0,0,0,0,3.0,2.0,0,4.0,4.0,0,1132
194000.0,0,0,0,0,0,7406,0,7,0,0,0,1,1,4.0,2.0,0,4.0,4.0,0,1220
87000.0,0,0,0,0,0,9439,0,5,0,0,0,0,0,3.0,1.0,0,3.0,3.0,0,1248
191000.0,0,0,0,0,0,3182,0,7,0,0,0,0,0,4.0,2.0,0,4.0,4.0,0,1504
287000.0,0,0,0,0,0,15498,0,8,0,0,0,0,0,4.0,2.0,0,4.0,4.0,0,2898
112500.0,0,0,0,0,0,7700,0,5,0,0,0,0,0,3.0,2.0,0,3.0,3.0,0,882
167500.0,0,0,0,0,0,9300,0,5,0,0,0,0,0,3.0,2.0,0,3.0,3.0,0,1264
293077.0,0,0,0,0,0,9520,0,8,0,0,0,1,1,4.0,3.0,0,4.0,4.0,0,1646
105000.0,0,0,0,0,0,9492,0,5,0,0,0,0,0,3.0,1.0,0,3.0,3.0,0,1376
118000.0,0,0,0,0,0,1680,0,6,0,0,0,0,0,3.0,1.0,0,3.0,3.0,0,1218
160000.0,0,0,0,0,0,7082,0,5,0,0,0,0,0,3.0,0.0,0,3.0,3.0,0,1928
197000.0,0,0,0,0,0,15863,0,7,0,0,0,0,0,3.0,2.0,0,3.0,3.0,0,3082
310000.0,0,0,0,0,0,14541,0,8,1,0,0,0,0,4.0,3.0,0,4.0,4.0,0,2520
230000.0,0,0,0,0,0,8125,0,7,0,0,0,0,0,4.0,3.0,0,4.0,4.0,0,1654
119750.0,0,0,0,0,0,6305,0,5,0,0,0,0,0,3.0,1.0,0,2.0,2.0,0,954
84000.0,0,0,0,0,0,11500,0,4,0,0,0,0,0,3.0,1.0,0,3.0,0.0,0,845
315500.0,0,0,0,0,0,12898,0,9,0,0,0,0,0,4.0,3.0,0,5.0,5.0,0,1620
287000.0,0,0,0,0,0,9240,0,8,0,0,0,0,0,4.0,2.0,0,4.0,4.0,0,2263
97000.0,0,0,0,0,0,1533,0,4,0,0,0,0,0,3.0,0.0,1,3.0,3.0,0,1344
80000.0,0,0,0,0,0,1477,0,4,0,0,0,0,0,3.0,1.0,1,3.0,4.0,0,630
155000.0,0,0,0,0,0,13125,0,5,0,0,0,0,0,3.0,2.0,0,3.0,3.0,0,1803
173000.0,0,0,0,0,0,9130,0,6,0,0,0,0,0,3.0,2.0,0,4.0,3.0,0,1632
196000.0,0,0,0,0,0,5381,0,6,0,1,0,0,0,4.0,2.0,0,4.0,4.0,0,1306
262280.0,0,0,0,0,0,11839,0,7,0,0,0,0,0,3.0,2.0,0,4.0,4.0,0,2329
278000.0,0,0,0,0,0,9600,0,8,0,0,0,0,0,4.0,2.0,0,4.0,4.0,0,2524
139600.0,0,0,0,0,0,13680,0,3,0,0,0,0,0,3.0,2.0,0,3.0,0.0,0,1733
556581.0,0,0,0,0,0,16056,0,9,0,0,0,1,1,4.0,3.0,1,5.0,5.0,0,2868
145000.0,0,0,0,0,0,9245,0,5,0,0,0,0,0,3.0,2.0,0,3.0,4.0,0,990
115000.0,0,0,0,0,0,21750,0,5,0,0,0,0,0,3.0,2.0,0,3.0,0.0,0,1771
84900.0,0,0,0,0,0,11100,0,4,0,0,0,0,0,3.0,1.0,0,4.0,0.0,0,930
176485.0,0,0,0,0,0,8993,0,7,0,0,0,1,1,4.0,2.0,0,4.0,4.0,0,1302
200141.0,0,0,0,0,0,11175,0,7,0,0,0,1,1,4.0,2.0,0,4.0,4.0,0,1316
165000.0,0,0,0,0,0,9500,0,6,0,0,0,0,0,3.0,2.0,0,3.0,3.0,0,1977
144500.0,0,0,0,0,0,8562,0,5,0,0,0,0,0,3.0,1.0,0,3.0,3.0,0,1526
255000.0,0,0,0,0,0,11367,0,8,0,0,0,0,0,4.0,2.0,0,4.0,4.0,0,1989
180000.0,0,0,0,0,0,11361,0,6,0,0,0,0,0,3.0,2.0,0,3.0,4.0,0,1523
185850.0,0,0,0,0,0,7052,0,7,0,1,0,0,0,4.0,2.0,0,4.0,4.0,0,1364
248000.0,0,0,0,0,0,29959,0,7,1,0,0,0,0,4.0,2.0,0,4.0,4.0,0,1850
335000.0,0,0,0,0,0,11308,0,9,0,1,0,0,0,5.0,3.0,0,5.0,5.0,0,2184
220000.0,0,0,0,0,0,11275,0,6,0,0,0,0,0,3.0,2.0,0,3.0,3.0,0,1991
213500.0,0,0,0,0,0,4920,0,8,0,0,0,0,0,4.0,2.0,1,4.0,4.0,0,1338
81000.0,0,0,0,0,0,18000,0,3,0,0,0,0,0,2.0,3.0,0,3.0,3.0,0,894
90000.0,0,0,0,0,0,13600,0,5,0,0,0,0,0,3.0,2.0,0,3.0,3.0,0,2337
110500.0,0,0,0,0,0,6000,0,6,0,0,0,0,0,3.0,2.0,0,4.0,3.0,0,1103
154000.0,0,0,0,0,0,11000,0,5,0,0,0,0,0,3.0,2.0,0,3.0,3.0,0,1154
328000.0,0,0,0,0,0,14000,0,7,0,0,0,0,0,4.0,2.0,0,4.0,5.0,0,2260
178000.0,0,0,0,0,0,7837,0,6,0,0,0,0,0,4.0,2.0,0,3.0,4.0,0,1571
167900.0,0,0,0,0,0,9760,0,6,0,0,0,0,0,3.0,2.0,0,3.0,3.0,0,1611
151400.0,0,0,0,0,0,3964,0,6,0,0,0,0,0,3.0,2.0,1,3.0,4.0,0,2521
135000.0,0,0,0,0,0,9600,0,5,0,0,0,0,0,3.0,2.0,0,4.0,3.0,0,893
135000.0,0,0,0,0,0,10152,0,5,0,0,0,0,0,3.0,1.0,0,3.0,3.0,0,1048
154000.0,0,0,0,0,0,11700,0,6,0,0,0,0,0,3.0,2.0,0,3.0,3.0,0,1556
91500.0,0,0,0,0,0,7585,0,5,0,0,0,0,0,3.0,1.0,0,3.0,2.0,0,1456
159500.0,0,0,0,0,0,7950,0,6,0,0,0,0,0,3.0,2.0,0,3.0,3.0,0,1426
194000.0,0,0,0,0,0,8556,0,7,0,0,0,0,0,4.0,3.0,0,4.0,4.0,0,1240
219500.0,0,0,0,0,0,13125,0,7,0,0,0,0,0,3.0,1.0,0,3.0,3.0,0,1740
170000.0,0,0,0,0,0,10800,0,5,0,0,0,0,0,3.0,2.0,0,4.0,2.0,0,1466
138800.0,0,0,0,0,0,15870,0,5,0,0,0,0,0,3.0,1.0,0,3.0,3.0,0,1096
155900.0,0,0,0,0,0,4435,0,6,0,0,0,0,0,4.0,2.0,0,4.0,4.0,0,848
126000.0,0,0,0,0,0,8775,0,5,0,0,0,0,0,3.0,1.0,0,3.0,4.0,0,990
145000.0,0,0,0,0,0,11040,0,6,0,0,0,0,0,4.0,2.0,0,4.0,3.0,0,1258
133000.0,0,0,0,0,0,7500,0,5,0,0,0,0,0,3.0,1.0,0,3.0,3.0,0,1040
192000.0,0,0,0,0,0,8749,0,7,0,0,0,0,0,4.0,2.0,0,4.0,4.0,0,1459
160000.0,0,0,0,0,0,8800,0,6,0,0,0,0,0,3.0,1.0,0,3.0,3.0,0,1251
187500.0,0,0,0,0,0,13031,0,6,0,0,0,0,0,3.0,2.0,0,3.0,4.0,0,1498
147000.0,0,0,0,0,0,9069,0,6,0,0,0,0,0,3.0,2.0,0,4.0,4.0,0,996
83500.0,0,0,0,0,0,1974,0,4,0,0,0,0,0,3.0,1.0,1,3.0,3.0,0,1092
252000.0,0,0,0,0,0,10574,0,8,0,0,0,0,0,4.0,3.0,0,4.0,4.0,0,1953
137500.0,0,0,0,0,0,2522,0,7,0,0,0,0,0,4.0,2.0,0,4.0,4.0,0,1709
197000.0,0,0,0,0,0,3316,0,8,0,0,0,0,0,4.0,2.0,0,4.0,4.0,0,1247
92900.0,0,0,0,0,0,8544,0,3,0,0,0,0,0,3.0,2.0,0,3.0,0.0,0,1040
160000.0,0,0,0,0,0,2160,0,7,0,0,0,0,0,4.0,2.0,0,4.0,4.0,0,1252
136500.0,0,0,0,0,0,8400,0,6,0,0,0,0,0,3.0,2.0,0,3.0,3.0,0,1694
146000.0,0,0,0,0,0,9230,0,5,0,0,0,0,0,3.0,2.0,0,4.0,3.0,0,1200
129000.0,0,0,0,0,0,5868,0,5,0,0,0,0,0,3.0,1.0,0,3.0,3.0,0,936
176432.0,0,0,0,0,0,9317,0,6,0,0,0,0,0,4.0,2.0,0,4.0,4.0,0,1314
127000.0,0,0,0,0,0,6882,0,6,0,0,0,0,0,3.0,0.0,0,4.0,3.0,0,1355
170000.0,0,0,0,0,0,3696,0,8,0,0,0,0,0,4.0,2.0,0,4.0,4.0,0,1088
128000.0,0,0,0,0,0,6000,0,4,0,0,0,0,0,3.0,1.0,0,3.0,3.0,0,1324
157000.0,0,0,0,0,0,11880,0,7,0,0,0,0,0,3.0,2.0,0,3.0,4.0,0,1601
60000.0,0,0,0,0,0,8400,0,2,0,0,0,0,0,3.0,1.0,0,2.0,3.0,0,438
119500.0,0,0,0,0,0,9758,0,5,0,0,0,0,0,3.0,1.0,0,3.0,3.0,0,950
135000.0,0,0,0,0,0,7000,0,5,0,0,0,0,0,3.0,1.0,0,3.0,3.0,0,1134
159500.0,0,0,0,0,0,8910,0,6,0,0,0,0,0,3.0,2.0,0,3.0,3.0,0,1194
106000.0,0,0,0,0,0,2016,0,5,0,0,0,0,0,3.0,2.0,0,3.0,3.0,0,1302
325000.0,0,0,0,0,0,12256,0,8,1,0,0,0,0,4.0,2.0,0,4.0,5.0,0,2622
179900.0,0,0,0,0,0,10357,0,7,0,0,0,0,0,4.0,2.0,0,4.0,4.0,0,1442
274725.0,0,0,0,0,0,23257,0,7,0,0,0,1,1,4.0,2.0,0,4.0,5.0,0,2021
181000.0,0,0,0,0,0,8063,0,6,0,0,0,0,0,3.0,2.0,0,3.0,4.0,0,1690
280000.0,0,0,0,0,0,11362,0,8,0,1,0,0,0,4.0,3.0,0,4.0,5.0,0,1836
188000.0,0,0,0,0,0,8000,0,6,0,0,0,0,0,3.0,2.0,0,3.0,4.0,0,1658
205000.0,0,0,0,0,0,10480,0,7,0,0,0,0,0,3.0,2.0,0,3.0,3.0,0,1964
129900.0,0,0,0,0,0,7100,0,5,0,0,0,0,0,3.0,1.0,0,3.0,3.0,0,816
134500.0,0,0,0,0,0,8923,0,5,0,0,0,0,0,3.0,1.0,0,4.0,3.0,0,1008
117000.0,0,0,0,0,0,5400,0,5,0,0,0,0,0,3.0,1.0,0,4.0,3.0,0,833
318000.0,0,0,0,0,0,12085,0,8,0,1,0,1,1,4.0,3.0,0,5.0,5.0,0,1734
184100.0,0,0,0,0,0,7750,0,8,0,0,0,0,0,4.0,2.0,0,4.0,4.0,0,1419
130000.0,0,0,0,0,0,9764,0,5,0,0,0,0,0,3.0,2.0,0,4.0,3.0,0,894
140000.0,0,0,0,0,0,13825,0,5,0,0,0,0,0,3.0,1.0,0,3.0,3.0,0,1601
133700.0,0,0,0,0,0,7560,0,5,0,0,0,0,0,3.0,1.0,0,3.0,3.0,0,1040
118400.0,0,0,0,0,0,8263,0,6,0,0,0,0,0,3.0,1.0,0,3.0,3.0,0,1012
212900.0,0,0,0,0,0,10084,0,7,0,0,0,1,1,4.0,3.0,0,4.0,4.0,0,1552
112000.0,0,0,0,0,0,8926,0,4,0,0,0,0,0,3.0,1.0,0,3.0,3.0,0,960
118000.0,0,0,0,0,0,9405,0,5,0,0,0,0,0,3.0,0.0,0,3.0,3.0,0,698
163900.0,0,0,0,0,0,9125,0,7,0,0,0,0,0,3.0,2.0,0,4.0,4.0,0,1482
115000.0,0,0,0,0,0,10434,0,4,0,0,0,0,0,3.0,2.0,0,2.0,3.0,0,1005
174000.0,0,0,0,0,0,3684,0,7,0,0,0,0,0,4.0,3.0,0,4.0,4.0,0,1555
259000.0,0,0,0,0,0,14572,0,7,0,0,0,0,0,4.0,3.0,0,4.0,4.0,0,1530
215000.0,0,0,0,0,0,11796,0,7,0,0,0,0,0,4.0,2.0,0,4.0,4.0,0,1959
140000.0,0,0,0,0,0,7200,0,5,0,0,0,0,0,3.0,2.0,0,3.0,4.0,0,936
135000.0,0,0,0,0,0,7804,0,4,0,0,0,0,0,3.0,2.0,0,4.0,3.0,0,1981
93500.0,0,0,0,0,0,10712,0,5,0,0,0,0,0,3.0,0.0,0,3.0,4.0,0,974
117500.0,0,0,0,0,0,9900,0,6,0,0,0,0,0,3.0,1.0,0,2.0,3.0,0,2210
239500.0,0,0,0,0,0,9828,0,8,0,0,0,0,0,4.0,2.0,0,4.0,4.0,0,2020
169000.0,0,0,0,0,0,8773,0,6,0,0,0,0,0,3.0,2.0,0,3.0,4.0,0,1600
102000.0,0,0,0,0,0,6180,0,6,0,0,0,0,0,3.0,1.0,0,3.0,3.0,0,986
119000.0,0,0,0,0,0,9600,0,6,0,0,0,0,0,3.0,1.0,0,3.0,3.0,0,1252
94000.0,0,0,0,0,0,6342,0,5,0,0,0,0,0,3.0,0.0,0,3.0,3.0,0,1020
196000.0,0,0,0,0,0,9819,0,6,0,0,0,0,0,3.0,2.0,0,4.0,3.0,0,1567
144000.0,0,0,0,0,0,8731,0,5,0,0,0,0,0,3.0,2.0,0,3.0,3.0,0,1167
139000.0,0,0,0,0,0,7350,0,5,0,0,0,0,0,3.0,2.0,0,3.0,3.0,0,952
197500.0,0,0,0,0,0,10304,0,5,0,0,0,0,0,3.0,2.0,0,4.0,3.0,0,1868
424870.0,0,0,0,0,0,9965,0,8,0,0,0,1,1,4.0,3.0,0,4.0,5.0,0,2828
80000.0,0,0,0,0,0,9000,0,5,0,0,0,0,0,3.0,0.0,0,3.0,3.0,0,1006
80000.0,0,0,0,0,0,12180,0,4,0,0,1,0,0,3.0,1.0,0,2.0,4.0,0,924
149000.0,0,0,0,0,0,6240,0,5,0,0,0,0,0,3.0,1.0,0,3.0,3.0,0,1576
180000.0,0,0,0,0,0,11200,0,6,0,0,0,0,0,4.0,2.0,0,4.0,4.0,0,1298
174500.0,0,0,0,0,0,12000,0,7,0,0,0,0,0,3.0,1.0,0,2.0,3.0,0,1564
116900.0,0,0,0,0,0,5700,0,7,0,0,0,0,0,3.0,1.0,0,3.0,3.0,0,1111
143000.0,0,0,0,0,0,9000,0,7,0,0,0,0,0,3.0,2.0,0,3.0,3.0,0,1482
124000.0,0,0,0,0,0,8280,0,6,0,0,0,0,0,3.0,1.0,0,4.0,3.0,0,932
149900.0,0,0,0,0,0,17755,0,5,0,0,0,0,0,3.0,2.0,0,2.0,3.0,0,1466
230000.0,0,0,0,0,0,14115,0,6,0,0,0,0,0,3.0,2.0,0,5.0,3.0,0,1811
120500.0,0,0,0,0,0,5890,0,6,0,0,0,0,0,4.0,1.0,0,3.0,3.0,0,816
201800.0,0,0,0,0,0,13700,0,7,0,0,0,0,0,3.0,2.0,0,4.0,3.0,0,1820
218000.0,0,0,0,0,0,10768,1,5,0,0,0,0,0,4.0,2.0,0,4.0,4.0,0,1437
179900.0,0,0,0,0,0,9350,0,5,0,0,0,0,0,3.0,2.0,0,4.0,3.0,0,1265
230000.0,0,0,0,0,0,5001,0,7,0,1,0,0,0,4.0,2.0,0,4.0,4.0,0,1314
235128.0,0,0,0,0,0,11932,0,8,0,0,0,1,0,4.0,3.0,0,4.0,4.0,0,1580
185000.0,0,0,0,0,0,9120,0,6,0,0,0,0,0,4.0,2.0,0,4.0,3.0,0,1876
146000.0,0,0,0,0,0,2280,0,6,0,0,0,0,0,3.0,2.0,0,3.0,4.0,0,1456
224000.0,0,0,0,0,0,14778,0,6,0,0,0,0,0,4.0,2.0,0,4.0,3.0,0,1640
129000.0,0,0,0,0,0,8724,0,5,0,0,0,0,0,3.0,2.0,0,3.0,4.0,0,894
108959.0,0,0,0,0,1,12900,0,4,0,0,0,0,0,3.0,2.0,0,3.0,4.0,0,1258
194000.0,0,0,0,0,0,16157,1,5,0,0,0,0,0,3.0,2.0,0,4.0,4.0,0,1432
233170.0,0,0,0,0,0,9541,0,7,0,1,0,1,1,4.0,2.0,0,4.0,4.0,0,1502
245350.0,0,0,0,0,0,10475,0,8,0,0,0,0,0,4.0,3.0,0,4.0,4.0,0,1694
173000.0,0,0,0,0,0,10852,0,6,0,0,0,0,0,3.0,2.0,0,3.0,4.0,0,1671
235000.0,0,0,0,0,0,13728,0,6,0,0,0,0,0,3.0,2.0,0,4.0,3.0,0,2108
625000.0,0,0,0,0,0,35760,0,10,1,0,0,0,0,4.0,3.0,0,4.0,5.0,0,3627
171000.0,0,0,0,0,0,9880,0,6,0,0,0,0,0,3.0,1.0,0,3.0,3.0,0,1118
163000.0,0,0,0,0,0,9120,0,6,0,0,0,0,0,3.0,2.0,0,3.0,3.0,0,1261
171900.0,0,0,0,0,0,4017,0,7,0,0,0,0,0,4.0,2.0,0,4.0,4.0,0,1250
200500.0,0,0,0,0,0,18030,0,5,0,0,0,0,0,3.0,0.0,0,5.0,3.0,0,3086
239000.0,0,0,0,0,0,16560,0,6,0,0,0,0,0,3.0,2.0,0,3.0,4.0,0,2345
285000.0,0,0,0,0,0,10678,0,8,1,0,0,0,0,4.0,2.0,0,4.0,4.0,0,2872
119500.0,0,0,0,0,0,6951,0,5,0,0,0,0,0,3.0,1.0,0,3.0,3.0,0,923
115000.0,0,0,0,0,0,3950,0,6,0,0,0,0,0,3.0,1.0,0,3.0,3.0,0,1224
154900.0,0,0,0,0,0,7681,0,5,0,0,0,0,0,3.0,1.0,0,3.0,3.0,0,1343
93000.0,0,0,0,0,0,8335,0,5,0,0,0,0,0,3.0,0.0,0,3.0,0.0,0,1124
250000.0,0,0,0,0,0,11170,0,7,0,0,0,0,0,3.0,2.0,0,3.0,4.0,0,2514
392500.0,0,0,0,0,0,5587,0,8,0,0,0,1,1,5.0,2.0,1,4.0,5.0,0,1652
745000.0,0,0,0,0,0,15623,0,10,1,0,0,0,0,4.0,3.0,0,5.0,5.0,0,4476
120000.0,0,0,0,0,0,10800,0,5,0,0,0,0,0,3.0,2.0,0,3.0,3.0,0,1130
186700.0,0,0,0,0,0,35133,0,5,0,0,0,0,0,3.0,3.0,0,3.0,3.0,0,1572
104900.0,0,0,0,0,0,9738,0,5,0,0,0,0,0,3.0,1.0,0,3.0,3.0,0,1221
95000.0,0,0,0,0,0,10615,0,3,0,0,0,0,0,3.0,2.0,0,3.0,2.0,0,1699
262000.0,0,0,0,0,0,12461,0,8,1,0,0,0,0,4.0,3.0,0,4.0,4.0,0,1624
195000.0,0,0,0,0,0,8935,0,7,0,0,0,0,0,4.0,2.0,0,4.0,4.0,0,1660
189000.0,0,0,0,0,0,7500,0,7,0,0,0,0,0,3.0,2.0,0,4.0,3.0,0,1804
168000.0,0,0,0,0,0,32463,0,4,0,0,0,0,0,3.0,4.0,0,3.0,3.0,0,1622
174000.0,0,0,0,0,0,2645,0,8,0,0,0,0,0,4.0,2.0,0,4.0,4.0,0,1441
125000.0,0,0,0,0,0,9600,0,5,0,0,0,0,0,3.0,1.0,0,4.0,3.0,0,1472
165000.0,0,0,0,0,0,4500,0,6,0,0,0,0,0,3.0,2.0,0,3.0,5.0,0,1224
158000.0,0,0,0,0,0,9364,0,6,0,0,0,0,0,3.0,1.0,0,3.0,3.0,0,1352
176000.0,0,0,0,0,0,8029,0,6,0,0,0,0,0,3.0,2.0,0,4.0,4.0,0,1456
219210.0,0,0,0,0,0,14054,0,7,0,0,0,1,1,4.0,3.0,0,4.0,4.0,0,1863
144000.0,0,0,0,0,0,8850,0,7,0,0,0,0,0,3.0,1.0,0,3.0,3.0,0,1690
178000.0,0,0,0,0,0,9100,0,7,0,0,0,0,0,4.0,2.0,0,4.0,4.0,0,1212
148000.0,0,0,0,0,0,11235,0,4,0,0,0,0,0,3.0,2.0,0,3.0,3.0,0,1382
116050.0,0,0,0,0,0,9353,0,4,0,0,0,0,0,3.0,1.0,0,3.0,3.0,0,864
197900.0,0,0,0,0,0,10400,0,7,0,0,0,0,0,3.0,2.0,0,4.0,4.0,0,1779
117000.0,0,0,0,0,0,6000,0,5,0,0,0,0,0,3.0,1.0,0,3.0,3.0,0,1348
213000.0,0,0,0,0,0,9750,0,7,0,0,0,0,0,4.0,2.0,0,4.0,4.0,0,1630
153500.0,0,0,0,0,0,10140,0,5,0,0,0,0,0,3.0,2.0,0,3.0,4.0,0,1074
271900.0,0,0,0,0,0,14684,0,7,0,0,0,0,0,4.0,3.0,0,4.0,4.0,0,2196
107000.0,0,0,0,0,0,8900,0,4,0,0,0,0,0,3.0,1.0,0,3.0,3.0,0,1056
200000.0,0,0,0,0,0,9135,0,6,0,0,0,0,0,4.0,2.0,0,4.0,4.0,0,1700
140000.0,0,0,0,0,0,7763,0,5,0,0,0,0,0,3.0,2.0,0,3.0,3.0,0,1283
290000.0,0,0,0,0,0,10182,0,8,0,0,0,1,1,4.0,2.0,0,4.0,5.0,0,1660
189000.0,0,0,0,0,0,11218,0,6,0,0,0,0,0,4.0,2.0,0,4.0,4.0,0,1845
164000.0,0,0,0,0,0,12134,0,8,0,0,0,0,0,4.0,2.0,0,3.0,4.0,0,1752
113000.0,0,0,0,0,0,9340,0,4,0,0,0,0,0,3.0,1.0,0,3.0,3.0,0,672
145000.0,0,0,0,0,0,10246,0,4,0,0,0,0,0,3.0,1.0,0,3.0,3.0,0,960
134500.0,0,0,0,0,0,10205,0,5,0,0,0,0,0,3.0,1.0,0,3.0,3.0,0,999
125000.0,0,0,0,0,0,7094,0,5,0,0,0,0,0,3.0,1.0,0,3.0,3.0,0,894
112000.0,0,0,0,0,0,8930,0,6,0,0,0,0,0,3.0,2.0,0,3.0,0.0,0,1902
229456.0,0,0,0,0,0,8640,0,8,0,0,0,1,1,4.0,2.0,1,4.0,4.0,0,1314
80500.0,0,0,0,0,0,6240,0,4,0,0,0,0,0,3.0,0.0,0,3.0,0.0,0,912
91500.0,0,0,0,0,0,1680,0,6,0,0,0,0,0,3.0,0.0,1,3.0,3.0,0,1218
115000.0,0,0,0,0,0,7800,0,5,0,0,0,0,0,3.0,1.0,0,3.0,3.0,0,912
134000.0,0,0,0,0,0,8250,0,5,0,0,0,0,0,3.0,1.0,0,3.0,3.0,0,1211
143000.0,0,0,0,0,0,10496,0,6,0,0,0,0,0,3.0,1.0,0,3.0,3.0,0,1846
137900.0,0,0,0,0,0,10680,0,5,0,0,0,0,0,3.0,2.0,0,3.0,3.0,0,2136
184000.0,0,0,0,0,0,15384,0,7,0,0,0,0,0,4.0,2.0,0,4.0,4.0,0,1490
145000.0,0,0,0,0,0,10482,0,6,0,0,0,0,0,3.0,1.0,0,3.0,3.0,0,1138
214000.0,0,0,0,0,0,14598,0,6,0,0,0,0,0,4.0,3.0,0,4.0,4.0,0,1933
147000.0,0,0,0,0,0,8872,0,5,0,0,0,0,0,3.0,2.0,0,4.0,3.0,0,912
367294.0,0,0,0,0,0,8769,0,9,0,1,0,1,1,5.0,3.0,0,5.0,5.0,0,1702
127000.0,0,0,0,0,0,7910,0,5,0,0,0,0,0,3.0,1.0,0,3.0,3.0,0,1507
190000.0,0,0,0,0,0,18890,0,5,0,0,0,0,0,3.0,2.0,0,3.0,4.0,0,2620
132500.0,0,0,0,0,0,7728,0,5,0,0,0,0,0,3.0,2.0,0,3.0,3.0,0,1190
101800.0,0,0,0,0,0,9842,0,4,0,0,0,0,0,3.0,2.0,0,3.0,0.0,0,1224
142000.0,0,0,0,0,0,12160,0,5,0,0,0,0,0,3.0,2.0,0,3.0,3.0,0,1188
130000.0,0,0,0,0,0,8525,0,5,0,0,0,0,0,3.0,0.0,0,3.0,3.0,0,1964
138887.0,0,0,0,0,0,13132,0,5,0,0,0,0,0,3.0,1.0,0,3.0,4.0,0,1784
175500.0,0,0,0,0,0,2628,0,7,0,1,0,0,0,4.0,2.0,0,4.0,4.0,0,1626
195000.0,0,0,0,0,0,12393,0,7,0,0,0,0,0,4.0,2.0,0,4.0,4.0,0,1948
142500.0,0,0,0,0,0,13072,0,6,0,0,0,0,0,4.0,2.0,0,3.0,4.0,0,1141
265900.0,0,0,0,0,0,9037,0,8,0,0,0,0,0,4.0,2.0,0,5.0,4.0,0,1484
224900.0,0,0,0,0,0,8158,0,7,0,0,0,0,0,4.0,2.0,0,4.0,4.0,0,1768
248328.0,0,0,0,0,0,9849,0,7,0,0,0,1,1,4.0,3.0,0,4.0,4.0,0,1689
170000.0,0,0,0,0,0,10625,0,7,0,0,0,0,0,3.0,2.0,0,4.0,4.0,0,1173
465000.0,0,0,0,0,0,13891,0,10,0,1,0,1,1,5.0,3.0,0,5.0,5.0,0,2076
230000.0,0,0,0,0,0,11435,0,8,0,0,0,0,0,3.0,2.0,0,4.0,4.0,0,1517
178000.0,0,0,0,0,0,12090,0,6,0,0,0,0,0,3.0,2.0,0,3.0,4.0,0,1868
186500.0,0,0,0,0,0,8125,0,7,0,0,0,1,1,4.0,2.0,0,4.0,4.0,0,1553
169900.0,0,0,0,0,0,12328,0,6,0,0,0,0,0,3.0,3.0,0,3.0,3.0,0,1034
129500.0,0,0,0,0,0,9600,0,6,0,0,0,0,0,3.0,2.0,0,3.0,4.0,0,2058
119000.0,0,0,0,0,0,7200,0,5,0,0,0,0,0,3.0,1.0,0,3.0,3.0,0,988
244000.0,0,0,0,0,0,11160,0,7,0,0,0,0,0,4.0,2.0,0,5.0,3.0,0,2110
171750.0,0,0,0,0,0,3136,0,7,0,1,0,0,0,4.0,2.0,0,4.0,4.0,0,1405
130000.0,0,0,0,0,0,9858,0,5,0,0,0,0,0,3.0,1.0,0,3.0,3.0,0,874
294000.0,0,0,0,0,0,17542,1,7,0,0,0,0,0,4.0,2.0,0,4.0,3.0,0,2167
165400.0,0,0,0,0,0,6931,0,7,0,0,0,0,0,4.0,2.0,0,4.0,4.0,0,1656
127500.0,0,0,0,0,0,6240,0,6,0,0,0,0,0,3.0,1.0,0,3.0,3.0,0,1367
301500.0,0,0,0,0,0,14303,0,8,1,0,0,0,0,4.0,2.0,0,4.0,4.0,0,1987
99900.0,0,0,0,0,0,4060,0,5,0,0,0,0,0,3.0,0.0,0,3.0,2.0,0,864
190000.0,0,0,0,0,0,9587,0,7,0,0,0,0,0,4.0,2.0,0,4.0,4.0,0,1166
151000.0,0,0,0,0,0,9750,0,6,0,0,0,0,0,3.0,2.0,0,3.0,4.0,0,1054
181000.0,0,0,0,0,0,24682,0,6,0,0,0,0,0,3.0,2.0,0,3.0,4.0,0,1675
128900.0,0,0,0,0,0,9600,0,5,0,0,0,0,0,3.0,1.0,0,3.0,3.0,0,1050
161500.0,0,0,0,0,0,11250,0,4,0,0,0,0,0,3.0,1.0,0,3.0,3.0,0,1788
180500.0,0,0,0,0,0,13515,0,6,0,0,0,0,0,3.0,2.0,0,3.0,3.0,0,1824
181000.0,0,0,0,0,0,4060,0,6,0,0,0,0,0,4.0,2.0,0,4.0,4.0,0,1337
183900.0,0,0,0,0,0,3735,0,7,0,0,0,0,0,4.0,2.0,0,4.0,4.0,0,1452
122000.0,0,0,0,0,0,10120,0,7,0,0,0,0,0,2.0,1.0,0,3.0,3.0,0,1889
378500.0,0,0,0,0,0,13214,0,9,0,0,0,0,0,5.0,3.0,1,5.0,5.0,0,2018
381000.0,0,0,0,0,0,14100,0,8,0,0,0,0,0,3.0,3.0,0,4.0,3.0,0,3447
144000.0,0,0,0,0,0,11344,0,5,0,0,0,0,0,3.0,1.0,0,3.0,3.0,0,1524
260000.0,0,0,0,0,0,23595,0,7,0,0,0,0,0,4.0,2.0,0,4.0,4.0,0,1524
185750.0,0,0,0,0,0,9156,0,6,0,0,0,0,0,3.0,2.0,0,4.0,3.0,0,1489
137000.0,0,0,0,0,0,13526,0,5,0,0,0,0,0,3.0,1.0,0,3.0,3.0,0,935
177000.0,0,0,0,0,0,11512,0,6,0,0,0,0,0,3.0,1.0,0,5.0,3.0,0,1357
139000.0,0,0,0,0,0,5362,0,5,0,0,0,0,0,3.0,2.0,0,3.0,3.0,0,1250
137000.0,0,0,0,0,0,11345,0,5,0,0,0,0,0,3.0,2.0,0,3.0,3.0,0,1920
162000.0,0,0,0,0,0,12936,0,6,0,0,0,0,0,3.0,2.0,0,3.0,3.0,0,1395
197900.0,0,0,0,0,0,17871,0,6,0,0,0,0,0,3.0,2.0,0,3.0,4.0,0,1724
237000.0,0,0,0,0,0,9473,0,8,0,0,0,0,0,4.0,2.0,0,4.0,4.0,0,2031
68400.0,0,0,0,0,0,7500,0,4,0,0,0,0,0,3.0,2.0,0,3.0,3.0,0,1128
227000.0,0,0,0,0,0,9808,0,7,0,0,0,0,0,4.0,2.0,0,4.0,4.0,0,1573
180000.0,0,0,0,0,0,8049,0,7,0,0,0,0,0,3.0,2.0,0,3.0,4.0,0,1339
150500.0,0,0,0,0,0,8800,0,5,0,0,0,0,0,3.0,2.0,0,4.0,4.0,0,1040
139000.0,0,0,0,0,0,9400,0,6,0,0,0,0,0,3.0,0.0,0,3.0,3.0,0,1824
169000.0,0,0,0,0,0,9638,0,6,0,0,0,0,0,3.0,1.0,0,4.0,3.0,0,2447
132500.0,0,0,0,0,0,6000,0,6,0,0,0,0,0,3.0,1.0,0,3.0,3.0,0,1412
143000.0,0,0,0,0,0,9790,0,6,0,0,0,0,0,3.0,2.0,0,3.0,3.0,0,1328
190000.0,0,0,0,0,0,36500,0,5,0,0,0,0,0,3.0,2.0,0,3.0,3.0,0,1582
278000.0,0,0,0,0,0,5664,0,8,0,0,0,0,0,4.0,2.0,1,5.0,4.0,0,1659
281000.0,0,0,0,0,0,11065,0,8,0,1,0,1,1,4.0,3.0,0,5.0,4.0,0,1970
180500.0,0,0,0,0,0,14112,0,5,0,0,0,0,0,3.0,2.0,0,3.0,3.0,0,1152
119500.0,0,0,0,0,0,1680,0,5,0,0,0,0,0,3.0,1.0,1,3.0,3.0,0,1302
107500.0,0,0,0,0,0,6600,0,5,0,0,0,0,0,3.0,1.0,0,3.0,3.0,0,2372
162900.0,0,0,0,0,0,10140,0,7,0,0,0,0,0,3.0,2.0,0,3.0,4.0,0,1664
115000.0,0,0,0,0,0,8172,0,5,0,0,0,0,0,3.0,2.0,0,3.0,3.0,0,864
138500.0,0,0,0,0,0,8400,0,5,0,0,0,0,0,3.0,1.0,0,3.0,3.0,0,1052
155000.0,0,0,0,0,0,8700,0,5,0,0,0,0,0,3.0,2.0,0,3.0,3.0,0,1128
140000.0,0,0,0,0,0,3675,0,6,0,0,0,1,1,3.0,2.0,0,3.0,4.0,0,1072
160000.0,0,0,0,0,0,63887,0,10,0,0,0,1,1,5.0,2.0,0,5.0,5.0,0,5642
154000.0,0,0,0,0,0,7500,0,5,0,0,0,0,0,3.0,1.0,0,4.0,3.0,0,1246
225000.0,0,0,0,0,0,10762,0,7,0,0,0,0,0,4.0,2.0,0,4.0,4.0,0,1983
177500.0,0,0,0,0,0,7500,0,6,0,0,0,0,0,3.0,1.0,0,4.0,3.0,0,1494
290000.0,0,0,0,0,0,10120,0,8,1,0,0,0,0,4.0,3.0,0,4.0,4.0,0,2526
232000.0,0,0,0,0,0,8688,0,7,0,0,0,0,0,4.0,3.0,0,4.0,4.0,0,1616
130000.0,0,0,0,0,0,3363,0,7,0,0,0,0,0,4.0,2.0,0,4.0,4.0,0,1708
325000.0,0,0,0,0,0,13173,0,9,0,1,0,0,0,4.0,2.0,0,5.0,5.0,0,1652
202500.0,0,0,0,0,0,6955,0,7,0,1,0,1,1,4.0,2.0,0,4.0,4.0,0,1368
138000.0,0,0,0,0,0,8072,0,5,0,0,0,0,0,3.0,2.0,0,3.0,4.0,0,990
147000.0,0,0,0,0,0,12000,0,5,0,0,0,0,0,3.0,2.0,0,4.0,3.0,0,1122
179200.0,0,0,0,0,0,7153,0,6,0,0,0,0,0,3.0,2.0,0,4.0,4.0,0,1294
335000.0,0,0,0,0,0,17500,0,7,0,0,0,0,0,4.0,2.0,0,5.0,4.0,0,1902
203000.0,0,0,0,0,0,8814,0,7,0,0,0,1,1,4.0,2.0,0,4.0,4.0,0,1274
302000.0,0,0,0,0,0,9572,0,8,1,0,0,0,0,4.0,2.0,0,4.0,5.0,0,2810
333168.0,0,0,0,0,0,14774,0,9,1,0,0,0,0,4.0,3.0,0,4.0,4.0,0,2599
119000.0,0,0,0,0,0,8190,0,4,0,0,0,0,0,3.0,1.0,0,3.0,3.0,0,948
206900.0,0,0,0,0,0,11075,0,6,0,0,0,0,0,3.0,2.0,0,3.0,2.0,0,2112
295493.0,0,0,0,0,0,10226,0,8,0,0,0,0,0,4.0,3.0,0,5.0,5.0,0,1630
208900.0,0,0,0,0,0,4230,0,7,0,0,0,1,1,4.0,2.0,0,4.0,5.0,0,1352
275000.0,0,0,0,0,0,14781,0,8,0,0,0,0,0,4.0,3.0,0,4.0,4.0,0,1787
111000.0,0,0,0,0,0,10215,0,4,0,0,0,0,0,3.0,1.0,0,3.0,3.0,0,948
156500.0,0,0,0,0,0,8400,0,6,0,0,0,0,0,3.0,2.0,0,3.0,3.0,0,1478
72500.0,0,0,1,0,0,6627,0,3,0,0,0,0,0,3.0,1.0,0,3.0,0.0,0,720
190000.0,0,0,0,0,0,10186,0,7,1,0,0,0,0,4.0,2.0,0,4.0,4.0,0,1923
82500.0,0,0,0,0,0,5330,0,4,0,0,0,0,0,2.0,0.0,0,2.0,3.0,0,708
147000.0,0,0,0,0,0,9986,0,8,0,0,0,1,1,4.0,3.0,0,4.0,5.0,0,1795
55000.0,0,0,0,0,0,3636,0,4,0,0,0,0,0,3.0,0.0,0,3.0,3.0,0,796
79000.0,0,0,0,0,0,4270,0,3,0,0,0,0,0,3.0,0.0,0,4.0,3.0,0,774
130500.0,0,0,0,0,0,6600,0,5,0,0,0,0,0,4.0,1.0,0,4.0,3.0,0,816
256000.0,0,0,0,0,0,10440,0,6,0,0,0,0,0,4.0,2.0,0,3.0,4.0,0,2792
176500.0,0,0,0,0,0,9084,0,7,0,0,0,0,0,3.0,2.0,0,3.0,4.0,0,1632
227000.0,0,0,0,0,0,10000,0,8,0,0,0,0,0,4.0,3.0,0,4.0,4.0,0,1588
132500.0,0,0,0,0,0,10780,0,5,0,0,0,0,0,3.0,2.0,0,3.0,3.0,0,954
100000.0,0,0,0,0,0,8877,0,4,0,0,0,0,0,3.0,1.0,0,3.0,3.0,0,816
125500.0,0,0,0,0,0,7200,0,5,0,0,0,0,0,3.0,1.0,0,4.0,3.0,0,1360
125000.0,0,0,0,0,0,2368,0,5,0,0,0,0,0,3.0,2.0,0,3.0,3.0,0,1365
167900.0,0,0,0,0,0,9650,0,6,0,0,0,0,0,3.0,2.0,0,3.0,4.0,0,1334
135000.0,0,0,0,0,0,9246,0,5,0,0,0,0,0,3.0,2.0,0,3.0,3.0,0,1656
52500.0,0,0,0,0,0,4118,0,4,0,0,1,0,0,3.0,0.0,0,2.0,3.0,0,693
200000.0,0,0,0,0,0,13450,0,7,0,0,0,0,0,4.0,2.0,0,4.0,4.0,0,1861
128500.0,0,0,0,0,0,9560,0,5,0,0,0,0,0,3.0,1.0,0,3.0,3.0,0,864
123000.0,0,0,0,0,0,8294,0,4,0,0,0,0,0,3.0,4.0,0,3.0,3.0,0,872
155000.0,0,0,0,0,0,13695,0,6,0,0,0,0,0,3.0,2.0,0,4.0,4.0,0,1114
228500.0,0,0,0,0,0,9375,0,8,0,0,0,0,0,4.0,2.0,0,4.0,4.0,0,2169
177000.0,0,0,0,0,0,7558,0,6,0,0,0,0,0,3.0,2.0,0,3.0,3.0,0,1913
155835.0,0,0,0,0,0,11103,0,7,0,0,0,1,1,4.0,2.0,0,4.0,4.0,0,1456
108500.0,0,0,0,0,0,6000,0,4,0,0,0,0,0,3.0,1.0,0,2.0,3.0,0,960
262500.0,0,0,0,0,0,20781,0,7,0,0,0,0,0,3.0,2.0,0,3.0,3.0,0,2156
283463.0,0,0,0,0,0,15306,0,8,0,0,0,1,1,4.0,3.0,0,4.0,5.0,0,1776
215000.0,0,0,0,0,0,16196,0,7,0,0,0,0,0,4.0,2.0,0,4.0,4.0,0,1494
122000.0,0,0,0,0,0,5250,0,8,0,0,0,0,0,3.0,0.0,0,3.0,3.0,0,2358
200000.0,0,0,0,0,0,11643,0,5,0,0,0,0,0,3.0,4.0,0,3.0,3.0,0,2634
171000.0,0,0,0,0,0,9247,0,6,0,0,0,0,0,3.0,2.0,0,3.0,3.0,0,1716
134900.0,0,0,0,0,0,6000,0,6,0,0,0,0,0,4.0,2.0,0,3.0,3.0,0,1176
410000.0,0,0,0,0,0,14720,0,8,1,0,0,0,0,4.0,3.0,0,4.0,4.0,0,3238
235000.0,0,0,0,0,0,10316,0,7,0,0,0,0,0,4.0,3.0,0,4.0,4.0,0,1865
170000.0,0,0,0,0,0,10192,0,7,0,0,0,0,0,3.0,2.0,0,4.0,3.0,0,1920
110000.0,0,0,0,0,0,9477,0,5,0,0,0,0,0,3.0,1.0,0,3.0,3.0,0,892
149900.0,0,0,0,0,0,12537,0,5,0,0,0,0,0,3.0,2.0,0,3.0,3.0,0,1078
177500.0,0,0,0,0,0,2117,0,6,0,0,0,0,0,4.0,2.0,0,4.0,4.0,0,1573
315000.0,0,0,0,0,0,16737,0,9,0,1,0,0,0,4.0,3.0,0,5.0,5.0,0,1980
189000.0,0,0,0,0,0,9842,0,5,0,0,0,0,0,3.0,2.0,0,3.0,3.0,0,2601
260000.0,0,0,0,0,0,16158,0,7,0,0,0,0,0,4.0,2.0,0,4.0,5.0,0,1530
104900.0,0,0,0,0,0,12513,0,4,0,0,0,0,0,3.0,1.0,0,3.0,3.0,0,1738
156932.0,0,0,0,0,0,8499,0,6,0,0,0,1,1,3.0,2.0,0,4.0,4.0,0,1412
144152.0,0,0,0,0,0,3180,0,7,0,0,0,0,0,4.0,2.0,0,4.0,4.0,0,1200
216000.0,0,0,0,0,0,7500,0,7,0,0,0,0,0,4.0,2.0,0,4.0,4.0,0,1674
193000.0,0,0,0,0,0,9179,0,7,0,0,0,0,0,4.0,2.0,0,4.0,4.0,0,1790
127000.0,0,0,0,0,0,2665,0,5,0,0,0,0,0,3.0,1.0,1,3.0,3.0,0,1475
144000.0,0,0,0,0,0,4435,0,6,0,0,0,0,0,4.0,2.0,0,4.0,4.0,0,848
232000.0,0,0,0,0,0,10635,0,8,0,0,0,0,0,4.0,2.0,0,4.0,4.0,0,1668
105000.0,0,0,0,0,0,5400,0,4,0,0,0,0,0,2.0,1.0,0,3.0,3.0,0,1374
165500.0,0,0,0,0,0,9600,0,6,0,0,0,0,0,3.0,1.0,0,4.0,3.0,0,1661
274300.0,0,0,0,0,0,9750,0,7,0,0,0,0,0,3.0,2.0,0,4.0,4.0,0,2097
466500.0,0,0,0,0,0,11400,0,10,1,0,0,0,0,5.0,3.0,0,5.0,5.0,0,2633
250000.0,0,0,0,0,0,10625,0,7,0,0,0,0,0,4.0,3.0,1,4.0,4.0,0,1958
239000.0,0,0,0,0,0,10991,0,8,0,0,0,1,1,4.0,3.0,0,4.0,4.0,0,1571
91000.0,0,0,0,0,0,6292,0,6,0,0,0,0,0,3.0,1.0,0,3.0,4.0,0,790
117000.0,0,0,0,0,0,10998,0,5,0,0,0,0,0,3.0,2.0,0,3.0,3.0,0,1604
83000.0,0,0,0,0,0,1953,0,6,0,0,0,0,0,3.0,1.0,0,3.0,3.0,0,987
167500.0,0,0,0,0,0,9735,0,5,0,0,0,0,0,3.0,2.0,0,4.0,4.0,0,1394
58500.0,0,0,0,0,0,8212,0,3,0,0,0,0,0,3.0,1.0,0,3.0,3.0,0,864
237500.0,0,0,0,0,0,12925,0,6,0,0,0,0,0,3.0,2.0,0,3.0,3.0,0,2117
157000.0,0,0,0,0,0,7200,0,7,0,0,0,0,0,3.0,2.0,0,4.0,2.0,0,1762
112000.0,0,0,0,0,0,25339,0,5,0,0,0,0,0,3.0,2.0,0,4.0,3.0,0,1416
105000.0,0,0,0,0,0,9060,0,6,0,0,0,0,0,3.0,1.0,0,3.0,3.0,0,1258
125500.0,0,0,0,0,0,5436,0,4,0,0,0,0,0,3.0,1.0,0,4.0,3.0,0,1154
250000.0,0,0,0,0,0,16692,0,7,0,0,0,0,0,3.0,2.0,0,4.0,4.0,0,2784
136000.0,0,0,0,0,0,8520,0,6,0,0,0,0,0,3.0,1.0,0,4.0,3.0,0,2526
377500.0,0,0,0,0,0,14892,0,9,0,0,0,0,0,5.0,3.0,0,5.0,5.0,0,1746
131000.0,0,0,0,0,0,6000,0,6,0,0,0,0,0,3.0,2.0,0,3.0,3.0,0,1218
235000.0,0,0,0,0,0,9100,0,7,0,0,0,0,0,4.0,2.0,0,4.0,4.0,0,1525
124000.0,0,0,0,0,0,8944,0,5,0,0,0,0,0,3.0,3.0,0,3.0,3.0,0,1584
123000.0,0,0,0,0,0,7838,0,5,0,0,0,0,0,3.0,1.0,0,3.0,3.0,0,900
163000.0,0,0,0,0,0,10800,0,6,0,0,0,0,0,3.0,2.0,0,3.0,2.0,0,1912
246578.0,0,0,0,0,0,4045,0,7,0,0,0,1,1,4.0,3.0,0,4.0,4.0,0,1500
281213.0,0,0,0,0,0,12665,0,8,0,0,0,0,0,4.0,3.0,0,4.0,4.0,0,2482
160000.0,0,0,0,0,0,57200,0,5,0,0,0,0,0,3.0,2.0,0,3.0,3.0,0,1687
137500.0,0,0,0,0,0,6120,0,5,0,0,0,0,0,3.0,1.0,0,3.0,3.0,0,1513
138000.0,0,0,0,0,0,7200,0,5,0,0,0,0,0,3.0,1.0,0,3.0,3.0,0,1904
137450.0,0,0,0,0,0,6171,0,6,0,0,0,0,0,3.0,1.0,0,4.0,3.0,0,1608
120000.0,0,0,0,0,0,6000,0,6,0,0,0,0,0,3.0,1.0,0,3.0,3.0,0,1158
193000.0,0,0,0,0,0,7415,0,6,0,0,0,0,0,3.0,2.0,0,3.0,3.0,0,1593
193879.0,0,0,0,0,0,6762,0,7,0,0,0,1,1,4.0,2.0,0,4.0,4.0,0,1294
282922.0,0,0,0,0,0,15256,0,8,0,0,0,0,0,4.0,3.0,0,4.0,4.0,0,1464
105000.0,0,0,0,0,0,10410,0,3,0,0,0,0,0,3.0,3.0,0,3.0,3.0,0,1214
275000.0,0,0,0,0,0,3842,0,8,0,0,0,0,0,4.0,2.0,1,4.0,5.0,0,1646
133000.0,0,0,0,0,0,8445,0,5,0,0,0,0,0,3.0,2.0,0,3.0,4.0,0,768
112000.0,0,0,0,0,0,8780,0,5,0,0,0,0,0,3.0,0.0,0,3.0,3.0,0,833
125500.0,0,0,0,0,0,7740,0,4,0,0,0,0,0,3.0,2.0,0,3.0,2.0,0,1363
215000.0,0,0,0,0,0,20544,0,7,0,0,0,0,0,3.0,2.0,0,3.0,4.0,0,2093
230000.0,0,0,0,0,0,12420,0,7,0,0,0,0,0,4.0,2.0,0,4.0,4.0,0,1840
140000.0,0,0,0,0,0,9600,0,6,0,0,0,0,0,3.0,1.0,0,3.0,3.0,0,1668
90000.0,0,0,0,0,0,7200,0,4,0,0,0,0,0,3.0,2.0,0,3.0,0.0,0,1040
257000.0,0,0,0,0,0,10994,0,8,0,0,0,0,0,4.0,2.0,0,4.0,4.0,0,1844
207000.0,0,0,0,0,0,13053,0,6,0,0,0,0,0,3.0,2.0,0,4.0,3.0,0,1848
175900.0,0,0,0,0,0,3635,0,7,0,0,0,0,0,4.0,3.0,0,4.0,4.0,0,1569
122500.0,0,0,0,0,0,11340,0,4,0,0,0,0,0,3.0,2.0,0,3.0,3.0,0,2290
340000.0,0,0,0,0,0,16545,0,8,1,0,0,0,0,4.0,3.0,0,4.0,4.0,0,2450
124000.0,0,0,0,0,0,9204,0,5,0,0,0,0,0,3.0,1.0,0,3.0,3.0,0,1144
223000.0,0,0,0,0,0,16381,0,6,0,0,0,0,0,4.0,2.0,0,4.0,3.0,0,1844
179900.0,0,0,0,0,0,11700,0,6,0,0,0,0,0,3.0,2.0,0,3.0,3.0,0,1416
127500.0,0,0,0,0,0,4043,0,6,0,0,0,0,0,3.0,2.0,0,3.0,4.0,0,1069
136500.0,0,0,0,0,0,4435,0,6,0,0,0,0,0,4.0,2.0,0,4.0,4.0,0,848
274970.0,0,0,0,0,1,19690,0,6,0,0,0,0,0,4.0,2.0,0,4.0,4.0,0,2201
144000.0,0,0,0,0,0,9503,0,5,0,0,0,0,0,3.0,1.0,0,3.0,3.0,0,1344
142000.0,0,0,0,0,0,10721,0,6,0,0,0,0,0,4.0,2.0,0,4.0,3.0,0,1252
271000.0,0,0,0,0,0,10944,0,7,1,0,0,0,0,4.0,2.0,0,4.0,4.0,0,2127
140000.0,0,0,0,0,0,10930,0,5,0,0,0,0,0,3.0,1.0,0,3.0,3.0,0,1558
119000.0,0,0,0,0,0,7200,0,5,0,0,0,0,0,3.0,1.0,0,4.0,3.0,0,804
182900.0,0,0,0,0,0,12546,0,6,0,0,0,0,0,4.0,2.0,0,4.0,4.0,0,1440
192140.0,0,0,0,0,0,21930,0,5,0,0,0,0,0,4.0,2.0,0,3.0,4.0,0,1838
143750.0,0,0,0,0,0,4928,0,6,0,0,0,0,0,3.0,2.0,0,3.0,4.0,0,958
64500.0,0,0,0,0,0,10800,0,4,0,0,0,0,0,3.0,1.0,0,3.0,3.0,0,968
186500.0,0,0,0,0,0,10261,0,6,0,0,0,0,0,3.0,2.0,0,3.0,4.0,0,1792
160000.0,0,0,0,0,0,17400,0,5,0,0,0,0,0,3.0,2.0,0,3.0,3.0,0,1126
174000.0,0,0,0,0,0,8400,0,6,0,0,0,0,0,4.0,2.0,0,4.0,3.0,0,1537
120500.0,0,0,0,0,0,9000,0,4,0,0,0,0,0,3.0,2.0,0,3.0,3.0,0,864
394617.0,0,0,0,0,0,12444,0,8,0,1,0,1,1,5.0,3.0,0,5.0,5.0,0,1932
149700.0,0,0,0,0,0,7407,0,6,0,0,0,0,0,3.0,2.0,0,3.0,3.0,0,1236
197000.0,0,0,0,0,0,11584,0,7,0,0,0,0,0,3.0,2.0,0,3.0,3.0,0,1725
191000.0,0,0,0,0,0,11526,0,6,0,0,0,0,0,3.0,2.0,0,3.0,5.0,0,2555
149300.0,0,0,0,0,0,4426,0,6,0,0,0,0,0,4.0,2.0,0,4.0,4.0,0,848
310000.0,0,0,0,0,0,11003,0,10,0,0,0,0,0,5.0,3.0,0,5.0,5.0,0,2007
121000.0,0,0,0,0,0,8854,0,6,0,0,1,0,0,3.0,1.0,0,2.0,3.0,0,952
179600.0,0,0,0,0,0,8500,0,7,0,0,0,0,0,4.0,2.0,0,4.0,4.0,0,1422
129000.0,0,0,0,0,0,8400,0,6,0,0,0,0,0,3.0,1.0,0,3.0,3.0,0,913
157900.0,0,0,0,0,0,26142,0,5,0,0,0,0,0,3.0,1.0,0,3.0,3.0,0,1188
240000.0,0,0,0,0,0,10000,0,8,0,0,0,0,0,4.0,2.0,0,4.0,4.0,0,2090
112000.0,0,0,0,0,0,11767,0,4,0,0,0,0,0,3.0,1.0,0,3.0,2.0,0,1346
92000.0,0,0,0,0,0,1533,0,5,0,0,0,0,0,3.0,0.0,1,5.0,4.0,0,630
136000.0,0,0,0,0,0,9000,0,5,0,0,0,0,0,3.0,0.0,0,3.0,4.0,0,1792
287090.0,0,0,0,0,0,9262,0,8,0,0,0,1,1,4.0,3.0,1,5.0,4.0,0,1578
145000.0,0,0,0,0,0,3675,0,5,0,0,0,0,0,3.0,2.0,0,3.0,4.0,0,1072
84500.0,0,0,0,0,0,17217,0,5,0,0,0,0,0,3.0,0.0,0,3.0,4.0,0,1140
185000.0,0,0,0,0,0,7500,0,7,0,0,0,0,0,4.0,2.0,0,4.0,4.0,0,1221
175000.0,0,0,0,0,0,7917,0,6,0,0,0,0,0,3.0,2.0,0,3.0,4.0,0,1647
210000.0,0,0,0,0,0,13175,0,6,0,0,0,0,0,3.0,2.0,0,3.0,4.0,0,2073
266500.0,0,0,0,0,0,9042,0,7,0,0,0,0,0,5.0,1.0,1,4.0,3.0,0,2340
142125.0,0,0,0,0,0,9717,0,5,0,0,0,0,0,3.0,1.0,0,4.0,3.0,0,1078
147500.0,0,0,0,0,0,9937,0,5,0,0,0,0,0,4.0,1.0,0,3.0,3.0,0,1256
